easyqdaFormat,ts,user,action,code,annotationKey,citekey,creator,year,title,pageLabel,text
history/2,2026-06-08T09:03:00.000Z,Anna,add,Arbeitsbelastung in der Pflege (Demo)/Belastung/Zeitdruck,DEMO0001,Station-1,Demo,2026,Interview Station-1,1,Der Zeitdruck hat in dieser Zeit spürbar zugenommen
history/2,2026-06-08T09:06:00.000Z,Anna,add,Arbeitsbelastung in der Pflege (Demo)/Belastung/Zeitdruck,DEMO0002,Station-1,Demo,2026,Interview Station-1,1,wir hetzen oft von einem Zimmer zum nächsten
history/2,2026-06-08T09:12:00.000Z,Anna,add,Arbeitsbelastung in der Pflege (Demo)/Belastung/Zeitdruck,DEMO0003,Station-1,Demo,2026,Interview Station-1,1,"muss ich in Sekunden entscheiden, wer zuerst versorgt wird"
history/2,2026-06-08T09:15:00.000Z,Anna,add,Arbeitsbelastung in der Pflege (Demo)/Belastung/Zeitdruck,DEMO0004,Station-1,Demo,2026,Interview Station-1,1,Diese ständige Priorisierung ist für mich das Zermürbendste am ganzen Beruf
history/2,2026-06-08T09:20:00.000Z,Anna,add,Arbeitsbelastung in der Pflege (Demo)/Belastung/Zeitdruck,DEMO0005,Station-1,Demo,2026,Interview Station-1,1,"wenn die Kräfte nachlassen, wird jede zusätzliche Klingel zur Zerreißprobe"
history/2,2026-06-08T09:25:00.000Z,Anna,add,Arbeitsbelastung in der Pflege (Demo)/Ressourcen/Team,DEMO0006,Station-1,Demo,2026,Interview Station-1,1,war sie sofort da und hat mit angepackt
history/2,2026-06-08T09:28:00.000Z,Anna,add,Arbeitsbelastung in der Pflege (Demo)/Ressourcen/Team,DEMO0007,Station-1,Demo,2026,Interview Station-1,1,ich mich blind auf meine Kolleginnen verlassen kann
history/2,2026-06-08T09:31:00.000Z,Anna,add,Arbeitsbelastung in der Pflege (Demo)/Ressourcen/Team,DEMO0008,Station-1,Demo,2026,Interview Station-1,1,"Dieser Rückhalt im Team ist im Grunde der einzige Grund, warum ich überhaupt noch durchhalte"
history/2,2026-06-08T09:37:00.000Z,Anna,add,Arbeitsbelastung in der Pflege (Demo)/Bewältigung/Humor,DEMO0009,Station-1,Demo,2026,Interview Station-1,1,"reißen wir im Dienstzimmer manchmal derbe Witze, sonst würde man verzweifeln"
history/2,2026-06-08T09:41:00.000Z,Anna,add,Arbeitsbelastung in der Pflege (Demo)/Bewältigung/Humor,DEMO0010,Station-1,Demo,2026,Interview Station-1,1,unter uns lockert er die schlimmste Anspannung
history/2,2026-06-08T09:44:00.000Z,Anna,add,Arbeitsbelastung in der Pflege (Demo)/Belastung/emotional,DEMO0011,Station-1,Demo,2026,Interview Station-1,2,manche Schicksale nehme ich mit nach Hause
history/2,2026-06-08T09:46:00.000Z,Anna,add,Arbeitsbelastung in der Pflege (Demo)/Belastung/emotional,DEMO0012,Station-1,Demo,2026,Interview Station-1,2,"Besonders der Tod einer jungen Patientin, die ich wochenlang begleitet hatte, hat mich lange verfolgt"
history/2,2026-06-08T09:50:00.000Z,Anna,add,Arbeitsbelastung in der Pflege (Demo)/Bewältigung/Distanz,DEMO0013,Station-1,Demo,2026,Interview Station-1,2,"bewusst eine innere Grenze zu ziehen, sonst hält man das nicht durch"
history/2,2026-06-08T09:54:00.000Z,Anna,add,Arbeitsbelastung in der Pflege (Demo)/Bewältigung/Distanz,DEMO0014,Station-1,Demo,2026,Interview Station-1,2,nach Feierabend abzuschalten und nicht ständig gedanklich auf der Station zu sein
history/2,2026-06-08T10:00:00.000Z,Anna,add,Arbeitsbelastung in der Pflege (Demo)/Bewältigung/Sport,DEMO0015,Station-1,Demo,2026,Interview Station-1,2,"gehe ich oft noch eine große Runde zu Fuß, um den Kopf frei zu bekommen"
history/2,2026-06-08T10:04:00.000Z,Anna,add,Arbeitsbelastung in der Pflege (Demo)/Belastung/emotional,DEMO0016,Station-1,Demo,2026,Interview Station-1,2,"Am Ende einer Nachtdienstwoche bin ich manchmal so leer, dass ich am freien Tag zu gar nichts komme"
history/2,2026-06-08T10:08:00.000Z,Anna,add,Arbeitsbelastung in der Pflege (Demo)/Belastung/körperlich,DEMO0017,Station-1,Demo,2026,Interview Station-1,2,Der ewige Wechsel zwischen Tag und Nacht bringt meinen Schlafrhythmus völlig durcheinander
history/2,2026-06-08T10:12:00.000Z,Anna,add,Arbeitsbelastung in der Pflege (Demo)/Belastung/körperlich,DEMO0018,Station-1,Demo,2026,Interview Station-1,2,das Umlagern schwerer Patienten allein im Nachtdienst eine echte Zumutung
history/2,2026-06-08T10:15:00.000Z,Anna,add,Arbeitsbelastung in der Pflege (Demo)/Belastung/körperlich,DEMO0019,Station-1,Demo,2026,Interview Station-1,2,"Meinen Rücken spüre ich inzwischen jeden Morgen, wenn ich aus dem Bett komme"
history/2,2026-06-08T10:21:00.000Z,Anna,add,Arbeitsbelastung in der Pflege (Demo)/Belastung/Zeitdruck,DEMO0020,Station-1,Demo,2026,Interview Station-1,2,eine einzige Krankmeldung die ganze Nacht kippen lässt
history/2,2026-06-08T10:23:00.000Z,Anna,add,Arbeitsbelastung in der Pflege (Demo)/Belastung/Zeitdruck,DEMO0021,Station-1,Demo,2026,Interview Station-1,2,"Die Dokumentation frisst zusätzlich Zeit, die eigentlich den Patienten gehören müsste"
history/2,2026-06-08T10:26:00.000Z,Anna,add,Arbeitsbelastung in der Pflege (Demo)/Ressourcen/Anerkennung,DEMO0022,Station-1,Demo,2026,Interview Station-1,2,Ein anerkennendes Wort von der Leitung höre ich dagegen so gut wie nie
history/2,2026-06-08T10:30:00.000Z,Anna,add,Arbeitsbelastung in der Pflege (Demo)/Ressourcen/Anerkennung,DEMO0023,Station-1,Demo,2026,Interview Station-1,2,"Man setzt einfach voraus, dass nachts alles reibungslos läuft"
history/2,2026-06-08T10:34:00.000Z,Anna,add,Arbeitsbelastung in der Pflege (Demo)/Ressourcen/Team,DEMO0024,Station-1,Demo,2026,Interview Station-1,3,setzen wir uns zusammen und reden in Ruhe
history/2,2026-06-08T10:39:00.000Z,Anna,add,Arbeitsbelastung in der Pflege (Demo)/Ressourcen/Team,DEMO0025,Station-1,Demo,2026,Interview Station-1,3,Dieses gegenseitige Auffangen ersetzt bei uns die Supervision
history/2,2026-06-08T10:44:00.000Z,Anna,add,Arbeitsbelastung in der Pflege (Demo)/Bewältigung/Humor,DEMO0026,Station-1,Demo,2026,Interview Station-1,3,"ein zynischer Spruch über den Dienstplan, um die Anspannung zu lösen"
history/2,2026-06-08T10:47:00.000Z,Anna,add,Arbeitsbelastung in der Pflege (Demo)/Bewältigung/Sport,DEMO0027,Station-1,Demo,2026,Interview Station-1,3,An freien Tagen gehe ich inzwischen bewusst schwimmen
history/2,2026-06-08T10:52:00.000Z,Anna,add,Arbeitsbelastung in der Pflege (Demo)/Belastung/Zeitdruck,DEMO0028,Station-1,Demo,2026,Interview Station-1,3,An den Zeitdruck werde ich mich wohl nie gewöhnen
history/2,2026-06-08T10:55:00.000Z,Anna,add,Arbeitsbelastung in der Pflege (Demo)/Ressourcen/Team,DEMO0029,Station-1,Demo,2026,Interview Station-1,3,dass wir als Team jede Nacht irgendwie gemeinsam durchstehen
history/2,2026-06-08T10:57:00.000Z,Anna,add,Arbeitsbelastung in der Pflege (Demo)/Belastung/Zeitdruck,DEMO0030,Station-1,Demo,2026,Interview Station-1,3,in wenigen Minuten alles Wichtige weitergegeben werden muss
history/2,2026-06-08T11:00:00.000Z,Anna,add,Arbeitsbelastung in der Pflege (Demo)/Belastung/emotional,DEMO0031,Station-1,Demo,2026,Interview Station-1,3,"wäre mir unter dem Druck fast ein wichtiges Medikament durchgerutscht, das hat mich tagelang verfolgt"
history/2,2026-06-08T11:03:00.000Z,Anna,add,Arbeitsbelastung in der Pflege (Demo)/Ressourcen/Team,DEMO0032,Station-1,Demo,2026,Interview Station-1,4,dass ohne den Zusammenhalt im Team längst niemand mehr hier wäre
history/2,2026-06-08T11:08:00.000Z,Anna,add,Arbeitsbelastung in der Pflege (Demo)/Belastung/körperlich,DEMO0033,Station-1,Demo,2026,Interview Station-1,4,nur um körperlich wieder auf die Beine zu kommen
history/2,2026-06-08T11:12:00.000Z,Anna,add,Arbeitsbelastung in der Pflege (Demo)/Belastung/emotional,DEMO0034,Station-1,Demo,2026,Interview Station-1,4,meist nur als müdes Bündel auf dem Sofa zu sehen
history/2,2026-06-08T11:16:00.000Z,Anna,add,Arbeitsbelastung in der Pflege (Demo)/Belastung/emotional,DEMO0035,Station-1,Demo,2026,Interview Station-1,4,"Dieses schlechte Gewissen, zu Hause nicht richtig präsent zu sein, begleitet mich ständig"
history/2,2026-06-08T11:18:00.000Z,Anna,add,Arbeitsbelastung in der Pflege (Demo)/Bewältigung/Sport,DEMO0036,Station-1,Demo,2026,Interview Station-1,4,"mein fester Lauftreff, der mir Struktur und Ausgleich gibt"
history/2,2026-06-08T11:24:00.000Z,Anna,add,Arbeitsbelastung in der Pflege (Demo)/Bewältigung/Sport,DEMO0037,Station-1,Demo,2026,Interview Station-1,4,Beim gemeinsamen Laufen kann ich abschalten und bin für ein paar Stunden einfach nur Mensch
history/2,2026-06-08T11:30:00.000Z,Anna,add,Arbeitsbelastung in der Pflege (Demo)/Ressourcen/Anerkennung,DEMO0038,Station-1,Demo,2026,Interview Station-1,4,mit einer selbstgeschriebenen Karte bei uns bedankt
history/2,2026-06-08T11:32:00.000Z,Anna,add,Arbeitsbelastung in der Pflege (Demo)/Ressourcen/Anerkennung,DEMO0039,Station-1,Demo,2026,Interview Station-1,4,wiegt die fehlende Anerkennung von oben ein Stück weit auf
history/2,2026-06-08T13:02:00.000Z,Anna,add,Arbeitsbelastung in der Pflege (Demo)/Belastung/körperlich,DEMO0040,Station-2,Demo,2026,Interview Station-2,1,war anfangs von der körperlichen Wucht des Berufs überrascht
history/2,2026-06-08T13:05:00.000Z,Anna,add,Arbeitsbelastung in der Pflege (Demo)/Belastung/körperlich,DEMO0041,Station-2,Demo,2026,Interview Station-2,1,"Das ständige Heben, Umlagern und Stützen der Patienten spüre ich abends in jedem Knochen"
history/2,2026-06-08T13:11:00.000Z,Anna,add,Arbeitsbelastung in der Pflege (Demo)/Belastung/körperlich,DEMO0042,Station-2,Demo,2026,Interview Station-2,1,tut mir regelmäßig der untere Rücken weh
history/2,2026-06-08T13:16:00.000Z,Anna,add,Arbeitsbelastung in der Pflege (Demo)/Belastung/Zeitdruck,DEMO0043,Station-2,Demo,2026,Interview Station-2,1,im hektischen Alltag bleibt dafür oft keine Zeit
history/2,2026-06-08T13:22:00.000Z,Anna,add,Arbeitsbelastung in der Pflege (Demo)/Belastung/Zeitdruck,DEMO0044,Station-2,Demo,2026,Interview Station-2,1,"wenn alle gewaschen und mobilisiert werden müssen, arbeite ich am Anschlag"
history/2,2026-06-08T13:26:00.000Z,Anna,add,Arbeitsbelastung in der Pflege (Demo)/Belastung/emotional,DEMO0045,Station-2,Demo,2026,Interview Station-2,1,"Der erste sterbende Patient, den ich begleitet habe, war eine Erfahrung, die mich lange nicht losgelassen hat"
history/2,2026-06-08T13:32:00.000Z,Anna,add,Arbeitsbelastung in der Pflege (Demo)/Belastung/emotional,DEMO0046,Station-2,Demo,2026,Interview Station-2,1,Ich habe damals im Dienstzimmer geweint
history/2,2026-06-08T13:35:00.000Z,Anna,add,Arbeitsbelastung in der Pflege (Demo)/Ressourcen/Team,DEMO0047,Station-2,Demo,2026,Interview Station-2,1,"Dass die Erfahreneren einen in solchen Momenten auffangen, hat mir über die schwerste Zeit hinweggeholfen"
history/2,2026-06-08T13:40:00.000Z,Anna,add,Arbeitsbelastung in der Pflege (Demo)/Bewältigung/Distanz,DEMO0048,Station-2,Demo,2026,Interview Station-2,1,Genau dieses Abgrenzen fällt mir bis heute am schwersten von allem
history/2,2026-06-08T13:44:00.000Z,Anna,add,Arbeitsbelastung in der Pflege (Demo)/Bewältigung/Humor,DEMO0049,Station-2,Demo,2026,Interview Station-2,1,ein trockener Spruch im richtigen Moment eine ganze Schicht retten kann
history/2,2026-06-08T13:46:00.000Z,Anna,add,Arbeitsbelastung in der Pflege (Demo)/Bewältigung/Humor,DEMO0050,Station-2,Demo,2026,Interview Station-2,1,"Wir lachen viel miteinander, gerade dann, wenn eigentlich alles zu viel wird"
history/2,2026-06-08T13:51:00.000Z,Anna,add,Arbeitsbelastung in der Pflege (Demo)/Belastung/Zeitdruck,DEMO0051,Station-2,Demo,2026,Interview Station-2,2,"Angst, unter Zeitdruck einen Fehler bei der Medikamentengabe zu machen"
history/2,2026-06-08T13:56:00.000Z,Anna,add,Arbeitsbelastung in der Pflege (Demo)/Belastung/Zeitdruck,DEMO0052,Station-2,Demo,2026,Interview Station-2,2,"Dieser Druck, immer alles gleichzeitig richtig machen zu müssen, hat mir anfangs den Schlaf geraubt"
history/2,2026-06-08T14:02:00.000Z,Anna,add,Arbeitsbelastung in der Pflege (Demo)/Belastung/emotional,DEMO0053,Station-2,Demo,2026,Interview Station-2,2,"Trotzdem gibt es Tage, an denen ich mit einem Kloß im Hals nach Hause fahre"
history/2,2026-06-08T14:05:00.000Z,Anna,add,Arbeitsbelastung in der Pflege (Demo)/Ressourcen/Anerkennung,DEMO0054,Station-2,Demo,2026,Interview Station-2,2,"So ein ehrliches Dankeschön von einem Menschen, den man versorgt hat, trägt mich über Wochen"
history/2,2026-06-08T14:07:00.000Z,Anna,add,Arbeitsbelastung in der Pflege (Demo)/Ressourcen/Anerkennung,DEMO0055,Station-2,Demo,2026,Interview Station-2,2,ist ein Wort der Anerkennung von der Stationsleitung
history/2,2026-06-08T14:13:00.000Z,Anna,add,Arbeitsbelastung in der Pflege (Demo)/Ressourcen/Anerkennung,DEMO0056,Station-2,Demo,2026,Interview Station-2,2,Ein kurzes Lob für einen besonders harten Dienst höre ich von oben so gut wie nie
history/2,2026-06-08T14:17:00.000Z,Anna,add,Arbeitsbelastung in der Pflege (Demo)/Ressourcen/Anerkennung,DEMO0057,Station-2,Demo,2026,Interview Station-2,2,dass unser Einsatz einfach stillschweigend vorausgesetzt wird
history/2,2026-06-08T14:19:00.000Z,Anna,add,Arbeitsbelastung in der Pflege (Demo)/Bewältigung/Sport,DEMO0058,Station-2,Demo,2026,Interview Station-2,2,habe ich vor einem Jahr mit dem Laufen angefangen
history/2,2026-06-08T14:22:00.000Z,Anna,add,Arbeitsbelastung in der Pflege (Demo)/Bewältigung/Sport,DEMO0059,Station-2,Demo,2026,Interview Station-2,2,Dreimal die Woche drehe ich eine Runde durch den Park
history/2,2026-06-08T14:27:00.000Z,Anna,add,Arbeitsbelastung in der Pflege (Demo)/Bewältigung/Sport,DEMO0060,Station-2,Demo,2026,Interview Station-2,2,meinen durch die Arbeit strapazierten Rücken zu stärken
history/2,2026-06-08T14:33:00.000Z,Anna,add,Arbeitsbelastung in der Pflege (Demo)/Ressourcen/Team,DEMO0061,Station-2,Demo,2026,Interview Station-2,2,dass ich mich auf mein Team hundertprozentig verlassen kann
history/2,2026-06-08T14:38:00.000Z,Anna,add,Arbeitsbelastung in der Pflege (Demo)/Ressourcen/Team,DEMO0062,Station-2,Demo,2026,Interview Station-2,2,sondern zeigt es mir einfach noch einmal
history/2,2026-06-08T14:42:00.000Z,Anna,add,Arbeitsbelastung in der Pflege (Demo)/Ressourcen/Team,DEMO0063,Station-2,Demo,2026,Interview Station-2,3,Diese Offenheit im Team nimmt mir viel von dem Druck
history/2,2026-06-08T14:48:00.000Z,Anna,add,Arbeitsbelastung in der Pflege (Demo)/Belastung/Zeitdruck,DEMO0064,Station-2,Demo,2026,Interview Station-2,3,"die Sorge im Nacken, unter Zeitdruck etwas zu übersehen"
history/2,2026-06-08T14:54:00.000Z,Anna,add,Arbeitsbelastung in der Pflege (Demo)/Belastung/Zeitdruck,DEMO0065,Station-2,Demo,2026,Interview Station-2,3,"in denen man mit wenig Personal viele Patienten versorgt, fordern mich bis an die Grenze"
history/2,2026-06-08T14:56:00.000Z,Anna,add,Arbeitsbelastung in der Pflege (Demo)/Belastung/Zeitdruck,DEMO0066,Station-2,Demo,2026,Interview Station-2,3,"weiß ich manchmal nicht, wo mir der Kopf steht"
history/2,2026-06-08T14:59:00.000Z,Anna,add,Arbeitsbelastung in der Pflege (Demo)/Belastung/körperlich,DEMO0067,Station-2,Demo,2026,Interview Station-2,3,"ich solle mir für die Handgriffe bewusst Zeit nehmen, um den Rücken zu schonen"
history/2,2026-06-08T15:03:00.000Z,Anna,add,Arbeitsbelastung in der Pflege (Demo)/Belastung/emotional,DEMO0068,Station-2,Demo,2026,Interview Station-2,3,weil wir mehrere langjährige Patienten kurz nacheinander verloren haben
history/2,2026-06-08T15:08:00.000Z,Anna,add,Arbeitsbelastung in der Pflege (Demo)/Ressourcen/Team,DEMO0069,Station-2,Demo,2026,Interview Station-2,3,"Darüber im Team offen sprechen zu können, hat mir sehr geholfen, das zu verarbeiten"
history/2,2026-06-08T15:11:00.000Z,Anna,add,Arbeitsbelastung in der Pflege (Demo)/Bewältigung/Humor,DEMO0070,Station-2,Demo,2026,Interview Station-2,3,wir lachen über die absurdesten Dienstgeschichten
history/2,2026-06-08T15:15:00.000Z,Anna,add,Arbeitsbelastung in der Pflege (Demo)/Bewältigung/Humor,DEMO0071,Station-2,Demo,2026,Interview Station-2,3,Dieser gemeinsame Galgenhumor ist für mich zu einem wichtigen Ventil geworden
history/2,2026-06-08T15:20:00.000Z,Anna,add,Arbeitsbelastung in der Pflege (Demo)/Bewältigung/Sport,DEMO0072,Station-2,Demo,2026,Interview Station-2,3,achte ich inzwischen streng auf regelmäßiges Krafttraining
history/2,2026-06-08T15:24:00.000Z,Anna,add,Arbeitsbelastung in der Pflege (Demo)/Bewältigung/Sport,DEMO0073,Station-2,Demo,2026,Interview Station-2,4,Ein starker Rücken ist in diesem Beruf schließlich das wichtigste Werkzeug
history/2,2026-06-08T15:30:00.000Z,Anna,add,Arbeitsbelastung in der Pflege (Demo)/Ressourcen/Anerkennung,DEMO0074,Station-2,Demo,2026,Interview Station-2,4,Wenn eine Angehörige sich am Ende für die liebevolle Pflege bedankt
history/2,2026-06-09T09:02:00.000Z,Anna,add,Arbeitsbelastung in der Pflege (Demo)/Belastung/emotional,DEMO0075,Station-3,Demo,2026,Interview Station-3,1,der Tod gehört zu meinem Alltag
history/2,2026-06-09T09:04:00.000Z,Anna,add,Arbeitsbelastung in der Pflege (Demo)/Belastung/emotional,DEMO0076,Station-3,Demo,2026,Interview Station-3,1,"ich nicht Angehörige trösten muss, während mir selbst die Zeit zum Durchatmen fehlt"
history/2,2026-06-09T09:05:00.000Z,Anna,add,Arbeitsbelastung in der Pflege (Demo)/Belastung/Zeitdruck,DEMO0076,Station-3,Demo,2026,Interview Station-3,1,"ich nicht Angehörige trösten muss, während mir selbst die Zeit zum Durchatmen fehlt"
history/2,2026-06-09T09:09:00.000Z,Anna,add,Arbeitsbelastung in der Pflege (Demo)/Belastung/emotional,DEMO0077,Station-3,Demo,2026,Interview Station-3,1,Diese Gleichzeitigkeit von Nähe und Hektik ist emotional das Anstrengendste an meiner Arbeit
history/2,2026-06-09T09:11:00.000Z,Anna,add,Arbeitsbelastung in der Pflege (Demo)/Belastung/Zeitdruck,DEMO0078,Station-3,Demo,2026,Interview Station-3,1,im Ohr hat man schon die nächste Klingel
history/2,2026-06-09T09:14:00.000Z,Anna,add,Arbeitsbelastung in der Pflege (Demo)/Bewältigung/Distanz,DEMO0079,Station-3,Demo,2026,Interview Station-3,1,eine professionelle Distanz antrainiert
history/2,2026-06-09T09:19:00.000Z,Anna,add,Arbeitsbelastung in der Pflege (Demo)/Bewältigung/Distanz,DEMO0080,Station-3,Demo,2026,Interview Station-3,1,"Ich nehme das Leid der Patienten ernst, ohne es vollständig zu meinem eigenen zu machen"
history/2,2026-06-09T09:23:00.000Z,Anna,add,Arbeitsbelastung in der Pflege (Demo)/Bewältigung/Distanz,DEMO0081,Station-3,Demo,2026,Interview Station-3,1,"Nur wer sich abgrenzt, kann über Jahre hinweg immer wieder echtes Mitgefühl aufbringen"
history/2,2026-06-09T09:28:00.000Z,Anna,add,Arbeitsbelastung in der Pflege (Demo)/Bewältigung/Sport,DEMO0082,Station-3,Demo,2026,Interview Station-3,1,gehe ich fast immer noch eine Runde laufen
history/2,2026-06-09T09:32:00.000Z,Anna,add,Arbeitsbelastung in der Pflege (Demo)/Bewältigung/Sport,DEMO0083,Station-3,Demo,2026,Interview Station-3,1,Beim Joggen bekomme ich den Kopf frei und lasse die Bilder des Tages allmählich hinter mir
history/2,2026-06-09T09:35:00.000Z,Anna,add,Arbeitsbelastung in der Pflege (Demo)/Bewältigung/Sport,DEMO0084,Station-3,Demo,2026,Interview Station-3,1,Ohne diesen körperlichen Ausgleich hätte ich vermutlich längst gekündigt
history/2,2026-06-09T09:39:00.000Z,Anna,add,Arbeitsbelastung in der Pflege (Demo)/Bewältigung/Sport,DEMO0085,Station-3,Demo,2026,Interview Station-3,1,"laufe ich einfach eine Runde länger, bis der Druck nachlässt"
history/2,2026-06-09T09:43:00.000Z,Anna,add,Arbeitsbelastung in der Pflege (Demo)/Belastung/Zeitdruck,DEMO0086,Station-3,Demo,2026,Interview Station-3,2,dass für ein würdiges Abschiednehmen oft schlicht die Zeit fehlt
history/2,2026-06-09T09:48:00.000Z,Anna,add,Arbeitsbelastung in der Pflege (Demo)/Belastung/Zeitdruck,DEMO0087,Station-3,Demo,2026,Interview Station-3,2,"Wir müssen weitermachen, obwohl im Zimmer nebenan gerade jemand verstorben ist"
history/2,2026-06-09T09:53:00.000Z,Anna,add,Arbeitsbelastung in der Pflege (Demo)/Belastung/Zeitdruck,DEMO0088,Station-3,Demo,2026,Interview Station-3,2,"Diese Taktung lässt kaum Raum, das Erlebte auch nur kurz zu verarbeiten"
history/2,2026-06-09T09:56:00.000Z,Anna,add,Arbeitsbelastung in der Pflege (Demo)/Belastung/Zeitdruck,DEMO0089,Station-3,Demo,2026,Interview Station-3,2,soll ich dann noch die Visite vorbereiten und die Kurve dokumentieren
history/2,2026-06-09T09:59:00.000Z,Anna,add,Arbeitsbelastung in der Pflege (Demo)/Ressourcen/Team,DEMO0090,Station-3,Demo,2026,Interview Station-3,2,"ein sehr eingespieltes Team, das die schweren Momente miteinander teilt"
history/2,2026-06-09T10:02:00.000Z,Anna,add,Arbeitsbelastung in der Pflege (Demo)/Ressourcen/Team,DEMO0091,Station-3,Demo,2026,Interview Station-3,2,zünden wir im Dienstzimmer manchmal still eine Kerze an
history/2,2026-06-09T10:06:00.000Z,Anna,add,Arbeitsbelastung in der Pflege (Demo)/Ressourcen/Team,DEMO0092,Station-3,Demo,2026,Interview Station-3,2,Solche kleinen Rituale helfen mehr als jede offizielle Nachbesprechung
history/2,2026-06-09T10:10:00.000Z,Anna,add,Arbeitsbelastung in der Pflege (Demo)/Bewältigung/Humor,DEMO0093,Station-3,Demo,2026,Interview Station-3,2,rettet uns auch ein Moment schwarzen Humors über die Trauer hinweg
history/2,2026-06-09T10:12:00.000Z,Anna,add,Arbeitsbelastung in der Pflege (Demo)/Belastung/körperlich,DEMO0094,Station-3,Demo,2026,Interview Station-3,2,das viele Stehen macht auf Dauer die Gelenke kaputt
history/2,2026-06-09T10:15:00.000Z,Anna,add,Arbeitsbelastung in der Pflege (Demo)/Ressourcen/Anerkennung,DEMO0095,Station-3,Demo,2026,Interview Station-3,2,"Wenn Angehörige sich später für die Begleitung bedanken, weiß ich, wofür ich das alles mache"
history/2,2026-06-09T10:18:00.000Z,Anna,add,Arbeitsbelastung in der Pflege (Demo)/Belastung/Zeitdruck,DEMO0096,Station-3,Demo,2026,Interview Station-3,2,Die Ökonomisierung macht auch vor der Sterbebegleitung nicht halt
history/2,2026-06-09T10:21:00.000Z,Anna,add,Arbeitsbelastung in der Pflege (Demo)/Belastung/Zeitdruck,DEMO0097,Station-3,Demo,2026,Interview Station-3,3,im Stellenschlüssel schlicht keine Minute vorgesehen
history/2,2026-06-09T10:26:00.000Z,Anna,add,Arbeitsbelastung in der Pflege (Demo)/Belastung/Zeitdruck,DEMO0098,Station-3,Demo,2026,Interview Station-3,3,So bleibt das Menschlichste an unserer Arbeit dauerhaft unter Zeitdruck
history/2,2026-06-09T10:29:00.000Z,Anna,add,Arbeitsbelastung in der Pflege (Demo)/Bewältigung/Distanz,DEMO0099,Station-3,Demo,2026,Interview Station-3,3,"die Trauer nicht mit nach Hause zu tragen, sonst wäre ich längst ausgebrannt"
history/2,2026-06-09T10:33:00.000Z,Anna,add,Arbeitsbelastung in der Pflege (Demo)/Bewältigung/Distanz,DEMO0100,Station-3,Demo,2026,Interview Station-3,3,Diese bewusste Abgrenzung ist harte Arbeit an mir selbst und gelingt nicht an jedem Tag
history/2,2026-06-09T10:37:00.000Z,Anna,add,Arbeitsbelastung in der Pflege (Demo)/Belastung/emotional,DEMO0101,Station-3,Demo,2026,Interview Station-3,3,"Nach dem Verlust einer Patientin, die mir besonders ans Herz gewachsen war, brauchte ich Wochen"
history/2,2026-06-09T10:40:00.000Z,Anna,add,Arbeitsbelastung in der Pflege (Demo)/Bewältigung/Sport,DEMO0102,Station-3,Demo,2026,Interview Station-3,3,hat mich das Laufen am Deich jeden Abend buchstäblich vor dem Zusammenbruch bewahrt
history/2,2026-06-09T10:44:00.000Z,Anna,add,Arbeitsbelastung in der Pflege (Demo)/Bewältigung/Sport,DEMO0103,Station-3,Demo,2026,Interview Station-3,3,"Bewegung ist für mich kein Hobby, sondern eine überlebenswichtige Notwendigkeit geworden"
history/2,2026-06-09T10:46:00.000Z,Anna,add,Arbeitsbelastung in der Pflege (Demo)/Ressourcen/Team,DEMO0104,Station-3,Demo,2026,Interview Station-3,3,in der niemand mit seiner Belastung allein bleibt
history/2,2026-06-09T10:50:00.000Z,Anna,add,Arbeitsbelastung in der Pflege (Demo)/Ressourcen/Team,DEMO0105,Station-3,Demo,2026,Interview Station-3,3,ein stiller Kaffee zu zweit im Dienstzimmer die beste Nachbesprechung
history/2,2026-06-09T10:55:00.000Z,Anna,add,Arbeitsbelastung in der Pflege (Demo)/Belastung/körperlich,DEMO0106,Station-3,Demo,2026,Interview Station-3,3,"vor allem die Rückenschmerzen vom vielen Umlagern, die mich abends plagen"
history/2,2026-06-09T13:01:00.000Z,Anna,add,Arbeitsbelastung in der Pflege (Demo)/Belastung/Zeitdruck,DEMO0107,Station-4,Demo,2026,Interview Station-4,1,die zu dünne Personaldecke
history/2,2026-06-09T13:07:00.000Z,Anna,add,Arbeitsbelastung in der Pflege (Demo)/Belastung/Zeitdruck,DEMO0108,Station-4,Demo,2026,Interview Station-4,1,Wir arbeiten dauerhaft am Limit
history/2,2026-06-09T13:13:00.000Z,Anna,add,Arbeitsbelastung in der Pflege (Demo)/Belastung/Zeitdruck,DEMO0109,Station-4,Demo,2026,Interview Station-4,1,"betreue ich doppelt so viele Patienten, wie eigentlich vertretbar wäre"
history/2,2026-06-09T13:15:00.000Z,Anna,add,Arbeitsbelastung in der Pflege (Demo)/Belastung/Zeitdruck,DEMO0110,Station-4,Demo,2026,Interview Station-4,1,dass die Pausen fast immer ausfallen
history/2,2026-06-09T13:18:00.000Z,Anna,add,Arbeitsbelastung in der Pflege (Demo)/Belastung/emotional,DEMO0111,Station-4,Demo,2026,Interview Station-4,1,"Genau dieses Gefühl, den Menschen nicht gerecht zu werden, nagt am meisten an mir"
history/2,2026-06-09T13:21:00.000Z,Anna,add,Arbeitsbelastung in der Pflege (Demo)/Belastung/körperlich,DEMO0112,Station-4,Demo,2026,Interview Station-4,1,Körperlich merke ich nach so einer Schicht jeden einzelnen Handgriff in den Schultern
history/2,2026-06-09T13:25:00.000Z,Anna,add,Arbeitsbelastung in der Pflege (Demo)/Belastung/körperlich,DEMO0113,Station-4,Demo,2026,Interview Station-4,1,Das viele Bücken beim Betten und Lagern hat mir über die Jahre echte Rückenprobleme beschert
history/2,2026-06-09T13:29:00.000Z,Anna,add,Arbeitsbelastung in der Pflege (Demo)/Bewältigung/Sport,DEMO0114,Station-4,Demo,2026,Interview Station-4,1,gehe ich zweimal die Woche ins Fitnessstudio
history/2,2026-06-09T13:32:00.000Z,Anna,add,Arbeitsbelastung in der Pflege (Demo)/Ressourcen/Team,DEMO0115,Station-4,Demo,2026,Interview Station-4,1,"Dass wir uns im Team gegenseitig den Rücken freihalten, ist das Einzige, was den Laden zusammenhält"
history/2,2026-06-09T13:35:00.000Z,Anna,add,Arbeitsbelastung in der Pflege (Demo)/Ressourcen/Team,DEMO0116,Station-4,Demo,2026,Interview Station-4,1,"Wir teilen die schweren Aufgaben, ohne dass groß darüber geredet werden müsste"
history/2,2026-06-09T13:39:00.000Z,Anna,add,Arbeitsbelastung in der Pflege (Demo)/Ressourcen/Team,DEMO0117,Station-4,Demo,2026,Interview Station-4,1,nehmen wir sie selbstverständlich an die Hand
history/2,2026-06-09T13:42:00.000Z,Anna,add,Arbeitsbelastung in der Pflege (Demo)/Ressourcen/Team,DEMO0118,Station-4,Demo,2026,Interview Station-4,1,Ohne diesen Zusammenhalt hätten wahrscheinlich schon einige von uns hingeschmissen
history/2,2026-06-09T13:47:00.000Z,Anna,add,Arbeitsbelastung in der Pflege (Demo)/Ressourcen/Anerkennung,DEMO0119,Station-4,Demo,2026,Interview Station-4,2,eine spürbare Wertschätzung von der Leitungsebene
history/2,2026-06-09T13:51:00.000Z,Anna,add,Arbeitsbelastung in der Pflege (Demo)/Ressourcen/Anerkennung,DEMO0120,Station-4,Demo,2026,Interview Station-4,2,dass unser Einsatz oben als selbstverständlich vorausgesetzt wird
history/2,2026-06-09T13:53:00.000Z,Anna,add,Arbeitsbelastung in der Pflege (Demo)/Ressourcen/Anerkennung,DEMO0121,Station-4,Demo,2026,Interview Station-4,2,"Wenn wenigstens ab und zu ein anerkennendes Wort käme, ginge vieles leichter"
history/2,2026-06-09T13:57:00.000Z,Anna,add,Arbeitsbelastung in der Pflege (Demo)/Belastung/Zeitdruck,DEMO0122,Station-4,Demo,2026,Interview Station-4,2,"Diese ausufernde Bürokratie stiehlt uns täglich Zeit, die den Patienten fehlt"
history/2,2026-06-09T14:02:00.000Z,Anna,add,Arbeitsbelastung in der Pflege (Demo)/Belastung/emotional,DEMO0123,Station-4,Demo,2026,Interview Station-4,2,"gehen mir vor allem die alten, einsamen Menschen nahe, die außer uns kaum Besuch bekommen"
history/2,2026-06-09T14:04:00.000Z,Anna,add,Arbeitsbelastung in der Pflege (Demo)/Belastung/emotional,DEMO0124,Station-4,Demo,2026,Interview Station-4,2,"Manche halten mich für die einzige Bezugsperson, die ihnen am Ende noch geblieben ist"
history/2,2026-06-09T14:10:00.000Z,Anna,add,Arbeitsbelastung in der Pflege (Demo)/Bewältigung/Distanz,DEMO0125,Station-4,Demo,2026,Interview Station-4,2,muss ich abends bewusst einen Schlussstrich unter den Dienst ziehen
history/2,2026-06-09T14:14:00.000Z,Anna,add,Arbeitsbelastung in der Pflege (Demo)/Bewältigung/Distanz,DEMO0126,Station-4,Demo,2026,Interview Station-4,2,Zu Hause spreche ich kaum über die Arbeit
history/2,2026-06-09T14:16:00.000Z,Anna,add,Arbeitsbelastung in der Pflege (Demo)/Belastung/Zeitdruck,DEMO0127,Station-4,Demo,2026,Interview Station-4,2,arbeiten wir seit Jahren dauerhaft im Notbetrieb
history/2,2026-06-09T14:21:00.000Z,Anna,add,Arbeitsbelastung in der Pflege (Demo)/Belastung/Zeitdruck,DEMO0128,Station-4,Demo,2026,Interview Station-4,2,bekommen am Ende die Patienten und wir an der Basis zu spüren
history/2,2026-06-09T14:27:00.000Z,Anna,add,Arbeitsbelastung in der Pflege (Demo)/Belastung/emotional,DEMO0129,Station-4,Demo,2026,Interview Station-4,2,einfach mal fünf Minuten länger bei einem einsamen Menschen zu sitzen
history/2,2026-06-09T14:32:00.000Z,Anna,add,Arbeitsbelastung in der Pflege (Demo)/Belastung/emotional,DEMO0130,Station-4,Demo,2026,Interview Station-4,3,"diese Zuwendung aber lässt der Takt nicht zu, und das frustriert mich zutiefst"
history/2,2026-06-09T14:36:00.000Z,Anna,add,Arbeitsbelastung in der Pflege (Demo)/Belastung/körperlich,DEMO0131,Station-4,Demo,2026,Interview Station-4,3,"am Ende einer Woche oft so erschöpft, dass ich am freien Tag nur noch schlafe"
history/2,2026-06-09T14:39:00.000Z,Anna,add,Arbeitsbelastung in der Pflege (Demo)/Bewältigung/Sport,DEMO0132,Station-4,Demo,2026,Interview Station-4,3,"habe ich mit Yoga angefangen, das meinem geschundenen Rücken erstaunlich guttut"
history/2,2026-06-09T14:43:00.000Z,Anna,add,Arbeitsbelastung in der Pflege (Demo)/Ressourcen/Team,DEMO0133,Station-4,Demo,2026,Interview Station-4,3,"ein Team, in dem sich wirklich jeder auf jeden verlassen kann"
history/2,2026-06-09T14:49:00.000Z,Anna,add,Arbeitsbelastung in der Pflege (Demo)/Ressourcen/Team,DEMO0134,Station-4,Demo,2026,Interview Station-4,3,"Wir decken uns gegenseitig, wenn einer nicht mehr kann"
history/2,2026-06-09T14:54:00.000Z,Anna,add,Arbeitsbelastung in der Pflege (Demo)/Ressourcen/Anerkennung,DEMO0135,Station-4,Demo,2026,Interview Station-4,3,Ein ehrlich gemeintes Dankeschön von oben habe ich in den letzten Jahren an einer Hand abzählen können
history/2,2026-06-09T14:57:00.000Z,Anna,add,Arbeitsbelastung in der Pflege (Demo)/Bewältigung/Humor,DEMO0136,Station-4,Demo,2026,Interview Station-4,3,"reden wir im Pausenraum mit bitterem Spott über die neuesten Vorgaben, um nicht zu verzweifeln"
history/2,2026-06-10T09:04:00.000Z,Anna,add,Arbeitsbelastung in der Pflege (Demo)/Ressourcen/Autonomie,DEMO0137,Verwaltung-1,Demo,2026,Interview Verwaltung-1,1,"die Freiheit, meinen Arbeitstag weitgehend selbst zu strukturieren"
history/2,2026-06-10T09:08:00.000Z,Anna,add,Arbeitsbelastung in der Pflege (Demo)/Ressourcen/Autonomie,DEMO0138,Verwaltung-1,Demo,2026,Interview Verwaltung-1,1,"Ich entscheide eigenständig, in welcher Reihenfolge ich die Vorgänge abarbeite"
history/2,2026-06-10T09:14:00.000Z,Anna,add,Arbeitsbelastung in der Pflege (Demo)/Ressourcen/Autonomie,DEMO0139,Verwaltung-1,Demo,2026,Interview Verwaltung-1,1,"Niemand steht hinter mir und drängt, solange am Ende die Ergebnisse stimmen"
history/2,2026-06-10T09:18:00.000Z,Anna,add,Arbeitsbelastung in der Pflege (Demo)/Ressourcen/Autonomie,DEMO0140,Verwaltung-1,Demo,2026,Interview Verwaltung-1,1,Diese Autonomie war der Hauptgrund für meinen Wechsel
history/2,2026-06-10T09:21:00.000Z,Anna,add,Arbeitsbelastung in der Pflege (Demo)/Ressourcen/Autonomie,DEMO0141,Verwaltung-1,Demo,2026,Interview Verwaltung-1,1,hier teile ich mir die Zeit nach meinem eigenen Rhythmus ein
history/2,2026-06-10T09:23:00.000Z,Anna,add,Arbeitsbelastung in der Pflege (Demo)/Ressourcen/Autonomie,DEMO0142,Verwaltung-1,Demo,2026,Interview Verwaltung-1,1,"Ich kann eine komplexe Fallprüfung dann angehen, wenn ich am konzentriertesten bin"
history/2,2026-06-10T09:26:00.000Z,Anna,add,Arbeitsbelastung in der Pflege (Demo)/Bewältigung/Distanz,DEMO0143,Verwaltung-1,Demo,2026,Interview Verwaltung-1,1,Der Schreibtisch schafft außerdem eine gewisse Distanz zum unmittelbaren Leid
history/2,2026-06-10T09:31:00.000Z,Anna,add,Arbeitsbelastung in der Pflege (Demo)/Belastung/emotional,DEMO0144,Verwaltung-1,Demo,2026,Interview Verwaltung-1,1,Emotional belastet mich die Arbeit heute deutlich seltener
history/2,2026-06-10T09:35:00.000Z,Anna,add,Arbeitsbelastung in der Pflege (Demo)/Bewältigung/Distanz,DEMO0145,Verwaltung-1,Demo,2026,Interview Verwaltung-1,1,aber eben als Akte und nicht als weinenden Menschen vor mir
history/2,2026-06-10T09:37:00.000Z,Anna,add,Arbeitsbelastung in der Pflege (Demo)/Belastung/emotional,DEMO0146,Verwaltung-1,Demo,2026,Interview Verwaltung-1,1,fehlt mir allerdings genau dieser direkte Kontakt zu den Patienten
history/2,2026-06-10T09:40:00.000Z,Anna,add,Arbeitsbelastung in der Pflege (Demo)/Belastung/Zeitdruck,DEMO0147,Verwaltung-1,Demo,2026,Interview Verwaltung-1,2,wenn zum Quartalsende alle Abrechnungen gleichzeitig fällig werden
history/2,2026-06-10T09:45:00.000Z,Anna,add,Arbeitsbelastung in der Pflege (Demo)/Belastung/Zeitdruck,DEMO0148,Verwaltung-1,Demo,2026,Interview Verwaltung-1,2,"In diesen Wochen stapeln sich die Fälle, und ich arbeite auch mal deutlich länger"
history/2,2026-06-10T09:51:00.000Z,Anna,add,Arbeitsbelastung in der Pflege (Demo)/Belastung/Zeitdruck,DEMO0149,Verwaltung-1,Demo,2026,Interview Verwaltung-1,2,kann ein einziger Fehler den ganzen Abrechnungslauf verzögern
history/2,2026-06-10T09:55:00.000Z,Anna,add,Arbeitsbelastung in der Pflege (Demo)/Belastung/Zeitdruck,DEMO0150,Verwaltung-1,Demo,2026,Interview Verwaltung-1,2,Solche technischen Ausfälle bringen mich mehr auf die Palme als die Menge der Arbeit selbst
history/2,2026-06-10T10:00:00.000Z,Anna,add,Arbeitsbelastung in der Pflege (Demo)/Bewältigung/Distanz,DEMO0151,Verwaltung-1,Demo,2026,Interview Verwaltung-1,2,nach Feierabend kann ich meistens gut abschalten und die Akten im Büro lassen
history/2,2026-06-10T10:03:00.000Z,Anna,add,Arbeitsbelastung in der Pflege (Demo)/Bewältigung/Distanz,DEMO0152,Verwaltung-1,Demo,2026,Interview Verwaltung-1,2,Diese klare Grenze zwischen Arbeit und Privatleben hatte ich auf Station nie
history/2,2026-06-10T10:05:00.000Z,Anna,add,Arbeitsbelastung in der Pflege (Demo)/Bewältigung/Distanz,DEMO0153,Verwaltung-1,Demo,2026,Interview Verwaltung-1,2,"Heute schließe ich die Bürotür, und der Kopf ist frei für Familie und Freunde"
history/2,2026-06-10T10:08:00.000Z,Anna,add,Arbeitsbelastung in der Pflege (Demo)/Bewältigung/Sport,DEMO0154,Verwaltung-1,Demo,2026,Interview Verwaltung-1,2,fahre ich die Strecke ins Büro bewusst mit dem Rad
history/2,2026-06-10T10:14:00.000Z,Anna,add,Arbeitsbelastung in der Pflege (Demo)/Bewältigung/Sport,DEMO0155,Verwaltung-1,Demo,2026,Interview Verwaltung-1,2,Das tägliche Radeln gleicht das viele Sitzen aus
history/2,2026-06-10T10:17:00.000Z,Anna,add,Arbeitsbelastung in der Pflege (Demo)/Ressourcen/Anerkennung,DEMO0156,Verwaltung-1,Demo,2026,Interview Verwaltung-1,2,"Wenn eine saubere Abrechnung ohne Rückfragen durchgeht, weiß ich, dass meine Arbeit stimmt"
history/2,2026-06-10T10:20:00.000Z,Anna,add,Arbeitsbelastung in der Pflege (Demo)/Ressourcen/Autonomie,DEMO0157,Verwaltung-1,Demo,2026,Interview Verwaltung-1,2,dass ich meine Fortbildungen selbst auswählen kann
history/2,2026-06-10T10:23:00.000Z,Anna,add,Arbeitsbelastung in der Pflege (Demo)/Ressourcen/Autonomie,DEMO0158,Verwaltung-1,Demo,2026,Interview Verwaltung-1,2,ohne auf einen starren Dienstplan Rücksicht nehmen zu müssen
history/2,2026-06-10T10:27:00.000Z,Anna,add,Arbeitsbelastung in der Pflege (Demo)/Ressourcen/Autonomie,DEMO0159,Verwaltung-1,Demo,2026,Interview Verwaltung-1,3,Diese Gestaltungsfreiheit hätte ich mir auf Station niemals träumen lassen
history/2,2026-06-10T10:30:00.000Z,Anna,add,Arbeitsbelastung in der Pflege (Demo)/Ressourcen/Team,DEMO0160,Verwaltung-1,Demo,2026,Interview Verwaltung-1,3,den lebendigen Trubel des Teams vermisse ich schon manchmal
history/2,2026-06-10T10:33:00.000Z,Anna,add,Arbeitsbelastung in der Pflege (Demo)/Bewältigung/Distanz,DEMO0161,Verwaltung-1,Demo,2026,Interview Verwaltung-1,3,Am Schreibtisch ist man doch sehr viel stärker auf sich allein gestellt
history/2,2026-06-10T10:37:00.000Z,Anna,add,Arbeitsbelastung in der Pflege (Demo)/Bewältigung/Distanz,DEMO0162,Verwaltung-1,Demo,2026,Interview Verwaltung-1,3,berühren mich die Schicksale hinter den Akten nur noch aus sicherer Entfernung
history/2,2026-06-10T10:42:00.000Z,Anna,add,Arbeitsbelastung in der Pflege (Demo)/Belastung/emotional,DEMO0163,Verwaltung-1,Demo,2026,Interview Verwaltung-1,3,Diese emotionale Entlastung war für mich nach den Jahren am Bett geradezu eine Befreiung
history/2,2026-06-10T10:48:00.000Z,Anna,add,Arbeitsbelastung in der Pflege (Demo)/Belastung/Zeitdruck,DEMO0164,Verwaltung-1,Demo,2026,Interview Verwaltung-1,3,Stressig wird es eigentlich nur rund um die großen Abgabetermine im Jahr
history/2,2026-06-10T10:52:00.000Z,Anna,add,Arbeitsbelastung in der Pflege (Demo)/Belastung/Zeitdruck,DEMO0165,Verwaltung-1,Demo,2026,Interview Verwaltung-1,3,kann sich die Arbeit tagelang bis in die Abendstunden ziehen
history/2,2026-06-10T10:57:00.000Z,Anna,add,Arbeitsbelastung in der Pflege (Demo)/Ressourcen/Autonomie,DEMO0166,Verwaltung-1,Demo,2026,Interview Verwaltung-1,3,"Diese Planbarkeit erlaubt es mir, mein Privatleben endlich verlässlich zu gestalten"
history/2,2026-06-10T11:00:00.000Z,Anna,add,Arbeitsbelastung in der Pflege (Demo)/Bewältigung/Sport,DEMO0167,Verwaltung-1,Demo,2026,Interview Verwaltung-1,3,"mein tägliches Pensum auf dem Rad, das mich körperlich fit hält"
history/2,2026-06-10T13:03:00.000Z,Anna,add,Arbeitsbelastung in der Pflege (Demo)/Ressourcen/Anerkennung,DEMO0168,Verwaltung-2,Demo,2026,Interview Verwaltung-2,1,"Anerkennung erlebe ich hier ganz anders als früher, nämlich über konkretes Feedback zu abgeschlossenen Projekten"
history/2,2026-06-10T13:06:00.000Z,Anna,add,Arbeitsbelastung in der Pflege (Demo)/Ressourcen/Anerkennung,DEMO0169,Verwaltung-2,Demo,2026,Interview Verwaltung-2,1,"Wenn eine Leitung sich ausdrücklich für eine gelungene Umstellung bedankt, motiviert mich das für Wochen"
history/2,2026-06-10T13:10:00.000Z,Anna,add,Arbeitsbelastung in der Pflege (Demo)/Ressourcen/Anerkennung,DEMO0170,Verwaltung-2,Demo,2026,Interview Verwaltung-2,1,dass meine Arbeit tatsächlich gesehen wird
history/2,2026-06-10T13:15:00.000Z,Anna,add,Arbeitsbelastung in der Pflege (Demo)/Ressourcen/Anerkennung,DEMO0171,Verwaltung-2,Demo,2026,Interview Verwaltung-2,1,Ein anerkennendes Wort zur richtigen Zeit wiegt für mich mehr als jede Gehaltserhöhung
history/2,2026-06-10T13:17:00.000Z,Anna,add,Arbeitsbelastung in der Pflege (Demo)/Ressourcen/Anerkennung,DEMO0172,Verwaltung-2,Demo,2026,Interview Verwaltung-2,1,wenn ein monatelanges Projekt am Ende einfach kommentarlos abgehakt wird
history/2,2026-06-10T13:21:00.000Z,Anna,add,Arbeitsbelastung in der Pflege (Demo)/Belastung/Zeitdruck,DEMO0173,Verwaltung-2,Demo,2026,Interview Verwaltung-2,1,"die ausufernde Bürokratie, denn für jede Kleinigkeit braucht es ein eigenes Formular"
history/2,2026-06-10T13:26:00.000Z,Anna,add,Arbeitsbelastung in der Pflege (Demo)/Belastung/Zeitdruck,DEMO0174,Verwaltung-2,Demo,2026,Interview Verwaltung-2,1,verbringe ich mehr Zeit mit der Dokumentation eines Vorgangs als mit dem Vorgang selbst
history/2,2026-06-10T13:28:00.000Z,Anna,add,Arbeitsbelastung in der Pflege (Demo)/Belastung/Zeitdruck,DEMO0175,Verwaltung-2,Demo,2026,Interview Verwaltung-2,1,Jede neue Vorschrift von oben zieht bei uns unten einen Rattenschwanz an zusätzlicher Arbeit nach sich
history/2,2026-06-10T13:31:00.000Z,Anna,add,Arbeitsbelastung in der Pflege (Demo)/Belastung/Zeitdruck,DEMO0176,Verwaltung-2,Demo,2026,Interview Verwaltung-2,1,wenn kurzfristig ein Bericht für die Geschäftsführung fertig werden muss
history/2,2026-06-10T13:34:00.000Z,Anna,add,Arbeitsbelastung in der Pflege (Demo)/Belastung/Zeitdruck,DEMO0177,Verwaltung-2,Demo,2026,Interview Verwaltung-2,1,Unter solchem Termindruck leidet dann auch mal die Sorgfalt
history/2,2026-06-10T13:40:00.000Z,Anna,add,Arbeitsbelastung in der Pflege (Demo)/Belastung/Zeitdruck,DEMO0178,Verwaltung-2,Demo,2026,Interview Verwaltung-2,1,"sitze ich abends deutlich länger, als mir lieb ist"
history/2,2026-06-10T13:46:00.000Z,Anna,add,Arbeitsbelastung in der Pflege (Demo)/Ressourcen/Team,DEMO0179,Verwaltung-2,Demo,2026,Interview Verwaltung-2,2,"Unser Team ist zwar klein, aber wir stimmen uns sehr eng und verlässlich ab"
history/2,2026-06-10T13:49:00.000Z,Anna,add,Arbeitsbelastung in der Pflege (Demo)/Ressourcen/Team,DEMO0180,Verwaltung-2,Demo,2026,Interview Verwaltung-2,2,übernehmen die anderen wie selbstverständlich mit
history/2,2026-06-10T13:55:00.000Z,Anna,add,Arbeitsbelastung in der Pflege (Demo)/Ressourcen/Team,DEMO0181,Verwaltung-2,Demo,2026,Interview Verwaltung-2,2,Diese verlässliche Zusammenarbeit macht vieles leichter
history/2,2026-06-10T13:58:00.000Z,Anna,add,Arbeitsbelastung in der Pflege (Demo)/Ressourcen/Team,DEMO0182,Verwaltung-2,Demo,2026,Interview Verwaltung-2,2,"weil man weiß, dass die Kollegen mitdenken"
history/2,2026-06-10T14:01:00.000Z,Anna,add,Arbeitsbelastung in der Pflege (Demo)/Ressourcen/Autonomie,DEMO0183,Verwaltung-2,Demo,2026,Interview Verwaltung-2,2,die planbare Arbeitszeit
history/2,2026-06-10T14:06:00.000Z,Anna,add,Arbeitsbelastung in der Pflege (Demo)/Ressourcen/Autonomie,DEMO0184,Verwaltung-2,Demo,2026,Interview Verwaltung-2,2,"Ich kann meine Woche weitgehend selbst gestalten, solange die Fristen am Ende eingehalten werden"
history/2,2026-06-10T14:10:00.000Z,Anna,add,Arbeitsbelastung in der Pflege (Demo)/Ressourcen/Autonomie,DEMO0185,Verwaltung-2,Demo,2026,Interview Verwaltung-2,2,Diese Eigenverantwortung schätze ich sehr
history/2,2026-06-10T14:16:00.000Z,Anna,add,Arbeitsbelastung in der Pflege (Demo)/Bewältigung/Distanz,DEMO0186,Verwaltung-2,Demo,2026,Interview Verwaltung-2,2,"Ich habe genügend Abstand zu den einzelnen Fällen, um nachts wirklich abschalten zu können"
history/2,2026-06-10T14:21:00.000Z,Anna,add,Arbeitsbelastung in der Pflege (Demo)/Bewältigung/Sport,DEMO0187,Verwaltung-2,Demo,2026,Interview Verwaltung-2,2,gehe ich in der Mittagspause regelmäßig eine schnelle Runde walken
history/2,2026-06-10T14:25:00.000Z,Anna,add,Arbeitsbelastung in der Pflege (Demo)/Bewältigung/Sport,DEMO0188,Verwaltung-2,Demo,2026,Interview Verwaltung-2,2,Diese kurze Bewegung an der frischen Luft macht mich für den Nachmittag wieder aufnahmefähig
history/2,2026-06-10T14:30:00.000Z,Anna,add,Arbeitsbelastung in der Pflege (Demo)/Belastung/Zeitdruck,DEMO0189,Verwaltung-2,Demo,2026,Interview Verwaltung-2,2,dass ich zwischen sehr unterschiedlichen Interessen vermitteln muss
history/2,2026-06-10T14:34:00.000Z,Anna,add,Arbeitsbelastung in der Pflege (Demo)/Ressourcen/Autonomie,DEMO0190,Verwaltung-2,Demo,2026,Interview Verwaltung-2,3,Gerade diese Gestaltungsspielräume machen für mich den Reiz der Arbeit aus
history/2,2026-06-10T14:37:00.000Z,Anna,add,Arbeitsbelastung in der Pflege (Demo)/Ressourcen/Autonomie,DEMO0191,Verwaltung-2,Demo,2026,Interview Verwaltung-2,3,Ich kann eigene Vorschläge einbringen und werde nicht bloß als Ausführender behandelt
history/2,2026-06-10T14:40:00.000Z,Anna,add,Arbeitsbelastung in der Pflege (Demo)/Ressourcen/Anerkennung,DEMO0192,Verwaltung-2,Demo,2026,Interview Verwaltung-2,3,ist das für mich die schönste Form der Anerkennung
history/2,2026-06-10T14:42:00.000Z,Anna,add,Arbeitsbelastung in der Pflege (Demo)/Ressourcen/Anerkennung,DEMO0193,Verwaltung-2,Demo,2026,Interview Verwaltung-2,3,wenn gute Ideen im Dickicht der Zuständigkeiten einfach versanden
history/2,2026-06-10T14:47:00.000Z,Anna,add,Arbeitsbelastung in der Pflege (Demo)/Belastung/Zeitdruck,DEMO0194,Verwaltung-2,Demo,2026,Interview Verwaltung-2,3,Der wachsende Dokumentationsaufwand raubt uns zusätzlich die Zeit für die eigentlich wichtigen Dinge
history/2,2026-06-10T14:50:00.000Z,Anna,add,Arbeitsbelastung in der Pflege (Demo)/Belastung/Zeitdruck,DEMO0195,Verwaltung-2,Demo,2026,Interview Verwaltung-2,3,schiebe ich regelmäßig eine Woche mit Überstunden
history/2,2026-06-10T14:52:00.000Z,Anna,add,Arbeitsbelastung in der Pflege (Demo)/Belastung/Zeitdruck,DEMO0196,Verwaltung-2,Demo,2026,Interview Verwaltung-2,3,weil einfach zu vieles gleichzeitig auf mich einprasselt
history/2,2026-06-10T14:58:00.000Z,Anna,add,Arbeitsbelastung in der Pflege (Demo)/Ressourcen/Team,DEMO0197,Verwaltung-2,Demo,2026,Interview Verwaltung-2,3,fängt mich unser eingespieltes Team in solchen Phasen zuverlässig auf
history/2,2026-06-10T15:04:00.000Z,Anna,add,Arbeitsbelastung in der Pflege (Demo)/Ressourcen/Team,DEMO0198,Verwaltung-2,Demo,2026,Interview Verwaltung-2,3,"Man reicht sich gegenseitig die Aufgaben zu, ohne dass ein böses Wort fällt"
history/2,2026-06-10T15:06:00.000Z,Anna,add,Arbeitsbelastung in der Pflege (Demo)/Ressourcen/Team,DEMO0199,Verwaltung-2,Demo,2026,Interview Verwaltung-2,3,Diesen Rückhalt unter Kollegen habe ich in meiner alten Abteilung schmerzlich vermisst
history/2,2026-06-11T09:03:00.000Z,Anna,add,Arbeitsbelastung in der Pflege (Demo)/Ressourcen/Autonomie,DEMO0200,Verwaltung-3,Demo,2026,Interview Verwaltung-3,1,Zu Hause kann ich mich oft viel besser konzentrieren als im Großraumbüro
history/2,2026-06-11T09:06:00.000Z,Anna,add,Arbeitsbelastung in der Pflege (Demo)/Ressourcen/Autonomie,DEMO0201,Verwaltung-3,Demo,2026,Interview Verwaltung-3,1,Diese selbstbestimmte Arbeitsweise hat meine Zufriedenheit spürbar erhöht
history/2,2026-06-11T09:12:00.000Z,Anna,add,Arbeitsbelastung in der Pflege (Demo)/Ressourcen/Autonomie,DEMO0202,Verwaltung-3,Demo,2026,Interview Verwaltung-3,1,"Ich teile mir die Aufgaben so ein, dass die anspruchsvollen Auswertungen in meine konzentrierten Vormittagsstunden fallen"
history/2,2026-06-11T09:15:00.000Z,Anna,add,Arbeitsbelastung in der Pflege (Demo)/Ressourcen/Autonomie,DEMO0203,Verwaltung-3,Demo,2026,Interview Verwaltung-3,1,Die Routineaufgaben schiebe ich bewusst in den Nachmittag
history/2,2026-06-11T09:20:00.000Z,Anna,add,Arbeitsbelastung in der Pflege (Demo)/Ressourcen/Autonomie,DEMO0204,Verwaltung-3,Demo,2026,Interview Verwaltung-3,1,"Dass ich meinen Tag so frei einteilen kann, ist für mich der größte Vorzug dieser Stelle"
history/2,2026-06-11T09:25:00.000Z,Anna,add,Arbeitsbelastung in der Pflege (Demo)/Belastung/Zeitdruck,DEMO0205,Verwaltung-3,Demo,2026,Interview Verwaltung-3,1,die schiere Menge an Videokonferenzen
history/2,2026-06-11T09:29:00.000Z,Anna,add,Arbeitsbelastung in der Pflege (Demo)/Belastung/Zeitdruck,DEMO0206,Verwaltung-3,Demo,2026,Interview Verwaltung-3,1,"Manche Tage bestehen fast nur aus Meetings, und für die eigentliche Arbeit bleibt kaum etwas übrig"
history/2,2026-06-11T09:32:00.000Z,Anna,add,Arbeitsbelastung in der Pflege (Demo)/Belastung/Zeitdruck,DEMO0207,Verwaltung-3,Demo,2026,Interview Verwaltung-3,1,"Oft sitze ich abends noch an den Auswertungen, die tagsüber liegen geblieben sind"
history/2,2026-06-11T09:35:00.000Z,Anna,add,Arbeitsbelastung in der Pflege (Demo)/Belastung/Zeitdruck,DEMO0208,Verwaltung-3,Demo,2026,Interview Verwaltung-3,1,Diese ständige Zerstückelung des Tages durch Besprechungen finde ich auf Dauer zermürbend
history/2,2026-06-11T09:39:00.000Z,Anna,add,Arbeitsbelastung in der Pflege (Demo)/Bewältigung/Sport,DEMO0209,Verwaltung-3,Demo,2026,Interview Verwaltung-3,1,mache ich abends konsequent Sport
history/2,2026-06-11T09:43:00.000Z,Anna,add,Arbeitsbelastung in der Pflege (Demo)/Bewältigung/Sport,DEMO0210,Verwaltung-3,Demo,2026,Interview Verwaltung-3,1,"Zweimal die Woche gehe ich schwimmen, vor allem um meinen Rücken vom vielen Sitzen zu entlasten"
history/2,2026-06-11T09:47:00.000Z,Anna,add,Arbeitsbelastung in der Pflege (Demo)/Bewältigung/Sport,DEMO0211,Verwaltung-3,Demo,2026,Interview Verwaltung-3,1,wenigstens eine halbe Stunde spazieren zu gehen
history/2,2026-06-11T09:49:00.000Z,Anna,add,Arbeitsbelastung in der Pflege (Demo)/Bewältigung/Sport,DEMO0212,Verwaltung-3,Demo,2026,Interview Verwaltung-3,1,Ohne diesen körperlichen Ausgleich wäre ich abends deutlich unausgeglichener
history/2,2026-06-11T09:55:00.000Z,Anna,add,Arbeitsbelastung in der Pflege (Demo)/Bewältigung/Distanz,DEMO0213,Verwaltung-3,Demo,2026,Interview Verwaltung-3,2,"der wichtigste Schalter, um vom Arbeitsmodus in den Feierabend zu wechseln"
history/2,2026-06-11T09:59:00.000Z,Anna,add,Arbeitsbelastung in der Pflege (Demo)/Bewältigung/Distanz,DEMO0214,Verwaltung-3,Demo,2026,Interview Verwaltung-3,2,Das unmittelbare Leid der Patienten erreicht mich in meiner Rolle ohnehin nur über Zahlen und Berichte
history/2,2026-06-11T10:03:00.000Z,Anna,add,Arbeitsbelastung in der Pflege (Demo)/Bewältigung/Distanz,DEMO0215,Verwaltung-3,Demo,2026,Interview Verwaltung-3,2,Diese Distanz nehme ich bewusst in Kauf
history/2,2026-06-11T10:08:00.000Z,Anna,add,Arbeitsbelastung in der Pflege (Demo)/Bewältigung/Distanz,DEMO0216,Verwaltung-3,Demo,2026,Interview Verwaltung-3,2,"Heute betrachte ich dieselben Vorgänge nüchtern als Kennzahl, und das tut mir gut"
history/2,2026-06-11T10:11:00.000Z,Anna,add,Arbeitsbelastung in der Pflege (Demo)/Belastung/emotional,DEMO0217,Verwaltung-3,Demo,2026,Interview Verwaltung-3,2,ob ich den Bezug zum eigentlichen Sinn der Arbeit nicht ein Stück verloren habe
history/2,2026-06-11T10:15:00.000Z,Anna,add,Arbeitsbelastung in der Pflege (Demo)/Ressourcen/Anerkennung,DEMO0218,Verwaltung-3,Demo,2026,Interview Verwaltung-3,2,wenn meine Analysen einer Leitung eine gute Entscheidung ermöglichen
history/2,2026-06-11T10:19:00.000Z,Anna,add,Arbeitsbelastung in der Pflege (Demo)/Ressourcen/Anerkennung,DEMO0219,Verwaltung-3,Demo,2026,Interview Verwaltung-3,2,So ein Dankeschön für eine belastbare Auswertung freut mich jedes Mal aufs Neue
history/2,2026-06-11T10:22:00.000Z,Anna,add,Arbeitsbelastung in der Pflege (Demo)/Ressourcen/Autonomie,DEMO0220,Verwaltung-3,Demo,2026,Interview Verwaltung-3,2,dass ich meine Umgebung selbst gestalten kann
history/2,2026-06-11T10:26:00.000Z,Anna,add,Arbeitsbelastung in der Pflege (Demo)/Ressourcen/Autonomie,DEMO0221,Verwaltung-3,Demo,2026,Interview Verwaltung-3,2,"Ich richte mir den Tag so ein, wie es meiner Konzentration am besten entspricht"
history/2,2026-06-11T10:30:00.000Z,Anna,add,Arbeitsbelastung in der Pflege (Demo)/Ressourcen/Autonomie,DEMO0222,Verwaltung-3,Demo,2026,Interview Verwaltung-3,2,"Niemand kontrolliert, wann genau ich welche Pause mache, solange die Zahlen am Ende stimmen"
history/2,2026-06-11T10:35:00.000Z,Anna,add,Arbeitsbelastung in der Pflege (Demo)/Ressourcen/Autonomie,DEMO0223,Verwaltung-3,Demo,2026,Interview Verwaltung-3,2,Diese Selbstbestimmung ist für mich der eigentliche Kern von Arbeitszufriedenheit
history/2,2026-06-11T10:38:00.000Z,Anna,add,Arbeitsbelastung in der Pflege (Demo)/Belastung/Zeitdruck,DEMO0224,Verwaltung-3,Demo,2026,Interview Verwaltung-3,3,"die endlosen Abstimmungsrunden, die sich per Video noch leichter vermehren"
history/2,2026-06-11T10:43:00.000Z,Anna,add,Arbeitsbelastung in der Pflege (Demo)/Belastung/Zeitdruck,DEMO0225,Verwaltung-3,Demo,2026,Interview Verwaltung-3,3,schon ist der halbe Tag verplant
history/2,2026-06-11T10:49:00.000Z,Anna,add,Arbeitsbelastung in der Pflege (Demo)/Belastung/Zeitdruck,DEMO0226,Verwaltung-3,Demo,2026,Interview Verwaltung-3,3,Diese Meeting-Flut ist der größte Zeitfresser in meinem gesamten Arbeitsalltag
history/2,2026-06-11T10:54:00.000Z,Anna,add,Arbeitsbelastung in der Pflege (Demo)/Bewältigung/Sport,DEMO0227,Verwaltung-3,Demo,2026,Interview Verwaltung-3,3,ist der abendliche Sport für mich Pflichtprogramm
history/2,2026-06-11T10:57:00.000Z,Anna,add,Arbeitsbelastung in der Pflege (Demo)/Bewältigung/Sport,DEMO0228,Verwaltung-3,Demo,2026,Interview Verwaltung-3,3,Nach dem Schwimmen fühle ich mich körperlich wie neu geboren und kann richtig abschalten
history/2,2026-06-11T11:02:00.000Z,Anna,add,Arbeitsbelastung in der Pflege (Demo)/Bewältigung/Distanz,DEMO0229,Verwaltung-3,Demo,2026,Interview Verwaltung-3,3,"Ich sehe eben Tabellen und Kennzahlen, keine leidenden Menschen an einem Krankenbett"
history/2,2026-06-11T11:07:00.000Z,Anna,add,Arbeitsbelastung in der Pflege (Demo)/Ressourcen/Anerkennung,DEMO0230,Verwaltung-3,Demo,2026,Interview Verwaltung-3,3,Ein ehrliches Lob für eine treffsichere Prognose ist für mich der schönste Lohn
history/2,2026-06-11T13:03:00.000Z,Anna,add,Arbeitsbelastung in der Pflege (Demo)/Ressourcen/Autonomie,DEMO0231,Verwaltung-4,Demo,2026,Interview Verwaltung-4,1,dass ich meine Projekte weitgehend eigenverantwortlich steuern kann
history/2,2026-06-11T13:06:00.000Z,Anna,add,Arbeitsbelastung in der Pflege (Demo)/Ressourcen/Autonomie,DEMO0232,Verwaltung-4,Demo,2026,Interview Verwaltung-4,1,"Ich setze eigene Schwerpunkte und entscheide selbst, welche Themen ich zuerst angehe"
history/2,2026-06-11T13:09:00.000Z,Anna,add,Arbeitsbelastung in der Pflege (Demo)/Ressourcen/Autonomie,DEMO0233,Verwaltung-4,Demo,2026,Interview Verwaltung-4,1,Diese Eigenständigkeit empfinde ich als großes Privileg gegenüber vielen anderen Bereichen
history/2,2026-06-11T13:15:00.000Z,Anna,add,Arbeitsbelastung in der Pflege (Demo)/Ressourcen/Autonomie,DEMO0234,Verwaltung-4,Demo,2026,Interview Verwaltung-4,1,redet mir niemand in den Weg hinein
history/2,2026-06-11T13:17:00.000Z,Anna,add,Arbeitsbelastung in der Pflege (Demo)/Ressourcen/Autonomie,DEMO0235,Verwaltung-4,Demo,2026,Interview Verwaltung-4,1,kann ich meine eigenen Ideen einbringen
history/2,2026-06-11T13:23:00.000Z,Anna,add,Arbeitsbelastung in der Pflege (Demo)/Ressourcen/Anerkennung,DEMO0236,Verwaltung-4,Demo,2026,Interview Verwaltung-4,1,"Anerkennung bekomme ich vor allem dann, wenn eine mühsam ausgehandelte Lösung am Ende alle Beteiligten zufriedenstellt"
history/2,2026-06-11T13:27:00.000Z,Anna,add,Arbeitsbelastung in der Pflege (Demo)/Ressourcen/Anerkennung,DEMO0237,Verwaltung-4,Demo,2026,Interview Verwaltung-4,1,"Solche Rückmeldungen sind selten, aber dafür umso wertvoller"
history/2,2026-06-11T13:30:00.000Z,Anna,add,Arbeitsbelastung in der Pflege (Demo)/Ressourcen/Anerkennung,DEMO0238,Verwaltung-4,Demo,2026,Interview Verwaltung-4,1,"Wenn eine Stationsleitung mir nach zähen Verhandlungen ehrlich dankt, weiß ich, wofür ich mich abgemüht habe"
history/2,2026-06-11T13:35:00.000Z,Anna,add,Arbeitsbelastung in der Pflege (Demo)/Bewältigung/Humor,DEMO0239,Verwaltung-4,Demo,2026,Interview Verwaltung-4,1,Über solche Konflikte kann ich inzwischen mit einer guten Portion Ironie hinweggehen
history/2,2026-06-11T13:39:00.000Z,Anna,add,Arbeitsbelastung in der Pflege (Demo)/Bewältigung/Humor,DEMO0240,Verwaltung-4,Demo,2026,Interview Verwaltung-4,2,Ein bisschen Humor im richtigen Moment nimmt vielen hitzigen Diskussionen die Schärfe
history/2,2026-06-11T13:43:00.000Z,Anna,add,Arbeitsbelastung in der Pflege (Demo)/Bewältigung/Humor,DEMO0241,Verwaltung-4,Demo,2026,Interview Verwaltung-4,2,dass man mit einem Lächeln oft mehr erreicht als mit dem dicksten Dienstweg
history/2,2026-06-11T13:48:00.000Z,Anna,add,Arbeitsbelastung in der Pflege (Demo)/Bewältigung/Distanz,DEMO0242,Verwaltung-4,Demo,2026,Interview Verwaltung-4,2,"berührt mich der Druck der Stationen nur noch mittelbar, ich betrachte die Dinge mit dem nötigen Abstand"
history/2,2026-06-11T13:52:00.000Z,Anna,add,Arbeitsbelastung in der Pflege (Demo)/Bewältigung/Distanz,DEMO0243,Verwaltung-4,Demo,2026,Interview Verwaltung-4,2,"Diese professionelle Distanz hilft mir, auch in aufgeladenen Gesprächen sachlich zu bleiben"
history/2,2026-06-11T13:56:00.000Z,Anna,add,Arbeitsbelastung in der Pflege (Demo)/Bewältigung/Distanz,DEMO0244,Verwaltung-4,Demo,2026,Interview Verwaltung-4,2,"Wer sich jeden Konflikt zu Herzen nimmt, hält es in einer Personalstelle nicht lange aus"
history/2,2026-06-11T14:01:00.000Z,Anna,add,Arbeitsbelastung in der Pflege (Demo)/Belastung/emotional,DEMO0245,Verwaltung-4,Demo,2026,Interview Verwaltung-4,2,hinter jedem Vorgang den einzelnen Menschen mit seinen Sorgen zu sehen
history/2,2026-06-11T14:05:00.000Z,Anna,add,Arbeitsbelastung in der Pflege (Demo)/Bewältigung/Sport,DEMO0246,Verwaltung-4,Demo,2026,Interview Verwaltung-4,2,spiele ich zweimal die Woche Volleyball im Verein
history/2,2026-06-11T14:08:00.000Z,Anna,add,Arbeitsbelastung in der Pflege (Demo)/Bewältigung/Sport,DEMO0247,Verwaltung-4,Demo,2026,Interview Verwaltung-4,2,"ist so ein Training genau das Richtige, um abzuschalten"
history/2,2026-06-11T14:11:00.000Z,Anna,add,Arbeitsbelastung in der Pflege (Demo)/Belastung/emotional,DEMO0248,Verwaltung-4,Demo,2026,Interview Verwaltung-4,2,"versuche, im Rahmen des Möglichen gegenzusteuern"
history/2,2026-06-11T14:14:00.000Z,Anna,add,Arbeitsbelastung in der Pflege (Demo)/Ressourcen/Autonomie,DEMO0249,Verwaltung-4,Demo,2026,Interview Verwaltung-4,3,"Dass ich meine Projekte dabei frei priorisieren kann, gibt mir das Gefühl, wirklich etwas bewegen zu können"
history/2,2026-06-11T14:19:00.000Z,Anna,add,Arbeitsbelastung in der Pflege (Demo)/Ressourcen/Autonomie,DEMO0250,Verwaltung-4,Demo,2026,Interview Verwaltung-4,3,Diese Eigenverantwortung ist für mich das Herzstück der Arbeit
history/2,2026-06-11T14:24:00.000Z,Anna,add,Arbeitsbelastung in der Pflege (Demo)/Ressourcen/Anerkennung,DEMO0251,Verwaltung-4,Demo,2026,Interview Verwaltung-4,3,"für eine überlastete Station eine spürbare Entlastung auszuhandeln, bin ich richtig stolz"
history/2,2026-06-11T14:28:00.000Z,Anna,add,Arbeitsbelastung in der Pflege (Demo)/Ressourcen/Anerkennung,DEMO0252,Verwaltung-4,Demo,2026,Interview Verwaltung-4,3,Ein anerkennendes Wort der Betroffenen bedeutet mir dann mehr als jede Urkunde
history/2,2026-06-11T14:33:00.000Z,Anna,add,Arbeitsbelastung in der Pflege (Demo)/Bewältigung/Distanz,DEMO0253,Verwaltung-4,Demo,2026,Interview Verwaltung-4,3,wenn zwischen Schreibtisch und Stationsalltag Welten aufeinanderprallen
history/2,2026-06-11T14:37:00.000Z,Anna,add,Arbeitsbelastung in der Pflege (Demo)/Bewältigung/Humor,DEMO0254,Verwaltung-4,Demo,2026,Interview Verwaltung-4,3,"Mit trockenem Humor gelingt es mir meistens, auch verfahrene Gespräche wieder zu entspannen"
history/2,2026-06-11T14:43:00.000Z,Anna,add,Arbeitsbelastung in der Pflege (Demo)/Bewältigung/Distanz,DEMO0255,Verwaltung-4,Demo,2026,Interview Verwaltung-4,3,die täglichen Reibereien nicht mehr persönlich zu nehmen
history/2,2026-06-11T14:46:00.000Z,Anna,add,Arbeitsbelastung in der Pflege (Demo)/Bewältigung/Distanz,DEMO0256,Verwaltung-4,Demo,2026,Interview Verwaltung-4,3,"Diesen professionellen Abstand zu wahren, ist in meiner Position schlicht überlebenswichtig"
history/2,2026-06-11T14:50:00.000Z,Anna,add,Arbeitsbelastung in der Pflege (Demo)/Bewältigung/Sport,DEMO0257,Verwaltung-4,Demo,2026,Interview Verwaltung-4,3,"sorgt mein Vereinssport, der mir nach Bürotagen richtig guttut"
history/2,2026-06-15T09:04:00.000Z,Robert,add,Arbeitsbelastung in der Pflege (Demo)/Belastung/Zeitdruck,DEMO0001,Station-1,Demo,2026,Interview Station-1,1,Der Zeitdruck hat in dieser Zeit spürbar zugenommen
history/2,2026-06-15T09:08:00.000Z,Robert,add,Arbeitsbelastung in der Pflege (Demo)/Belastung/Zeitdruck,DEMO0002,Station-1,Demo,2026,Interview Station-1,1,wir hetzen oft von einem Zimmer zum nächsten
history/2,2026-06-15T09:12:00.000Z,Robert,add,Arbeitsbelastung in der Pflege (Demo)/Belastung/Zeitdruck,DEMO0003,Station-1,Demo,2026,Interview Station-1,1,"muss ich in Sekunden entscheiden, wer zuerst versorgt wird"
history/2,2026-06-15T09:16:00.000Z,Robert,add,Arbeitsbelastung in der Pflege (Demo)/Belastung/emotional,DEMO0004,Station-1,Demo,2026,Interview Station-1,1,Diese ständige Priorisierung ist für mich das Zermürbendste am ganzen Beruf
history/2,2026-06-15T09:22:00.000Z,Robert,add,Arbeitsbelastung in der Pflege (Demo)/Belastung/Zeitdruck,DEMO0005,Station-1,Demo,2026,Interview Station-1,1,"wenn die Kräfte nachlassen, wird jede zusätzliche Klingel zur Zerreißprobe"
history/2,2026-06-15T09:27:00.000Z,Robert,add,Arbeitsbelastung in der Pflege (Demo)/Ressourcen/Team,DEMO0006,Station-1,Demo,2026,Interview Station-1,1,war sie sofort da und hat mit angepackt
history/2,2026-06-15T09:30:00.000Z,Robert,add,Arbeitsbelastung in der Pflege (Demo)/Ressourcen/Team,DEMO0007,Station-1,Demo,2026,Interview Station-1,1,ich mich blind auf meine Kolleginnen verlassen kann
history/2,2026-06-15T09:32:00.000Z,Robert,add,Arbeitsbelastung in der Pflege (Demo)/Ressourcen/Team,DEMO0008,Station-1,Demo,2026,Interview Station-1,1,"Dieser Rückhalt im Team ist im Grunde der einzige Grund, warum ich überhaupt noch durchhalte"
history/2,2026-06-15T09:37:00.000Z,Robert,add,Arbeitsbelastung in der Pflege (Demo)/Belastung/emotional,DEMO0009,Station-1,Demo,2026,Interview Station-1,1,"reißen wir im Dienstzimmer manchmal derbe Witze, sonst würde man verzweifeln"
history/2,2026-06-15T09:41:00.000Z,Robert,add,Arbeitsbelastung in der Pflege (Demo)/Bewältigung/Humor,DEMO0010,Station-1,Demo,2026,Interview Station-1,1,unter uns lockert er die schlimmste Anspannung
history/2,2026-06-15T09:44:00.000Z,Robert,add,Arbeitsbelastung in der Pflege (Demo)/Belastung/emotional,DEMO0011,Station-1,Demo,2026,Interview Station-1,2,manche Schicksale nehme ich mit nach Hause
history/2,2026-06-15T09:49:00.000Z,Robert,add,Arbeitsbelastung in der Pflege (Demo)/Belastung/emotional,DEMO0012,Station-1,Demo,2026,Interview Station-1,2,"Besonders der Tod einer jungen Patientin, die ich wochenlang begleitet hatte, hat mich lange verfolgt"
history/2,2026-06-15T09:52:00.000Z,Robert,add,Arbeitsbelastung in der Pflege (Demo)/Belastung/emotional,DEMO0013,Station-1,Demo,2026,Interview Station-1,2,"bewusst eine innere Grenze zu ziehen, sonst hält man das nicht durch"
history/2,2026-06-15T09:55:00.000Z,Robert,add,Arbeitsbelastung in der Pflege (Demo)/Bewältigung/Distanz,DEMO0014,Station-1,Demo,2026,Interview Station-1,2,nach Feierabend abzuschalten und nicht ständig gedanklich auf der Station zu sein
history/2,2026-06-15T09:58:00.000Z,Robert,add,Arbeitsbelastung in der Pflege (Demo)/Bewältigung/Sport,DEMO0015,Station-1,Demo,2026,Interview Station-1,2,"gehe ich oft noch eine große Runde zu Fuß, um den Kopf frei zu bekommen"
history/2,2026-06-15T10:03:00.000Z,Robert,add,Arbeitsbelastung in der Pflege (Demo)/Belastung/emotional,DEMO0016,Station-1,Demo,2026,Interview Station-1,2,"Am Ende einer Nachtdienstwoche bin ich manchmal so leer, dass ich am freien Tag zu gar nichts komme"
history/2,2026-06-15T10:09:00.000Z,Robert,add,Arbeitsbelastung in der Pflege (Demo)/Belastung/körperlich,DEMO0017,Station-1,Demo,2026,Interview Station-1,2,Der ewige Wechsel zwischen Tag und Nacht bringt meinen Schlafrhythmus völlig durcheinander
history/2,2026-06-15T10:14:00.000Z,Robert,add,Arbeitsbelastung in der Pflege (Demo)/Belastung/körperlich,DEMO0018,Station-1,Demo,2026,Interview Station-1,2,das Umlagern schwerer Patienten allein im Nachtdienst eine echte Zumutung
history/2,2026-06-15T10:18:00.000Z,Robert,add,Arbeitsbelastung in der Pflege (Demo)/Belastung/körperlich,DEMO0019,Station-1,Demo,2026,Interview Station-1,2,"Meinen Rücken spüre ich inzwischen jeden Morgen, wenn ich aus dem Bett komme"
history/2,2026-06-15T10:20:00.000Z,Robert,add,Arbeitsbelastung in der Pflege (Demo)/Belastung/Zeitdruck,DEMO0020,Station-1,Demo,2026,Interview Station-1,2,eine einzige Krankmeldung die ganze Nacht kippen lässt
history/2,2026-06-15T10:24:00.000Z,Robert,add,Arbeitsbelastung in der Pflege (Demo)/Belastung/Zeitdruck,DEMO0021,Station-1,Demo,2026,Interview Station-1,2,"Die Dokumentation frisst zusätzlich Zeit, die eigentlich den Patienten gehören müsste"
history/2,2026-06-15T10:26:00.000Z,Robert,add,Arbeitsbelastung in der Pflege (Demo)/Ressourcen/Anerkennung,DEMO0022,Station-1,Demo,2026,Interview Station-1,2,Ein anerkennendes Wort von der Leitung höre ich dagegen so gut wie nie
history/2,2026-06-15T10:29:00.000Z,Robert,add,Arbeitsbelastung in der Pflege (Demo)/Ressourcen/Anerkennung,DEMO0023,Station-1,Demo,2026,Interview Station-1,2,"Man setzt einfach voraus, dass nachts alles reibungslos läuft"
history/2,2026-06-15T10:32:00.000Z,Robert,add,Arbeitsbelastung in der Pflege (Demo)/Ressourcen/Team,DEMO0024,Station-1,Demo,2026,Interview Station-1,3,setzen wir uns zusammen und reden in Ruhe
history/2,2026-06-15T10:35:00.000Z,Robert,add,Arbeitsbelastung in der Pflege (Demo)/Bewältigung/Humor,DEMO0026,Station-1,Demo,2026,Interview Station-1,3,"ein zynischer Spruch über den Dienstplan, um die Anspannung zu lösen"
history/2,2026-06-15T10:39:00.000Z,Robert,add,Arbeitsbelastung in der Pflege (Demo)/Bewältigung/Sport,DEMO0027,Station-1,Demo,2026,Interview Station-1,3,An freien Tagen gehe ich inzwischen bewusst schwimmen
history/2,2026-06-15T10:43:00.000Z,Robert,add,Arbeitsbelastung in der Pflege (Demo)/Belastung/Zeitdruck,DEMO0028,Station-1,Demo,2026,Interview Station-1,3,An den Zeitdruck werde ich mich wohl nie gewöhnen
history/2,2026-06-15T10:45:00.000Z,Robert,add,Arbeitsbelastung in der Pflege (Demo)/Ressourcen/Team,DEMO0029,Station-1,Demo,2026,Interview Station-1,3,dass wir als Team jede Nacht irgendwie gemeinsam durchstehen
history/2,2026-06-15T10:50:00.000Z,Robert,add,Arbeitsbelastung in der Pflege (Demo)/Belastung/Zeitdruck,DEMO0030,Station-1,Demo,2026,Interview Station-1,3,in wenigen Minuten alles Wichtige weitergegeben werden muss
history/2,2026-06-15T10:53:00.000Z,Robert,add,Arbeitsbelastung in der Pflege (Demo)/Belastung/Zeitdruck,DEMO0031,Station-1,Demo,2026,Interview Station-1,3,"wäre mir unter dem Druck fast ein wichtiges Medikament durchgerutscht, das hat mich tagelang verfolgt"
history/2,2026-06-15T10:59:00.000Z,Robert,add,Arbeitsbelastung in der Pflege (Demo)/Ressourcen/Team,DEMO0032,Station-1,Demo,2026,Interview Station-1,4,dass ohne den Zusammenhalt im Team längst niemand mehr hier wäre
history/2,2026-06-15T11:04:00.000Z,Robert,add,Arbeitsbelastung in der Pflege (Demo)/Belastung/körperlich,DEMO0033,Station-1,Demo,2026,Interview Station-1,4,nur um körperlich wieder auf die Beine zu kommen
history/2,2026-06-15T11:10:00.000Z,Robert,add,Arbeitsbelastung in der Pflege (Demo)/Belastung/emotional,DEMO0034,Station-1,Demo,2026,Interview Station-1,4,meist nur als müdes Bündel auf dem Sofa zu sehen
history/2,2026-06-15T11:12:00.000Z,Robert,add,Arbeitsbelastung in der Pflege (Demo)/Belastung/emotional,DEMO0035,Station-1,Demo,2026,Interview Station-1,4,"Dieses schlechte Gewissen, zu Hause nicht richtig präsent zu sein, begleitet mich ständig"
history/2,2026-06-15T11:16:00.000Z,Robert,add,Arbeitsbelastung in der Pflege (Demo)/Bewältigung/Sport,DEMO0036,Station-1,Demo,2026,Interview Station-1,4,"mein fester Lauftreff, der mir Struktur und Ausgleich gibt"
history/2,2026-06-15T11:20:00.000Z,Robert,add,Arbeitsbelastung in der Pflege (Demo)/Bewältigung/Distanz,DEMO0037,Station-1,Demo,2026,Interview Station-1,4,Beim gemeinsamen Laufen kann ich abschalten und bin für ein paar Stunden einfach nur Mensch
history/2,2026-06-15T11:23:00.000Z,Robert,add,Arbeitsbelastung in der Pflege (Demo)/Ressourcen/Anerkennung,DEMO0038,Station-1,Demo,2026,Interview Station-1,4,mit einer selbstgeschriebenen Karte bei uns bedankt
history/2,2026-06-15T11:27:00.000Z,Robert,add,Arbeitsbelastung in der Pflege (Demo)/Ressourcen/Anerkennung,DEMO0039,Station-1,Demo,2026,Interview Station-1,4,wiegt die fehlende Anerkennung von oben ein Stück weit auf
history/2,2026-06-15T13:03:00.000Z,Robert,add,Arbeitsbelastung in der Pflege (Demo)/Belastung/körperlich,DEMO0040,Station-2,Demo,2026,Interview Station-2,1,war anfangs von der körperlichen Wucht des Berufs überrascht
history/2,2026-06-15T13:07:00.000Z,Robert,add,Arbeitsbelastung in der Pflege (Demo)/Belastung/körperlich,DEMO0041,Station-2,Demo,2026,Interview Station-2,1,"Das ständige Heben, Umlagern und Stützen der Patienten spüre ich abends in jedem Knochen"
history/2,2026-06-15T13:12:00.000Z,Robert,add,Arbeitsbelastung in der Pflege (Demo)/Belastung/körperlich,DEMO0042,Station-2,Demo,2026,Interview Station-2,1,tut mir regelmäßig der untere Rücken weh
history/2,2026-06-15T13:18:00.000Z,Robert,add,Arbeitsbelastung in der Pflege (Demo)/Belastung/Zeitdruck,DEMO0043,Station-2,Demo,2026,Interview Station-2,1,im hektischen Alltag bleibt dafür oft keine Zeit
history/2,2026-06-15T13:23:00.000Z,Robert,add,Arbeitsbelastung in der Pflege (Demo)/Belastung/körperlich,DEMO0044,Station-2,Demo,2026,Interview Station-2,1,"wenn alle gewaschen und mobilisiert werden müssen, arbeite ich am Anschlag"
history/2,2026-06-15T13:26:00.000Z,Robert,add,Arbeitsbelastung in der Pflege (Demo)/Belastung/emotional,DEMO0045,Station-2,Demo,2026,Interview Station-2,1,"Der erste sterbende Patient, den ich begleitet habe, war eine Erfahrung, die mich lange nicht losgelassen hat"
history/2,2026-06-15T13:31:00.000Z,Robert,add,Arbeitsbelastung in der Pflege (Demo)/Belastung/emotional,DEMO0046,Station-2,Demo,2026,Interview Station-2,1,Ich habe damals im Dienstzimmer geweint
history/2,2026-06-15T13:35:00.000Z,Robert,add,Arbeitsbelastung in der Pflege (Demo)/Ressourcen/Team,DEMO0047,Station-2,Demo,2026,Interview Station-2,1,"Dass die Erfahreneren einen in solchen Momenten auffangen, hat mir über die schwerste Zeit hinweggeholfen"
history/2,2026-06-15T13:40:00.000Z,Robert,add,Arbeitsbelastung in der Pflege (Demo)/Belastung/emotional,DEMO0048,Station-2,Demo,2026,Interview Station-2,1,Genau dieses Abgrenzen fällt mir bis heute am schwersten von allem
history/2,2026-06-15T13:45:00.000Z,Robert,add,Arbeitsbelastung in der Pflege (Demo)/Bewältigung/Humor,DEMO0049,Station-2,Demo,2026,Interview Station-2,1,ein trockener Spruch im richtigen Moment eine ganze Schicht retten kann
history/2,2026-06-15T13:49:00.000Z,Robert,add,Arbeitsbelastung in der Pflege (Demo)/Ressourcen/Team,DEMO0050,Station-2,Demo,2026,Interview Station-2,1,"Wir lachen viel miteinander, gerade dann, wenn eigentlich alles zu viel wird"
history/2,2026-06-15T13:52:00.000Z,Robert,add,Arbeitsbelastung in der Pflege (Demo)/Belastung/emotional,DEMO0051,Station-2,Demo,2026,Interview Station-2,2,"Angst, unter Zeitdruck einen Fehler bei der Medikamentengabe zu machen"
history/2,2026-06-15T13:57:00.000Z,Robert,add,Arbeitsbelastung in der Pflege (Demo)/Belastung/Zeitdruck,DEMO0052,Station-2,Demo,2026,Interview Station-2,2,"Dieser Druck, immer alles gleichzeitig richtig machen zu müssen, hat mir anfangs den Schlaf geraubt"
history/2,2026-06-15T14:00:00.000Z,Robert,add,Arbeitsbelastung in der Pflege (Demo)/Belastung/emotional,DEMO0053,Station-2,Demo,2026,Interview Station-2,2,"Trotzdem gibt es Tage, an denen ich mit einem Kloß im Hals nach Hause fahre"
history/2,2026-06-15T14:05:00.000Z,Robert,add,Arbeitsbelastung in der Pflege (Demo)/Ressourcen/Anerkennung,DEMO0054,Station-2,Demo,2026,Interview Station-2,2,"So ein ehrliches Dankeschön von einem Menschen, den man versorgt hat, trägt mich über Wochen"
history/2,2026-06-15T14:09:00.000Z,Robert,add,Arbeitsbelastung in der Pflege (Demo)/Ressourcen/Anerkennung,DEMO0055,Station-2,Demo,2026,Interview Station-2,2,ist ein Wort der Anerkennung von der Stationsleitung
history/2,2026-06-15T14:15:00.000Z,Robert,add,Arbeitsbelastung in der Pflege (Demo)/Ressourcen/Anerkennung,DEMO0056,Station-2,Demo,2026,Interview Station-2,2,Ein kurzes Lob für einen besonders harten Dienst höre ich von oben so gut wie nie
history/2,2026-06-15T14:17:00.000Z,Robert,add,Arbeitsbelastung in der Pflege (Demo)/Bewältigung/Sport,DEMO0058,Station-2,Demo,2026,Interview Station-2,2,habe ich vor einem Jahr mit dem Laufen angefangen
history/2,2026-06-15T14:22:00.000Z,Robert,add,Arbeitsbelastung in der Pflege (Demo)/Bewältigung/Sport,DEMO0059,Station-2,Demo,2026,Interview Station-2,2,Dreimal die Woche drehe ich eine Runde durch den Park
history/2,2026-06-15T14:26:00.000Z,Robert,add,Arbeitsbelastung in der Pflege (Demo)/Belastung/körperlich,DEMO0060,Station-2,Demo,2026,Interview Station-2,2,meinen durch die Arbeit strapazierten Rücken zu stärken
history/2,2026-06-15T14:32:00.000Z,Robert,add,Arbeitsbelastung in der Pflege (Demo)/Ressourcen/Team,DEMO0061,Station-2,Demo,2026,Interview Station-2,2,dass ich mich auf mein Team hundertprozentig verlassen kann
history/2,2026-06-15T14:35:00.000Z,Robert,add,Arbeitsbelastung in der Pflege (Demo)/Ressourcen/Team,DEMO0062,Station-2,Demo,2026,Interview Station-2,2,sondern zeigt es mir einfach noch einmal
history/2,2026-06-15T14:39:00.000Z,Robert,add,Arbeitsbelastung in der Pflege (Demo)/Ressourcen/Team,DEMO0063,Station-2,Demo,2026,Interview Station-2,3,Diese Offenheit im Team nimmt mir viel von dem Druck
history/2,2026-06-15T14:42:00.000Z,Robert,add,Arbeitsbelastung in der Pflege (Demo)/Belastung/emotional,DEMO0064,Station-2,Demo,2026,Interview Station-2,3,"die Sorge im Nacken, unter Zeitdruck etwas zu übersehen"
history/2,2026-06-15T14:44:00.000Z,Robert,add,Arbeitsbelastung in der Pflege (Demo)/Belastung/Zeitdruck,DEMO0065,Station-2,Demo,2026,Interview Station-2,3,"in denen man mit wenig Personal viele Patienten versorgt, fordern mich bis an die Grenze"
history/2,2026-06-15T14:47:00.000Z,Robert,add,Arbeitsbelastung in der Pflege (Demo)/Belastung/Zeitdruck,DEMO0066,Station-2,Demo,2026,Interview Station-2,3,"weiß ich manchmal nicht, wo mir der Kopf steht"
history/2,2026-06-15T14:51:00.000Z,Robert,add,Arbeitsbelastung in der Pflege (Demo)/Belastung/körperlich,DEMO0067,Station-2,Demo,2026,Interview Station-2,3,"ich solle mir für die Handgriffe bewusst Zeit nehmen, um den Rücken zu schonen"
history/2,2026-06-15T14:54:00.000Z,Robert,add,Arbeitsbelastung in der Pflege (Demo)/Belastung/emotional,DEMO0068,Station-2,Demo,2026,Interview Station-2,3,weil wir mehrere langjährige Patienten kurz nacheinander verloren haben
history/2,2026-06-15T15:00:00.000Z,Robert,add,Arbeitsbelastung in der Pflege (Demo)/Belastung/emotional,DEMO0069,Station-2,Demo,2026,Interview Station-2,3,"Darüber im Team offen sprechen zu können, hat mir sehr geholfen, das zu verarbeiten"
history/2,2026-06-15T15:03:00.000Z,Robert,add,Arbeitsbelastung in der Pflege (Demo)/Bewältigung/Humor,DEMO0070,Station-2,Demo,2026,Interview Station-2,3,wir lachen über die absurdesten Dienstgeschichten
history/2,2026-06-15T15:05:00.000Z,Robert,add,Arbeitsbelastung in der Pflege (Demo)/Bewältigung/Humor,DEMO0071,Station-2,Demo,2026,Interview Station-2,3,Dieser gemeinsame Galgenhumor ist für mich zu einem wichtigen Ventil geworden
history/2,2026-06-15T15:10:00.000Z,Robert,add,Arbeitsbelastung in der Pflege (Demo)/Bewältigung/Sport,DEMO0072,Station-2,Demo,2026,Interview Station-2,3,achte ich inzwischen streng auf regelmäßiges Krafttraining
history/2,2026-06-15T15:13:00.000Z,Robert,add,Arbeitsbelastung in der Pflege (Demo)/Belastung/körperlich,DEMO0073,Station-2,Demo,2026,Interview Station-2,4,Ein starker Rücken ist in diesem Beruf schließlich das wichtigste Werkzeug
history/2,2026-06-15T15:17:00.000Z,Robert,add,Arbeitsbelastung in der Pflege (Demo)/Ressourcen/Anerkennung,DEMO0074,Station-2,Demo,2026,Interview Station-2,4,Wenn eine Angehörige sich am Ende für die liebevolle Pflege bedankt
history/2,2026-06-16T09:03:00.000Z,Robert,add,Arbeitsbelastung in der Pflege (Demo)/Belastung/emotional,DEMO0075,Station-3,Demo,2026,Interview Station-3,1,der Tod gehört zu meinem Alltag
history/2,2026-06-16T09:08:00.000Z,Robert,add,Arbeitsbelastung in der Pflege (Demo)/Belastung/emotional,DEMO0076,Station-3,Demo,2026,Interview Station-3,1,"ich nicht Angehörige trösten muss, während mir selbst die Zeit zum Durchatmen fehlt"
history/2,2026-06-16T09:11:00.000Z,Robert,add,Arbeitsbelastung in der Pflege (Demo)/Belastung/emotional,DEMO0077,Station-3,Demo,2026,Interview Station-3,1,Diese Gleichzeitigkeit von Nähe und Hektik ist emotional das Anstrengendste an meiner Arbeit
history/2,2026-06-16T09:16:00.000Z,Robert,add,Arbeitsbelastung in der Pflege (Demo)/Belastung/Zeitdruck,DEMO0078,Station-3,Demo,2026,Interview Station-3,1,im Ohr hat man schon die nächste Klingel
history/2,2026-06-16T09:18:00.000Z,Robert,add,Arbeitsbelastung in der Pflege (Demo)/Bewältigung/Distanz,DEMO0079,Station-3,Demo,2026,Interview Station-3,1,eine professionelle Distanz antrainiert
history/2,2026-06-16T09:22:00.000Z,Robert,add,Arbeitsbelastung in der Pflege (Demo)/Belastung/emotional,DEMO0080,Station-3,Demo,2026,Interview Station-3,1,"Ich nehme das Leid der Patienten ernst, ohne es vollständig zu meinem eigenen zu machen"
history/2,2026-06-16T09:26:00.000Z,Robert,add,Arbeitsbelastung in der Pflege (Demo)/Bewältigung/Distanz,DEMO0081,Station-3,Demo,2026,Interview Station-3,1,"Nur wer sich abgrenzt, kann über Jahre hinweg immer wieder echtes Mitgefühl aufbringen"
history/2,2026-06-16T09:32:00.000Z,Robert,add,Arbeitsbelastung in der Pflege (Demo)/Bewältigung/Sport,DEMO0082,Station-3,Demo,2026,Interview Station-3,1,gehe ich fast immer noch eine Runde laufen
history/2,2026-06-16T09:37:00.000Z,Robert,add,Arbeitsbelastung in der Pflege (Demo)/Bewältigung/Distanz,DEMO0083,Station-3,Demo,2026,Interview Station-3,1,Beim Joggen bekomme ich den Kopf frei und lasse die Bilder des Tages allmählich hinter mir
history/2,2026-06-16T09:42:00.000Z,Robert,add,Arbeitsbelastung in der Pflege (Demo)/Bewältigung/Sport,DEMO0085,Station-3,Demo,2026,Interview Station-3,1,"laufe ich einfach eine Runde länger, bis der Druck nachlässt"
history/2,2026-06-16T09:45:00.000Z,Robert,add,Arbeitsbelastung in der Pflege (Demo)/Belastung/emotional,DEMO0086,Station-3,Demo,2026,Interview Station-3,2,dass für ein würdiges Abschiednehmen oft schlicht die Zeit fehlt
history/2,2026-06-16T09:48:00.000Z,Robert,add,Arbeitsbelastung in der Pflege (Demo)/Belastung/emotional,DEMO0087,Station-3,Demo,2026,Interview Station-3,2,"Wir müssen weitermachen, obwohl im Zimmer nebenan gerade jemand verstorben ist"
history/2,2026-06-16T09:51:00.000Z,Robert,add,Arbeitsbelastung in der Pflege (Demo)/Belastung/Zeitdruck,DEMO0088,Station-3,Demo,2026,Interview Station-3,2,"Diese Taktung lässt kaum Raum, das Erlebte auch nur kurz zu verarbeiten"
history/2,2026-06-16T09:55:00.000Z,Robert,add,Arbeitsbelastung in der Pflege (Demo)/Belastung/Zeitdruck,DEMO0089,Station-3,Demo,2026,Interview Station-3,2,soll ich dann noch die Visite vorbereiten und die Kurve dokumentieren
history/2,2026-06-16T09:59:00.000Z,Robert,add,Arbeitsbelastung in der Pflege (Demo)/Ressourcen/Team,DEMO0090,Station-3,Demo,2026,Interview Station-3,2,"ein sehr eingespieltes Team, das die schweren Momente miteinander teilt"
history/2,2026-06-16T10:02:00.000Z,Robert,add,Arbeitsbelastung in der Pflege (Demo)/Ressourcen/Team,DEMO0091,Station-3,Demo,2026,Interview Station-3,2,zünden wir im Dienstzimmer manchmal still eine Kerze an
history/2,2026-06-16T10:06:00.000Z,Robert,add,Arbeitsbelastung in der Pflege (Demo)/Bewältigung/Humor,DEMO0093,Station-3,Demo,2026,Interview Station-3,2,rettet uns auch ein Moment schwarzen Humors über die Trauer hinweg
history/2,2026-06-16T10:09:00.000Z,Robert,add,Arbeitsbelastung in der Pflege (Demo)/Belastung/körperlich,DEMO0094,Station-3,Demo,2026,Interview Station-3,2,das viele Stehen macht auf Dauer die Gelenke kaputt
history/2,2026-06-16T10:12:00.000Z,Robert,add,Arbeitsbelastung in der Pflege (Demo)/Ressourcen/Anerkennung,DEMO0095,Station-3,Demo,2026,Interview Station-3,2,"Wenn Angehörige sich später für die Begleitung bedanken, weiß ich, wofür ich das alles mache"
history/2,2026-06-16T10:15:00.000Z,Robert,add,Arbeitsbelastung in der Pflege (Demo)/Belastung/emotional,DEMO0096,Station-3,Demo,2026,Interview Station-3,2,Die Ökonomisierung macht auch vor der Sterbebegleitung nicht halt
history/2,2026-06-16T10:17:00.000Z,Robert,add,Arbeitsbelastung in der Pflege (Demo)/Belastung/Zeitdruck,DEMO0097,Station-3,Demo,2026,Interview Station-3,3,im Stellenschlüssel schlicht keine Minute vorgesehen
history/2,2026-06-16T10:22:00.000Z,Robert,add,Arbeitsbelastung in der Pflege (Demo)/Belastung/Zeitdruck,DEMO0098,Station-3,Demo,2026,Interview Station-3,3,So bleibt das Menschlichste an unserer Arbeit dauerhaft unter Zeitdruck
history/2,2026-06-16T10:28:00.000Z,Robert,add,Arbeitsbelastung in der Pflege (Demo)/Belastung/emotional,DEMO0099,Station-3,Demo,2026,Interview Station-3,3,"die Trauer nicht mit nach Hause zu tragen, sonst wäre ich längst ausgebrannt"
history/2,2026-06-16T10:31:00.000Z,Robert,add,Arbeitsbelastung in der Pflege (Demo)/Bewältigung/Distanz,DEMO0100,Station-3,Demo,2026,Interview Station-3,3,Diese bewusste Abgrenzung ist harte Arbeit an mir selbst und gelingt nicht an jedem Tag
history/2,2026-06-16T10:35:00.000Z,Robert,add,Arbeitsbelastung in der Pflege (Demo)/Belastung/emotional,DEMO0101,Station-3,Demo,2026,Interview Station-3,3,"Nach dem Verlust einer Patientin, die mir besonders ans Herz gewachsen war, brauchte ich Wochen"
history/2,2026-06-16T10:38:00.000Z,Robert,add,Arbeitsbelastung in der Pflege (Demo)/Bewältigung/Sport,DEMO0102,Station-3,Demo,2026,Interview Station-3,3,hat mich das Laufen am Deich jeden Abend buchstäblich vor dem Zusammenbruch bewahrt
history/2,2026-06-16T10:42:00.000Z,Robert,add,Arbeitsbelastung in der Pflege (Demo)/Bewältigung/Sport,DEMO0103,Station-3,Demo,2026,Interview Station-3,3,"Bewegung ist für mich kein Hobby, sondern eine überlebenswichtige Notwendigkeit geworden"
history/2,2026-06-16T10:46:00.000Z,Robert,add,Arbeitsbelastung in der Pflege (Demo)/Ressourcen/Team,DEMO0104,Station-3,Demo,2026,Interview Station-3,3,in der niemand mit seiner Belastung allein bleibt
history/2,2026-06-16T10:52:00.000Z,Robert,add,Arbeitsbelastung in der Pflege (Demo)/Ressourcen/Team,DEMO0105,Station-3,Demo,2026,Interview Station-3,3,ein stiller Kaffee zu zweit im Dienstzimmer die beste Nachbesprechung
history/2,2026-06-16T10:54:00.000Z,Robert,add,Arbeitsbelastung in der Pflege (Demo)/Belastung/körperlich,DEMO0106,Station-3,Demo,2026,Interview Station-3,3,"vor allem die Rückenschmerzen vom vielen Umlagern, die mich abends plagen"
history/2,2026-06-16T13:03:00.000Z,Robert,add,Arbeitsbelastung in der Pflege (Demo)/Belastung/Zeitdruck,DEMO0107,Station-4,Demo,2026,Interview Station-4,1,die zu dünne Personaldecke
history/2,2026-06-16T13:09:00.000Z,Robert,add,Arbeitsbelastung in der Pflege (Demo)/Belastung/Zeitdruck,DEMO0108,Station-4,Demo,2026,Interview Station-4,1,Wir arbeiten dauerhaft am Limit
history/2,2026-06-16T13:14:00.000Z,Robert,add,Arbeitsbelastung in der Pflege (Demo)/Belastung/Zeitdruck,DEMO0109,Station-4,Demo,2026,Interview Station-4,1,"betreue ich doppelt so viele Patienten, wie eigentlich vertretbar wäre"
history/2,2026-06-16T13:18:00.000Z,Robert,add,Arbeitsbelastung in der Pflege (Demo)/Belastung/Zeitdruck,DEMO0110,Station-4,Demo,2026,Interview Station-4,1,dass die Pausen fast immer ausfallen
history/2,2026-06-16T13:20:00.000Z,Robert,add,Arbeitsbelastung in der Pflege (Demo)/Belastung/emotional,DEMO0111,Station-4,Demo,2026,Interview Station-4,1,"Genau dieses Gefühl, den Menschen nicht gerecht zu werden, nagt am meisten an mir"
history/2,2026-06-16T13:23:00.000Z,Robert,add,Arbeitsbelastung in der Pflege (Demo)/Belastung/körperlich,DEMO0112,Station-4,Demo,2026,Interview Station-4,1,Körperlich merke ich nach so einer Schicht jeden einzelnen Handgriff in den Schultern
history/2,2026-06-16T13:27:00.000Z,Robert,add,Arbeitsbelastung in der Pflege (Demo)/Belastung/körperlich,DEMO0113,Station-4,Demo,2026,Interview Station-4,1,Das viele Bücken beim Betten und Lagern hat mir über die Jahre echte Rückenprobleme beschert
history/2,2026-06-16T13:31:00.000Z,Robert,add,Arbeitsbelastung in der Pflege (Demo)/Bewältigung/Sport,DEMO0114,Station-4,Demo,2026,Interview Station-4,1,gehe ich zweimal die Woche ins Fitnessstudio
history/2,2026-06-16T13:37:00.000Z,Robert,add,Arbeitsbelastung in der Pflege (Demo)/Ressourcen/Team,DEMO0115,Station-4,Demo,2026,Interview Station-4,1,"Dass wir uns im Team gegenseitig den Rücken freihalten, ist das Einzige, was den Laden zusammenhält"
history/2,2026-06-16T13:41:00.000Z,Robert,add,Arbeitsbelastung in der Pflege (Demo)/Ressourcen/Team,DEMO0117,Station-4,Demo,2026,Interview Station-4,1,nehmen wir sie selbstverständlich an die Hand
history/2,2026-06-16T13:46:00.000Z,Robert,add,Arbeitsbelastung in der Pflege (Demo)/Ressourcen/Team,DEMO0118,Station-4,Demo,2026,Interview Station-4,1,Ohne diesen Zusammenhalt hätten wahrscheinlich schon einige von uns hingeschmissen
history/2,2026-06-16T13:51:00.000Z,Robert,add,Arbeitsbelastung in der Pflege (Demo)/Ressourcen/Anerkennung,DEMO0119,Station-4,Demo,2026,Interview Station-4,2,eine spürbare Wertschätzung von der Leitungsebene
history/2,2026-06-16T13:55:00.000Z,Robert,add,Arbeitsbelastung in der Pflege (Demo)/Ressourcen/Anerkennung,DEMO0120,Station-4,Demo,2026,Interview Station-4,2,dass unser Einsatz oben als selbstverständlich vorausgesetzt wird
history/2,2026-06-16T13:58:00.000Z,Robert,add,Arbeitsbelastung in der Pflege (Demo)/Ressourcen/Anerkennung,DEMO0121,Station-4,Demo,2026,Interview Station-4,2,"Wenn wenigstens ab und zu ein anerkennendes Wort käme, ginge vieles leichter"
history/2,2026-06-16T14:01:00.000Z,Robert,add,Arbeitsbelastung in der Pflege (Demo)/Belastung/Zeitdruck,DEMO0122,Station-4,Demo,2026,Interview Station-4,2,"Diese ausufernde Bürokratie stiehlt uns täglich Zeit, die den Patienten fehlt"
history/2,2026-06-16T14:07:00.000Z,Robert,add,Arbeitsbelastung in der Pflege (Demo)/Belastung/emotional,DEMO0123,Station-4,Demo,2026,Interview Station-4,2,"gehen mir vor allem die alten, einsamen Menschen nahe, die außer uns kaum Besuch bekommen"
history/2,2026-06-16T14:11:00.000Z,Robert,add,Arbeitsbelastung in der Pflege (Demo)/Belastung/emotional,DEMO0124,Station-4,Demo,2026,Interview Station-4,2,"Manche halten mich für die einzige Bezugsperson, die ihnen am Ende noch geblieben ist"
history/2,2026-06-16T14:16:00.000Z,Robert,add,Arbeitsbelastung in der Pflege (Demo)/Bewältigung/Distanz,DEMO0125,Station-4,Demo,2026,Interview Station-4,2,muss ich abends bewusst einen Schlussstrich unter den Dienst ziehen
history/2,2026-06-16T14:21:00.000Z,Robert,add,Arbeitsbelastung in der Pflege (Demo)/Belastung/emotional,DEMO0126,Station-4,Demo,2026,Interview Station-4,2,Zu Hause spreche ich kaum über die Arbeit
history/2,2026-06-16T14:25:00.000Z,Robert,add,Arbeitsbelastung in der Pflege (Demo)/Belastung/Zeitdruck,DEMO0127,Station-4,Demo,2026,Interview Station-4,2,arbeiten wir seit Jahren dauerhaft im Notbetrieb
history/2,2026-06-16T14:29:00.000Z,Robert,add,Arbeitsbelastung in der Pflege (Demo)/Belastung/Zeitdruck,DEMO0128,Station-4,Demo,2026,Interview Station-4,2,bekommen am Ende die Patienten und wir an der Basis zu spüren
history/2,2026-06-16T14:34:00.000Z,Robert,add,Arbeitsbelastung in der Pflege (Demo)/Belastung/Zeitdruck,DEMO0129,Station-4,Demo,2026,Interview Station-4,2,einfach mal fünf Minuten länger bei einem einsamen Menschen zu sitzen
history/2,2026-06-16T14:36:00.000Z,Robert,add,Arbeitsbelastung in der Pflege (Demo)/Belastung/emotional,DEMO0130,Station-4,Demo,2026,Interview Station-4,3,"diese Zuwendung aber lässt der Takt nicht zu, und das frustriert mich zutiefst"
history/2,2026-06-16T14:39:00.000Z,Robert,add,Arbeitsbelastung in der Pflege (Demo)/Belastung/emotional,DEMO0131,Station-4,Demo,2026,Interview Station-4,3,"am Ende einer Woche oft so erschöpft, dass ich am freien Tag nur noch schlafe"
history/2,2026-06-16T14:41:00.000Z,Robert,add,Arbeitsbelastung in der Pflege (Demo)/Bewältigung/Sport,DEMO0132,Station-4,Demo,2026,Interview Station-4,3,"habe ich mit Yoga angefangen, das meinem geschundenen Rücken erstaunlich guttut"
history/2,2026-06-16T14:44:00.000Z,Robert,add,Arbeitsbelastung in der Pflege (Demo)/Ressourcen/Team,DEMO0133,Station-4,Demo,2026,Interview Station-4,3,"ein Team, in dem sich wirklich jeder auf jeden verlassen kann"
history/2,2026-06-16T14:47:00.000Z,Robert,add,Arbeitsbelastung in der Pflege (Demo)/Ressourcen/Team,DEMO0134,Station-4,Demo,2026,Interview Station-4,3,"Wir decken uns gegenseitig, wenn einer nicht mehr kann"
history/2,2026-06-16T14:52:00.000Z,Robert,add,Arbeitsbelastung in der Pflege (Demo)/Ressourcen/Anerkennung,DEMO0135,Station-4,Demo,2026,Interview Station-4,3,Ein ehrlich gemeintes Dankeschön von oben habe ich in den letzten Jahren an einer Hand abzählen können
history/2,2026-06-16T14:55:00.000Z,Robert,add,Arbeitsbelastung in der Pflege (Demo)/Bewältigung/Humor,DEMO0136,Station-4,Demo,2026,Interview Station-4,3,"reden wir im Pausenraum mit bitterem Spott über die neuesten Vorgaben, um nicht zu verzweifeln"
history/2,2026-06-17T09:03:00.000Z,Robert,add,Arbeitsbelastung in der Pflege (Demo)/Ressourcen/Autonomie,DEMO0137,Verwaltung-1,Demo,2026,Interview Verwaltung-1,1,"die Freiheit, meinen Arbeitstag weitgehend selbst zu strukturieren"
history/2,2026-06-17T09:07:00.000Z,Robert,add,Arbeitsbelastung in der Pflege (Demo)/Ressourcen/Autonomie,DEMO0138,Verwaltung-1,Demo,2026,Interview Verwaltung-1,1,"Ich entscheide eigenständig, in welcher Reihenfolge ich die Vorgänge abarbeite"
history/2,2026-06-17T09:11:00.000Z,Robert,add,Arbeitsbelastung in der Pflege (Demo)/Ressourcen/Autonomie,DEMO0140,Verwaltung-1,Demo,2026,Interview Verwaltung-1,1,Diese Autonomie war der Hauptgrund für meinen Wechsel
history/2,2026-06-17T09:15:00.000Z,Robert,add,Arbeitsbelastung in der Pflege (Demo)/Ressourcen/Autonomie,DEMO0141,Verwaltung-1,Demo,2026,Interview Verwaltung-1,1,hier teile ich mir die Zeit nach meinem eigenen Rhythmus ein
history/2,2026-06-17T09:18:00.000Z,Robert,add,Arbeitsbelastung in der Pflege (Demo)/Ressourcen/Autonomie,DEMO0142,Verwaltung-1,Demo,2026,Interview Verwaltung-1,1,"Ich kann eine komplexe Fallprüfung dann angehen, wenn ich am konzentriertesten bin"
history/2,2026-06-17T09:23:00.000Z,Robert,add,Arbeitsbelastung in der Pflege (Demo)/Belastung/emotional,DEMO0143,Verwaltung-1,Demo,2026,Interview Verwaltung-1,1,Der Schreibtisch schafft außerdem eine gewisse Distanz zum unmittelbaren Leid
history/2,2026-06-17T09:25:00.000Z,Robert,add,Arbeitsbelastung in der Pflege (Demo)/Bewältigung/Distanz,DEMO0144,Verwaltung-1,Demo,2026,Interview Verwaltung-1,1,Emotional belastet mich die Arbeit heute deutlich seltener
history/2,2026-06-17T09:28:00.000Z,Robert,add,Arbeitsbelastung in der Pflege (Demo)/Bewältigung/Distanz,DEMO0145,Verwaltung-1,Demo,2026,Interview Verwaltung-1,1,aber eben als Akte und nicht als weinenden Menschen vor mir
history/2,2026-06-17T09:34:00.000Z,Robert,add,Arbeitsbelastung in der Pflege (Demo)/Belastung/emotional,DEMO0146,Verwaltung-1,Demo,2026,Interview Verwaltung-1,1,fehlt mir allerdings genau dieser direkte Kontakt zu den Patienten
history/2,2026-06-17T09:37:00.000Z,Robert,add,Arbeitsbelastung in der Pflege (Demo)/Belastung/Zeitdruck,DEMO0147,Verwaltung-1,Demo,2026,Interview Verwaltung-1,2,wenn zum Quartalsende alle Abrechnungen gleichzeitig fällig werden
history/2,2026-06-17T09:43:00.000Z,Robert,add,Arbeitsbelastung in der Pflege (Demo)/Belastung/Zeitdruck,DEMO0148,Verwaltung-1,Demo,2026,Interview Verwaltung-1,2,"In diesen Wochen stapeln sich die Fälle, und ich arbeite auch mal deutlich länger"
history/2,2026-06-17T09:48:00.000Z,Robert,add,Arbeitsbelastung in der Pflege (Demo)/Belastung/Zeitdruck,DEMO0149,Verwaltung-1,Demo,2026,Interview Verwaltung-1,2,kann ein einziger Fehler den ganzen Abrechnungslauf verzögern
history/2,2026-06-17T09:53:00.000Z,Robert,add,Arbeitsbelastung in der Pflege (Demo)/Belastung/emotional,DEMO0150,Verwaltung-1,Demo,2026,Interview Verwaltung-1,2,Solche technischen Ausfälle bringen mich mehr auf die Palme als die Menge der Arbeit selbst
history/2,2026-06-17T09:58:00.000Z,Robert,add,Arbeitsbelastung in der Pflege (Demo)/Bewältigung/Distanz,DEMO0151,Verwaltung-1,Demo,2026,Interview Verwaltung-1,2,nach Feierabend kann ich meistens gut abschalten und die Akten im Büro lassen
history/2,2026-06-17T10:02:00.000Z,Robert,add,Arbeitsbelastung in der Pflege (Demo)/Bewältigung/Distanz,DEMO0153,Verwaltung-1,Demo,2026,Interview Verwaltung-1,2,"Heute schließe ich die Bürotür, und der Kopf ist frei für Familie und Freunde"
history/2,2026-06-17T10:05:00.000Z,Robert,add,Arbeitsbelastung in der Pflege (Demo)/Bewältigung/Sport,DEMO0154,Verwaltung-1,Demo,2026,Interview Verwaltung-1,2,fahre ich die Strecke ins Büro bewusst mit dem Rad
history/2,2026-06-17T10:10:00.000Z,Robert,add,Arbeitsbelastung in der Pflege (Demo)/Bewältigung/Sport,DEMO0155,Verwaltung-1,Demo,2026,Interview Verwaltung-1,2,Das tägliche Radeln gleicht das viele Sitzen aus
history/2,2026-06-17T10:12:00.000Z,Robert,add,Arbeitsbelastung in der Pflege (Demo)/Ressourcen/Anerkennung,DEMO0156,Verwaltung-1,Demo,2026,Interview Verwaltung-1,2,"Wenn eine saubere Abrechnung ohne Rückfragen durchgeht, weiß ich, dass meine Arbeit stimmt"
history/2,2026-06-17T10:17:00.000Z,Robert,add,Arbeitsbelastung in der Pflege (Demo)/Ressourcen/Autonomie,DEMO0157,Verwaltung-1,Demo,2026,Interview Verwaltung-1,2,dass ich meine Fortbildungen selbst auswählen kann
history/2,2026-06-17T10:21:00.000Z,Robert,add,Arbeitsbelastung in der Pflege (Demo)/Ressourcen/Autonomie,DEMO0158,Verwaltung-1,Demo,2026,Interview Verwaltung-1,2,ohne auf einen starren Dienstplan Rücksicht nehmen zu müssen
history/2,2026-06-17T10:27:00.000Z,Robert,add,Arbeitsbelastung in der Pflege (Demo)/Ressourcen/Autonomie,DEMO0159,Verwaltung-1,Demo,2026,Interview Verwaltung-1,3,Diese Gestaltungsfreiheit hätte ich mir auf Station niemals träumen lassen
history/2,2026-06-17T10:30:00.000Z,Robert,add,Arbeitsbelastung in der Pflege (Demo)/Belastung/emotional,DEMO0160,Verwaltung-1,Demo,2026,Interview Verwaltung-1,3,den lebendigen Trubel des Teams vermisse ich schon manchmal
history/2,2026-06-17T10:33:00.000Z,Robert,add,Arbeitsbelastung in der Pflege (Demo)/Bewältigung/Distanz,DEMO0161,Verwaltung-1,Demo,2026,Interview Verwaltung-1,3,Am Schreibtisch ist man doch sehr viel stärker auf sich allein gestellt
history/2,2026-06-17T10:38:00.000Z,Robert,add,Arbeitsbelastung in der Pflege (Demo)/Bewältigung/Distanz,DEMO0162,Verwaltung-1,Demo,2026,Interview Verwaltung-1,3,berühren mich die Schicksale hinter den Akten nur noch aus sicherer Entfernung
history/2,2026-06-17T10:44:00.000Z,Robert,add,Arbeitsbelastung in der Pflege (Demo)/Bewältigung/Distanz,DEMO0163,Verwaltung-1,Demo,2026,Interview Verwaltung-1,3,Diese emotionale Entlastung war für mich nach den Jahren am Bett geradezu eine Befreiung
history/2,2026-06-17T10:50:00.000Z,Robert,add,Arbeitsbelastung in der Pflege (Demo)/Belastung/Zeitdruck,DEMO0164,Verwaltung-1,Demo,2026,Interview Verwaltung-1,3,Stressig wird es eigentlich nur rund um die großen Abgabetermine im Jahr
history/2,2026-06-17T10:54:00.000Z,Robert,add,Arbeitsbelastung in der Pflege (Demo)/Belastung/Zeitdruck,DEMO0165,Verwaltung-1,Demo,2026,Interview Verwaltung-1,3,kann sich die Arbeit tagelang bis in die Abendstunden ziehen
history/2,2026-06-17T10:57:00.000Z,Robert,add,Arbeitsbelastung in der Pflege (Demo)/Bewältigung/Distanz,DEMO0166,Verwaltung-1,Demo,2026,Interview Verwaltung-1,3,"Diese Planbarkeit erlaubt es mir, mein Privatleben endlich verlässlich zu gestalten"
history/2,2026-06-17T11:01:00.000Z,Robert,add,Arbeitsbelastung in der Pflege (Demo)/Bewältigung/Sport,DEMO0167,Verwaltung-1,Demo,2026,Interview Verwaltung-1,3,"mein tägliches Pensum auf dem Rad, das mich körperlich fit hält"
history/2,2026-06-17T13:03:00.000Z,Robert,add,Arbeitsbelastung in der Pflege (Demo)/Ressourcen/Anerkennung,DEMO0168,Verwaltung-2,Demo,2026,Interview Verwaltung-2,1,"Anerkennung erlebe ich hier ganz anders als früher, nämlich über konkretes Feedback zu abgeschlossenen Projekten"
history/2,2026-06-17T13:07:00.000Z,Robert,add,Arbeitsbelastung in der Pflege (Demo)/Ressourcen/Anerkennung,DEMO0169,Verwaltung-2,Demo,2026,Interview Verwaltung-2,1,"Wenn eine Leitung sich ausdrücklich für eine gelungene Umstellung bedankt, motiviert mich das für Wochen"
history/2,2026-06-17T13:13:00.000Z,Robert,add,Arbeitsbelastung in der Pflege (Demo)/Ressourcen/Anerkennung,DEMO0170,Verwaltung-2,Demo,2026,Interview Verwaltung-2,1,dass meine Arbeit tatsächlich gesehen wird
history/2,2026-06-17T13:15:00.000Z,Robert,add,Arbeitsbelastung in der Pflege (Demo)/Ressourcen/Anerkennung,DEMO0171,Verwaltung-2,Demo,2026,Interview Verwaltung-2,1,Ein anerkennendes Wort zur richtigen Zeit wiegt für mich mehr als jede Gehaltserhöhung
history/2,2026-06-17T13:21:00.000Z,Robert,add,Arbeitsbelastung in der Pflege (Demo)/Belastung/emotional,DEMO0172,Verwaltung-2,Demo,2026,Interview Verwaltung-2,1,wenn ein monatelanges Projekt am Ende einfach kommentarlos abgehakt wird
history/2,2026-06-17T13:25:00.000Z,Robert,add,Arbeitsbelastung in der Pflege (Demo)/Ressourcen/Autonomie,DEMO0173,Verwaltung-2,Demo,2026,Interview Verwaltung-2,1,"die ausufernde Bürokratie, denn für jede Kleinigkeit braucht es ein eigenes Formular"
history/2,2026-06-17T13:31:00.000Z,Robert,add,Arbeitsbelastung in der Pflege (Demo)/Belastung/Zeitdruck,DEMO0174,Verwaltung-2,Demo,2026,Interview Verwaltung-2,1,verbringe ich mehr Zeit mit der Dokumentation eines Vorgangs als mit dem Vorgang selbst
history/2,2026-06-17T13:37:00.000Z,Robert,add,Arbeitsbelastung in der Pflege (Demo)/Belastung/Zeitdruck,DEMO0175,Verwaltung-2,Demo,2026,Interview Verwaltung-2,1,Jede neue Vorschrift von oben zieht bei uns unten einen Rattenschwanz an zusätzlicher Arbeit nach sich
history/2,2026-06-17T13:39:00.000Z,Robert,add,Arbeitsbelastung in der Pflege (Demo)/Belastung/Zeitdruck,DEMO0176,Verwaltung-2,Demo,2026,Interview Verwaltung-2,1,wenn kurzfristig ein Bericht für die Geschäftsführung fertig werden muss
history/2,2026-06-17T13:43:00.000Z,Robert,add,Arbeitsbelastung in der Pflege (Demo)/Belastung/emotional,DEMO0177,Verwaltung-2,Demo,2026,Interview Verwaltung-2,1,Unter solchem Termindruck leidet dann auch mal die Sorgfalt
history/2,2026-06-17T13:47:00.000Z,Robert,add,Arbeitsbelastung in der Pflege (Demo)/Belastung/Zeitdruck,DEMO0178,Verwaltung-2,Demo,2026,Interview Verwaltung-2,1,"sitze ich abends deutlich länger, als mir lieb ist"
history/2,2026-06-17T13:52:00.000Z,Robert,add,Arbeitsbelastung in der Pflege (Demo)/Ressourcen/Team,DEMO0179,Verwaltung-2,Demo,2026,Interview Verwaltung-2,2,"Unser Team ist zwar klein, aber wir stimmen uns sehr eng und verlässlich ab"
history/2,2026-06-17T13:57:00.000Z,Robert,add,Arbeitsbelastung in der Pflege (Demo)/Ressourcen/Team,DEMO0181,Verwaltung-2,Demo,2026,Interview Verwaltung-2,2,Diese verlässliche Zusammenarbeit macht vieles leichter
history/2,2026-06-17T14:00:00.000Z,Robert,add,Arbeitsbelastung in der Pflege (Demo)/Ressourcen/Team,DEMO0182,Verwaltung-2,Demo,2026,Interview Verwaltung-2,2,"weil man weiß, dass die Kollegen mitdenken"
history/2,2026-06-17T14:04:00.000Z,Robert,add,Arbeitsbelastung in der Pflege (Demo)/Ressourcen/Autonomie,DEMO0183,Verwaltung-2,Demo,2026,Interview Verwaltung-2,2,die planbare Arbeitszeit
history/2,2026-06-17T14:08:00.000Z,Robert,add,Arbeitsbelastung in der Pflege (Demo)/Ressourcen/Autonomie,DEMO0184,Verwaltung-2,Demo,2026,Interview Verwaltung-2,2,"Ich kann meine Woche weitgehend selbst gestalten, solange die Fristen am Ende eingehalten werden"
history/2,2026-06-17T14:12:00.000Z,Robert,add,Arbeitsbelastung in der Pflege (Demo)/Ressourcen/Autonomie,DEMO0185,Verwaltung-2,Demo,2026,Interview Verwaltung-2,2,Diese Eigenverantwortung schätze ich sehr
history/2,2026-06-17T14:15:00.000Z,Robert,add,Arbeitsbelastung in der Pflege (Demo)/Bewältigung/Distanz,DEMO0186,Verwaltung-2,Demo,2026,Interview Verwaltung-2,2,"Ich habe genügend Abstand zu den einzelnen Fällen, um nachts wirklich abschalten zu können"
history/2,2026-06-17T14:18:00.000Z,Robert,add,Arbeitsbelastung in der Pflege (Demo)/Bewältigung/Sport,DEMO0187,Verwaltung-2,Demo,2026,Interview Verwaltung-2,2,gehe ich in der Mittagspause regelmäßig eine schnelle Runde walken
history/2,2026-06-17T14:24:00.000Z,Robert,add,Arbeitsbelastung in der Pflege (Demo)/Bewältigung/Sport,DEMO0188,Verwaltung-2,Demo,2026,Interview Verwaltung-2,2,Diese kurze Bewegung an der frischen Luft macht mich für den Nachmittag wieder aufnahmefähig
history/2,2026-06-17T14:27:00.000Z,Robert,add,Arbeitsbelastung in der Pflege (Demo)/Ressourcen/Team,DEMO0189,Verwaltung-2,Demo,2026,Interview Verwaltung-2,2,dass ich zwischen sehr unterschiedlichen Interessen vermitteln muss
history/2,2026-06-17T14:31:00.000Z,Robert,add,Arbeitsbelastung in der Pflege (Demo)/Ressourcen/Autonomie,DEMO0190,Verwaltung-2,Demo,2026,Interview Verwaltung-2,3,Gerade diese Gestaltungsspielräume machen für mich den Reiz der Arbeit aus
history/2,2026-06-17T14:35:00.000Z,Robert,add,Arbeitsbelastung in der Pflege (Demo)/Ressourcen/Autonomie,DEMO0191,Verwaltung-2,Demo,2026,Interview Verwaltung-2,3,Ich kann eigene Vorschläge einbringen und werde nicht bloß als Ausführender behandelt
history/2,2026-06-17T14:38:00.000Z,Robert,add,Arbeitsbelastung in der Pflege (Demo)/Ressourcen/Anerkennung,DEMO0192,Verwaltung-2,Demo,2026,Interview Verwaltung-2,3,ist das für mich die schönste Form der Anerkennung
history/2,2026-06-17T14:40:00.000Z,Robert,add,Arbeitsbelastung in der Pflege (Demo)/Belastung/Zeitdruck,DEMO0193,Verwaltung-2,Demo,2026,Interview Verwaltung-2,3,wenn gute Ideen im Dickicht der Zuständigkeiten einfach versanden
history/2,2026-06-17T14:43:00.000Z,Robert,add,Arbeitsbelastung in der Pflege (Demo)/Belastung/Zeitdruck,DEMO0194,Verwaltung-2,Demo,2026,Interview Verwaltung-2,3,Der wachsende Dokumentationsaufwand raubt uns zusätzlich die Zeit für die eigentlich wichtigen Dinge
history/2,2026-06-17T14:45:00.000Z,Robert,add,Arbeitsbelastung in der Pflege (Demo)/Belastung/Zeitdruck,DEMO0195,Verwaltung-2,Demo,2026,Interview Verwaltung-2,3,schiebe ich regelmäßig eine Woche mit Überstunden
history/2,2026-06-17T14:49:00.000Z,Robert,add,Arbeitsbelastung in der Pflege (Demo)/Belastung/emotional,DEMO0196,Verwaltung-2,Demo,2026,Interview Verwaltung-2,3,weil einfach zu vieles gleichzeitig auf mich einprasselt
history/2,2026-06-17T14:52:00.000Z,Robert,add,Arbeitsbelastung in der Pflege (Demo)/Ressourcen/Team,DEMO0197,Verwaltung-2,Demo,2026,Interview Verwaltung-2,3,fängt mich unser eingespieltes Team in solchen Phasen zuverlässig auf
history/2,2026-06-17T14:55:00.000Z,Robert,add,Arbeitsbelastung in der Pflege (Demo)/Ressourcen/Team,DEMO0198,Verwaltung-2,Demo,2026,Interview Verwaltung-2,3,"Man reicht sich gegenseitig die Aufgaben zu, ohne dass ein böses Wort fällt"
history/2,2026-06-17T15:01:00.000Z,Robert,add,Arbeitsbelastung in der Pflege (Demo)/Ressourcen/Team,DEMO0199,Verwaltung-2,Demo,2026,Interview Verwaltung-2,3,Diesen Rückhalt unter Kollegen habe ich in meiner alten Abteilung schmerzlich vermisst
history/2,2026-06-18T09:03:00.000Z,Robert,add,Arbeitsbelastung in der Pflege (Demo)/Ressourcen/Autonomie,DEMO0200,Verwaltung-3,Demo,2026,Interview Verwaltung-3,1,Zu Hause kann ich mich oft viel besser konzentrieren als im Großraumbüro
history/2,2026-06-18T09:07:00.000Z,Robert,add,Arbeitsbelastung in der Pflege (Demo)/Ressourcen/Autonomie,DEMO0201,Verwaltung-3,Demo,2026,Interview Verwaltung-3,1,Diese selbstbestimmte Arbeitsweise hat meine Zufriedenheit spürbar erhöht
history/2,2026-06-18T09:11:00.000Z,Robert,add,Arbeitsbelastung in der Pflege (Demo)/Ressourcen/Autonomie,DEMO0202,Verwaltung-3,Demo,2026,Interview Verwaltung-3,1,"Ich teile mir die Aufgaben so ein, dass die anspruchsvollen Auswertungen in meine konzentrierten Vormittagsstunden fallen"
history/2,2026-06-18T09:17:00.000Z,Robert,add,Arbeitsbelastung in der Pflege (Demo)/Ressourcen/Autonomie,DEMO0203,Verwaltung-3,Demo,2026,Interview Verwaltung-3,1,Die Routineaufgaben schiebe ich bewusst in den Nachmittag
history/2,2026-06-18T09:19:00.000Z,Robert,add,Arbeitsbelastung in der Pflege (Demo)/Ressourcen/Autonomie,DEMO0204,Verwaltung-3,Demo,2026,Interview Verwaltung-3,1,"Dass ich meinen Tag so frei einteilen kann, ist für mich der größte Vorzug dieser Stelle"
history/2,2026-06-18T09:21:00.000Z,Robert,add,Arbeitsbelastung in der Pflege (Demo)/Belastung/Zeitdruck,DEMO0205,Verwaltung-3,Demo,2026,Interview Verwaltung-3,1,die schiere Menge an Videokonferenzen
history/2,2026-06-18T09:25:00.000Z,Robert,add,Arbeitsbelastung in der Pflege (Demo)/Belastung/Zeitdruck,DEMO0206,Verwaltung-3,Demo,2026,Interview Verwaltung-3,1,"Manche Tage bestehen fast nur aus Meetings, und für die eigentliche Arbeit bleibt kaum etwas übrig"
history/2,2026-06-18T09:28:00.000Z,Robert,add,Arbeitsbelastung in der Pflege (Demo)/Belastung/Zeitdruck,DEMO0207,Verwaltung-3,Demo,2026,Interview Verwaltung-3,1,"Oft sitze ich abends noch an den Auswertungen, die tagsüber liegen geblieben sind"
history/2,2026-06-18T09:30:00.000Z,Robert,add,Arbeitsbelastung in der Pflege (Demo)/Belastung/emotional,DEMO0208,Verwaltung-3,Demo,2026,Interview Verwaltung-3,1,Diese ständige Zerstückelung des Tages durch Besprechungen finde ich auf Dauer zermürbend
history/2,2026-06-18T09:35:00.000Z,Robert,add,Arbeitsbelastung in der Pflege (Demo)/Bewältigung/Sport,DEMO0209,Verwaltung-3,Demo,2026,Interview Verwaltung-3,1,mache ich abends konsequent Sport
history/2,2026-06-18T09:40:00.000Z,Robert,add,Arbeitsbelastung in der Pflege (Demo)/Bewältigung/Sport,DEMO0210,Verwaltung-3,Demo,2026,Interview Verwaltung-3,1,"Zweimal die Woche gehe ich schwimmen, vor allem um meinen Rücken vom vielen Sitzen zu entlasten"
history/2,2026-06-18T09:42:00.000Z,Robert,add,Arbeitsbelastung in der Pflege (Demo)/Bewältigung/Sport,DEMO0211,Verwaltung-3,Demo,2026,Interview Verwaltung-3,1,wenigstens eine halbe Stunde spazieren zu gehen
history/2,2026-06-18T09:46:00.000Z,Robert,add,Arbeitsbelastung in der Pflege (Demo)/Bewältigung/Sport,DEMO0213,Verwaltung-3,Demo,2026,Interview Verwaltung-3,2,"der wichtigste Schalter, um vom Arbeitsmodus in den Feierabend zu wechseln"
history/2,2026-06-18T09:51:00.000Z,Robert,add,Arbeitsbelastung in der Pflege (Demo)/Belastung/emotional,DEMO0214,Verwaltung-3,Demo,2026,Interview Verwaltung-3,2,Das unmittelbare Leid der Patienten erreicht mich in meiner Rolle ohnehin nur über Zahlen und Berichte
history/2,2026-06-18T09:54:00.000Z,Robert,add,Arbeitsbelastung in der Pflege (Demo)/Bewältigung/Distanz,DEMO0215,Verwaltung-3,Demo,2026,Interview Verwaltung-3,2,Diese Distanz nehme ich bewusst in Kauf
history/2,2026-06-18T09:59:00.000Z,Robert,add,Arbeitsbelastung in der Pflege (Demo)/Bewältigung/Distanz,DEMO0216,Verwaltung-3,Demo,2026,Interview Verwaltung-3,2,"Heute betrachte ich dieselben Vorgänge nüchtern als Kennzahl, und das tut mir gut"
history/2,2026-06-18T10:05:00.000Z,Robert,add,Arbeitsbelastung in der Pflege (Demo)/Belastung/emotional,DEMO0217,Verwaltung-3,Demo,2026,Interview Verwaltung-3,2,ob ich den Bezug zum eigentlichen Sinn der Arbeit nicht ein Stück verloren habe
history/2,2026-06-18T10:10:00.000Z,Robert,add,Arbeitsbelastung in der Pflege (Demo)/Ressourcen/Anerkennung,DEMO0218,Verwaltung-3,Demo,2026,Interview Verwaltung-3,2,wenn meine Analysen einer Leitung eine gute Entscheidung ermöglichen
history/2,2026-06-18T10:15:00.000Z,Robert,add,Arbeitsbelastung in der Pflege (Demo)/Ressourcen/Anerkennung,DEMO0219,Verwaltung-3,Demo,2026,Interview Verwaltung-3,2,So ein Dankeschön für eine belastbare Auswertung freut mich jedes Mal aufs Neue
history/2,2026-06-18T10:20:00.000Z,Robert,add,Arbeitsbelastung in der Pflege (Demo)/Ressourcen/Autonomie,DEMO0220,Verwaltung-3,Demo,2026,Interview Verwaltung-3,2,dass ich meine Umgebung selbst gestalten kann
history/2,2026-06-18T10:25:00.000Z,Robert,add,Arbeitsbelastung in der Pflege (Demo)/Ressourcen/Autonomie,DEMO0221,Verwaltung-3,Demo,2026,Interview Verwaltung-3,2,"Ich richte mir den Tag so ein, wie es meiner Konzentration am besten entspricht"
history/2,2026-06-18T10:30:00.000Z,Robert,add,Arbeitsbelastung in der Pflege (Demo)/Ressourcen/Autonomie,DEMO0222,Verwaltung-3,Demo,2026,Interview Verwaltung-3,2,"Niemand kontrolliert, wann genau ich welche Pause mache, solange die Zahlen am Ende stimmen"
history/2,2026-06-18T10:34:00.000Z,Robert,add,Arbeitsbelastung in der Pflege (Demo)/Ressourcen/Autonomie,DEMO0223,Verwaltung-3,Demo,2026,Interview Verwaltung-3,2,Diese Selbstbestimmung ist für mich der eigentliche Kern von Arbeitszufriedenheit
history/2,2026-06-18T10:37:00.000Z,Robert,add,Arbeitsbelastung in der Pflege (Demo)/Belastung/Zeitdruck,DEMO0224,Verwaltung-3,Demo,2026,Interview Verwaltung-3,3,"die endlosen Abstimmungsrunden, die sich per Video noch leichter vermehren"
history/2,2026-06-18T10:42:00.000Z,Robert,add,Arbeitsbelastung in der Pflege (Demo)/Belastung/Zeitdruck,DEMO0225,Verwaltung-3,Demo,2026,Interview Verwaltung-3,3,schon ist der halbe Tag verplant
history/2,2026-06-18T10:47:00.000Z,Robert,add,Arbeitsbelastung in der Pflege (Demo)/Belastung/Zeitdruck,DEMO0226,Verwaltung-3,Demo,2026,Interview Verwaltung-3,3,Diese Meeting-Flut ist der größte Zeitfresser in meinem gesamten Arbeitsalltag
history/2,2026-06-18T10:52:00.000Z,Robert,add,Arbeitsbelastung in der Pflege (Demo)/Bewältigung/Sport,DEMO0227,Verwaltung-3,Demo,2026,Interview Verwaltung-3,3,ist der abendliche Sport für mich Pflichtprogramm
history/2,2026-06-18T10:55:00.000Z,Robert,add,Arbeitsbelastung in der Pflege (Demo)/Bewältigung/Distanz,DEMO0228,Verwaltung-3,Demo,2026,Interview Verwaltung-3,3,Nach dem Schwimmen fühle ich mich körperlich wie neu geboren und kann richtig abschalten
history/2,2026-06-18T10:59:00.000Z,Robert,add,Arbeitsbelastung in der Pflege (Demo)/Bewältigung/Distanz,DEMO0229,Verwaltung-3,Demo,2026,Interview Verwaltung-3,3,"Ich sehe eben Tabellen und Kennzahlen, keine leidenden Menschen an einem Krankenbett"
history/2,2026-06-18T11:01:00.000Z,Robert,add,Arbeitsbelastung in der Pflege (Demo)/Ressourcen/Anerkennung,DEMO0230,Verwaltung-3,Demo,2026,Interview Verwaltung-3,3,Ein ehrliches Lob für eine treffsichere Prognose ist für mich der schönste Lohn
history/2,2026-06-18T13:04:00.000Z,Robert,add,Arbeitsbelastung in der Pflege (Demo)/Ressourcen/Autonomie,DEMO0231,Verwaltung-4,Demo,2026,Interview Verwaltung-4,1,dass ich meine Projekte weitgehend eigenverantwortlich steuern kann
history/2,2026-06-18T13:08:00.000Z,Robert,add,Arbeitsbelastung in der Pflege (Demo)/Ressourcen/Autonomie,DEMO0232,Verwaltung-4,Demo,2026,Interview Verwaltung-4,1,"Ich setze eigene Schwerpunkte und entscheide selbst, welche Themen ich zuerst angehe"
history/2,2026-06-18T13:11:00.000Z,Robert,add,Arbeitsbelastung in der Pflege (Demo)/Ressourcen/Autonomie,DEMO0233,Verwaltung-4,Demo,2026,Interview Verwaltung-4,1,Diese Eigenständigkeit empfinde ich als großes Privileg gegenüber vielen anderen Bereichen
history/2,2026-06-18T13:16:00.000Z,Robert,add,Arbeitsbelastung in der Pflege (Demo)/Ressourcen/Autonomie,DEMO0234,Verwaltung-4,Demo,2026,Interview Verwaltung-4,1,redet mir niemand in den Weg hinein
history/2,2026-06-18T13:18:00.000Z,Robert,add,Arbeitsbelastung in der Pflege (Demo)/Ressourcen/Autonomie,DEMO0235,Verwaltung-4,Demo,2026,Interview Verwaltung-4,1,kann ich meine eigenen Ideen einbringen
history/2,2026-06-18T13:20:00.000Z,Robert,add,Arbeitsbelastung in der Pflege (Demo)/Ressourcen/Anerkennung,DEMO0236,Verwaltung-4,Demo,2026,Interview Verwaltung-4,1,"Anerkennung bekomme ich vor allem dann, wenn eine mühsam ausgehandelte Lösung am Ende alle Beteiligten zufriedenstellt"
history/2,2026-06-18T13:23:00.000Z,Robert,add,Arbeitsbelastung in der Pflege (Demo)/Ressourcen/Anerkennung,DEMO0238,Verwaltung-4,Demo,2026,Interview Verwaltung-4,1,"Wenn eine Stationsleitung mir nach zähen Verhandlungen ehrlich dankt, weiß ich, wofür ich mich abgemüht habe"
history/2,2026-06-18T13:27:00.000Z,Robert,add,Arbeitsbelastung in der Pflege (Demo)/Bewältigung/Humor,DEMO0239,Verwaltung-4,Demo,2026,Interview Verwaltung-4,1,Über solche Konflikte kann ich inzwischen mit einer guten Portion Ironie hinweggehen
history/2,2026-06-18T13:32:00.000Z,Robert,add,Arbeitsbelastung in der Pflege (Demo)/Bewältigung/Distanz,DEMO0240,Verwaltung-4,Demo,2026,Interview Verwaltung-4,2,Ein bisschen Humor im richtigen Moment nimmt vielen hitzigen Diskussionen die Schärfe
history/2,2026-06-18T13:36:00.000Z,Robert,add,Arbeitsbelastung in der Pflege (Demo)/Bewältigung/Humor,DEMO0241,Verwaltung-4,Demo,2026,Interview Verwaltung-4,2,dass man mit einem Lächeln oft mehr erreicht als mit dem dicksten Dienstweg
history/2,2026-06-18T13:38:00.000Z,Robert,add,Arbeitsbelastung in der Pflege (Demo)/Belastung/emotional,DEMO0242,Verwaltung-4,Demo,2026,Interview Verwaltung-4,2,"berührt mich der Druck der Stationen nur noch mittelbar, ich betrachte die Dinge mit dem nötigen Abstand"
history/2,2026-06-18T13:41:00.000Z,Robert,add,Arbeitsbelastung in der Pflege (Demo)/Bewältigung/Distanz,DEMO0243,Verwaltung-4,Demo,2026,Interview Verwaltung-4,2,"Diese professionelle Distanz hilft mir, auch in aufgeladenen Gesprächen sachlich zu bleiben"
history/2,2026-06-18T13:45:00.000Z,Robert,add,Arbeitsbelastung in der Pflege (Demo)/Bewältigung/Distanz,DEMO0244,Verwaltung-4,Demo,2026,Interview Verwaltung-4,2,"Wer sich jeden Konflikt zu Herzen nimmt, hält es in einer Personalstelle nicht lange aus"
history/2,2026-06-18T13:47:00.000Z,Robert,add,Arbeitsbelastung in der Pflege (Demo)/Belastung/emotional,DEMO0245,Verwaltung-4,Demo,2026,Interview Verwaltung-4,2,hinter jedem Vorgang den einzelnen Menschen mit seinen Sorgen zu sehen
history/2,2026-06-18T13:52:00.000Z,Robert,add,Arbeitsbelastung in der Pflege (Demo)/Bewältigung/Sport,DEMO0246,Verwaltung-4,Demo,2026,Interview Verwaltung-4,2,spiele ich zweimal die Woche Volleyball im Verein
history/2,2026-06-18T13:56:00.000Z,Robert,add,Arbeitsbelastung in der Pflege (Demo)/Bewältigung/Distanz,DEMO0247,Verwaltung-4,Demo,2026,Interview Verwaltung-4,2,"ist so ein Training genau das Richtige, um abzuschalten"
history/2,2026-06-18T14:00:00.000Z,Robert,add,Arbeitsbelastung in der Pflege (Demo)/Ressourcen/Team,DEMO0248,Verwaltung-4,Demo,2026,Interview Verwaltung-4,2,"versuche, im Rahmen des Möglichen gegenzusteuern"
history/2,2026-06-18T14:03:00.000Z,Robert,add,Arbeitsbelastung in der Pflege (Demo)/Ressourcen/Autonomie,DEMO0249,Verwaltung-4,Demo,2026,Interview Verwaltung-4,3,"Dass ich meine Projekte dabei frei priorisieren kann, gibt mir das Gefühl, wirklich etwas bewegen zu können"
history/2,2026-06-18T14:05:00.000Z,Robert,add,Arbeitsbelastung in der Pflege (Demo)/Ressourcen/Autonomie,DEMO0250,Verwaltung-4,Demo,2026,Interview Verwaltung-4,3,Diese Eigenverantwortung ist für mich das Herzstück der Arbeit
history/2,2026-06-18T14:10:00.000Z,Robert,add,Arbeitsbelastung in der Pflege (Demo)/Ressourcen/Anerkennung,DEMO0251,Verwaltung-4,Demo,2026,Interview Verwaltung-4,3,"für eine überlastete Station eine spürbare Entlastung auszuhandeln, bin ich richtig stolz"
history/2,2026-06-18T14:16:00.000Z,Robert,add,Arbeitsbelastung in der Pflege (Demo)/Ressourcen/Anerkennung,DEMO0252,Verwaltung-4,Demo,2026,Interview Verwaltung-4,3,Ein anerkennendes Wort der Betroffenen bedeutet mir dann mehr als jede Urkunde
history/2,2026-06-18T14:19:00.000Z,Robert,add,Arbeitsbelastung in der Pflege (Demo)/Belastung/emotional,DEMO0253,Verwaltung-4,Demo,2026,Interview Verwaltung-4,3,wenn zwischen Schreibtisch und Stationsalltag Welten aufeinanderprallen
history/2,2026-06-18T14:25:00.000Z,Robert,add,Arbeitsbelastung in der Pflege (Demo)/Bewältigung/Humor,DEMO0254,Verwaltung-4,Demo,2026,Interview Verwaltung-4,3,"Mit trockenem Humor gelingt es mir meistens, auch verfahrene Gespräche wieder zu entspannen"
history/2,2026-06-18T14:27:00.000Z,Robert,add,Arbeitsbelastung in der Pflege (Demo)/Bewältigung/Distanz,DEMO0255,Verwaltung-4,Demo,2026,Interview Verwaltung-4,3,die täglichen Reibereien nicht mehr persönlich zu nehmen
history/2,2026-06-18T14:30:00.000Z,Robert,add,Arbeitsbelastung in der Pflege (Demo)/Bewältigung/Distanz,DEMO0256,Verwaltung-4,Demo,2026,Interview Verwaltung-4,3,"Diesen professionellen Abstand zu wahren, ist in meiner Position schlicht überlebenswichtig"
history/2,2026-06-18T14:34:00.000Z,Robert,add,Arbeitsbelastung in der Pflege (Demo)/Bewältigung/Sport,DEMO0257,Verwaltung-4,Demo,2026,Interview Verwaltung-4,3,"sorgt mein Vereinssport, der mir nach Bürotagen richtig guttut"
history/2,2026-06-22T09:07:00.000Z,Anna,remove,Arbeitsbelastung in der Pflege (Demo)/Ressourcen/Autonomie,DEMO0249,Verwaltung-4,Demo,2026,Interview Verwaltung-4,3,"Dass ich meine Projekte dabei frei priorisieren kann, gibt mir das Gefühl, wirklich etwas bewegen zu können"
history/2,2026-06-22T09:12:00.000Z,Anna,remove,Arbeitsbelastung in der Pflege (Demo)/Belastung/Zeitdruck,DEMO0173,Verwaltung-2,Demo,2026,Interview Verwaltung-2,1,"die ausufernde Bürokratie, denn für jede Kleinigkeit braucht es ein eigenes Formular"
history/2,2026-06-22T09:19:00.000Z,Anna,remove,Arbeitsbelastung in der Pflege (Demo)/Belastung/Zeitdruck,DEMO0001,Station-1,Demo,2026,Interview Station-1,1,Der Zeitdruck hat in dieser Zeit spürbar zugenommen
history/2,2026-06-22T09:25:00.000Z,Anna,remove,Arbeitsbelastung in der Pflege (Demo)/Belastung/emotional,DEMO0053,Station-2,Demo,2026,Interview Station-2,2,"Trotzdem gibt es Tage, an denen ich mit einem Kloß im Hals nach Hause fahre"
history/2,2026-06-22T09:33:00.000Z,Anna,remove,Arbeitsbelastung in der Pflege (Demo)/Bewältigung/Sport,DEMO0154,Verwaltung-1,Demo,2026,Interview Verwaltung-1,2,fahre ich die Strecke ins Büro bewusst mit dem Rad
history/2,2026-06-22T09:38:00.000Z,Anna,remove,Arbeitsbelastung in der Pflege (Demo)/Bewältigung/Distanz,DEMO0153,Verwaltung-1,Demo,2026,Interview Verwaltung-1,2,"Heute schließe ich die Bürotür, und der Kopf ist frei für Familie und Freunde"
