easyqdaFormat,code,codeId,citekey,creator,year,title,itemKey,attachmentKey,attachmentTitle,pageLabel,annotationKey,annotationType,color,text,comment,weight,allTags,codedBy,codedAt,dateAdded,dateModified,positionKind,positionStart,positionEnd,positionPage,positionRects
fragments/2,Belastung/emotional,c96c04b3c,Station-1,Demo,2026,Interview Station-1,ITEMSTAT100,ATTASTAT100,Station-1.txt,1,DEMO0002,highlight,#ff6666,"en und Umlagern spürt man abends in jedem Knochen. Emotional nimmt man vieles mit nach Hause, gerade wenn ein Patient verstirbt, den man länger begleitet hat. Ohne das Team",,,#Belastung/emotional|#Bewältigung/Humor,bob,2026-06-21T11:30:00.000Z,2026-06-08T09:23:00.000Z,2026-06-08T09:23:00.000Z,text,233,405,,
fragments/2,Belastung/emotional,c96c04b3c,Station-1,Demo,2026,Interview Station-1,ITEMSTAT100,ATTASTAT100,Station-1.txt,1,DEMO0006,highlight,#ff6666," brennt man irgendwann aus. Die Personaldecke ist zu dünn, wir arbeiten dauerhaft am Limit. Fällt eine Kollegin aus, wird es sofort eng für alle anderen. Trotz allem mache ich die Arbeit gern, der Kontakt zu den Mens",,,#Belastung/Zeitdruck|#Belastung/körperlich|#Belastung/emotional,bob,2026-06-20T11:27:00.000Z,2026-06-08T10:50:00.000Z,2026-06-08T10:50:00.000Z,text,1102,1318,,
fragments/2,Belastung/emotional,c96c04b3c,Station-1,Demo,2026,Interview Station-1,ITEMSTAT100,ATTASTAT100,Station-1.txt,2,DEMO0009,highlight,#ff6666,"ich das nicht schaffen, wir fangen uns gegenseitig auf. Meine Kolleginnen springen ein, wenn ich nicht mehr ka",,,#Belastung/körperlich|#Belastung/emotional,bob,2026-06-19T13:52:00.000Z,2026-06-08T11:54:00.000Z,2026-06-08T11:54:00.000Z,text,1747,1857,,
fragments/2,Belastung/emotional,c96c04b3c,Station-1,Demo,2026,Interview Station-1,ITEMSTAT100,ATTASTAT100,Station-1.txt,2,DEMO0014,highlight,#ff6666,"etzen, und das zehrt an den Nerven. Körperlich ist die Arbeit hart, das ständige Heben und Umlagern spürt man",,,#Belastung/Zeitdruck|#Belastung/emotional|#Bewältigung/Distanz,ann,2026-06-12T04:16:00.000Z,2026-06-08T13:41:00.000Z,2026-06-08T13:41:00.000Z,text,2819,2928,,
fragments/2,Belastung/emotional,c96c04b3c,Station-1,Demo,2026,Interview Station-1,ITEMSTAT100,ATTASTAT100,Station-1.txt,4,DEMO0025,highlight,#2ea8e5," gehe ich oft joggen, um den Kopf wieder freizubekommen. Man muss lernen, eine gewisse Distanz zu wahren, sonst brennt man irgendwann aus. Die Person",,,#Ressourcen/Team|#Belastung/emotional,ann,2026-06-10T07:15:00.000Z,2026-06-08T17:19:00.000Z,2026-06-08T17:19:00.000Z,text,4996,5145,,
fragments/2,Belastung/emotional,c96c04b3c,Station-1,Demo,2026,Interview Station-1,ITEMSTAT100,ATTASTAT100,Station-1.txt,4,DEMO0029,highlight,#ff6666,"n Patient verstirbt, den man länger begleitet hat. Ohne das Team würde ich das nicht schaffen, wir fangen uns gegenseitig auf. Meine Kolleginnen springen ein, we",,,#Belastung/emotional|#Bewältigung/Humor,bob,2026-06-12T09:49:00.000Z,2026-06-08T18:28:00.000Z,2026-06-08T18:28:00.000Z,text,5681,5842,,
fragments/2,Belastung/emotional,c96c04b3c,Station-2,Demo,2026,Interview Station-2,ITEMSTAT200,ATTASTAT200,Station-2.txt,1,DEMO0032,highlight,#ff6666," mir Halt. Manchmal hilft nur Galgenhumor, sonst würde man an manchen Tagen verzweifeln. Wir lachen viel zusammen im Dienstzimmer, das ist unser Ventil. Die Pausen fallen regelmäßig aus, für einen Kaffee bleibt s",,,#Belastung/Zeitdruck|#Belastung/emotional,ann,2026-06-13T06:47:00.000Z,2026-06-08T21:44:00.000Z,2026-06-08T21:44:00.000Z,text,446,658,,
fragments/2,Belastung/emotional,c96c04b3c,Station-2,Demo,2026,Interview Station-2,ITEMSTAT200,ATTASTAT200,Station-2.txt,1,DEMO0035,highlight,#ff6666,"decke ist zu dünn, wir arbeiten dauerhaft am Limit. Fällt eine Kollegin aus, wird es sofort eng fü",,,#Belastung/emotional,ann,2026-06-21T04:43:00.000Z,2026-06-08T22:45:00.000Z,2026-06-08T22:45:00.000Z,text,1054,1152,,
fragments/2,Belastung/emotional,c96c04b3c,Station-2,Demo,2026,Interview Station-2,ITEMSTAT200,ATTASTAT200,Station-2.txt,1,DEMO0036,highlight,#2ea8e5,"rbeit gern, der Kontakt zu den Menschen trägt mich. Der Zeitdr",,,#Ressourcen/Team|#Belastung/emotional,ann,2026-06-11T04:50:00.000Z,2026-06-08T22:59:00.000Z,2026-06-08T22:59:00.000Z,text,1195,1257,,
fragments/2,Belastung/emotional,c96c04b3c,Station-2,Demo,2026,Interview Station-2,ITEMSTAT200,ATTASTAT200,Station-2.txt,2,DEMO0038,highlight,#ff6666,"mmt man vieles mit nach Hause, gerade wenn ein Patient verstirbt, den man länger b",,,#Belastung/emotional,ann,2026-06-19T21:53:00.000Z,2026-06-08T23:34:00.000Z,2026-06-08T23:34:00.000Z,text,1543,1625,,
fragments/2,Belastung/emotional,c96c04b3c,Station-2,Demo,2026,Interview Station-2,ITEMSTAT200,ATTASTAT200,Station-2.txt,2,DEMO0041,highlight,#ff6666,"risst Zeit, die eigentlich den Patienten gehören sollte. Die Nachtdienste bring",,,#Belastung/Zeitdruck|#Belastung/emotional,ann,2026-06-12T21:32:00.000Z,2026-06-09T00:29:00.000Z,2026-06-09T00:29:00.000Z,text,2096,2175,,
fragments/2,Belastung/emotional,c96c04b3c,Station-2,Demo,2026,Interview Station-2,ITEMSTAT200,ATTASTAT200,Station-2.txt,2,DEMO0044,highlight,#ff6666,", oft fehlt schlicht die Zeit für die Patienten. Wenn drei Klingeln gleichzeitig gehen, muss man Prioritäten setzen, und das ze",,,#Belastung/emotional|#Belastung/Zeitdruck|#Bewältigung/Humor,ann,2026-06-19T02:09:00.000Z,2026-06-09T01:22:00.000Z,2026-06-09T01:22:00.000Z,text,2621,2748,,
fragments/2,Belastung/emotional,c96c04b3c,Station-2,Demo,2026,Interview Station-2,ITEMSTAT200,ATTASTAT200,Station-2.txt,2,DEMO0045,highlight,#2ea8e5,"eit hart, das ständige Heben und Umlagern spürt man abends in jedem Knochen. Emotional nimmt man vieles mit ",,,#Ressourcen/Team|#Ressourcen/Anerkennung|#Belastung/emotional,ann,2026-06-15T22:55:00.000Z,2026-06-09T01:38:00.000Z,2026-06-09T01:38:00.000Z,text,2789,2897,,
fragments/2,Belastung/emotional,c96c04b3c,Station-2,Demo,2026,Interview Station-2,ITEMSTAT200,ATTASTAT200,Station-2.txt,2,DEMO0046,highlight,#ff6666,"en man länger begleitet hat. Ohne das Team würde ich das nicht schaffen, wir fangen uns gegenseitig auf. Meine Kolleginnen springen ein, wenn ich nicht mehr kann",,,#Belastung/emotional|#Bewältigung/Humor,ann,2026-06-14T10:32:00.000Z,2026-06-09T01:54:00.000Z,2026-06-09T01:54:00.000Z,text,2945,3106,,
fragments/2,Belastung/emotional,c96c04b3c,Station-2,Demo,2026,Interview Station-2,ITEMSTAT200,ATTASTAT200,Station-2.txt,3,DEMO0048,highlight,#ff6666,"es kaum, ein ehrliches Danke hört man selten. Die Dokumentation frisst Zeit, die eigentlich den Patienten gehören sollte. Die Nachtdienste bringen meinen Schlafrhythmus völlig durcheinander. Nac",,,#Belastung/emotional|#Bewältigung/Humor,ann,2026-06-20T08:59:00.000Z,2026-06-09T02:36:00.000Z,2026-06-09T02:36:00.000Z,text,3366,3560,,
fragments/2,Belastung/emotional,c96c04b3c,Station-2,Demo,2026,Interview Station-2,ITEMSTAT200,ATTASTAT200,Station-2.txt,4,DEMO0055,highlight,#2ea8e5," selten. Die Dokumentation frisst Zeit, die eigentlich den Patienten gehören sollte. Die Nachtdienste bringen meinen Schlafrhythmus völlig durcheinander. Nach der Schicht gehe ich oft joggen",,,#Ressourcen/Team|#Belastung/emotional,ann,2026-06-11T13:28:00.000Z,2026-06-09T04:53:00.000Z,2026-06-09T04:53:00.000Z,text,4738,4928,,
fragments/2,Belastung/emotional,c96c04b3c,Station-3,Demo,2026,Interview Station-3,ITEMSTAT300,ATTASTAT300,Station-3.txt,1,DEMO0060,highlight,#ff6666,"en meinen Schlafrhythmus völlig durcheinander. Nach der Schicht gehe ich oft joggen, um den Kopf wieder freizubekommen. Man muss lernen, eine gewisse Distanz zu wahr",,,#Belastung/körperlich|#Belastung/emotional|#Bewältigung/Sport,bob,2026-06-20T19:28:00.000Z,2026-06-09T10:14:00.000Z,2026-06-09T10:14:00.000Z,text,743,908,,
fragments/2,Belastung/emotional,c96c04b3c,Station-3,Demo,2026,Interview Station-3,ITEMSTAT300,ATTASTAT300,Station-3.txt,1,DEMO0061,highlight,#2ea8e5,"zu dünn, wir arbeiten dauerhaft am Limit. Fällt eine Kollegin aus, wird es sofort eng für alle anderen. Trotz allem mache ich die Arbeit gern, der Kontakt zu den Menschen trägt mich. Der Zeitdruck auf der Statio",,,#Ressourcen/Team|#Belastung/emotional,bob,2026-06-17T18:05:00.000Z,2026-06-09T10:36:00.000Z,2026-06-09T10:36:00.000Z,text,967,1178,,
fragments/2,Belastung/emotional,c96c04b3c,Station-3,Demo,2026,Interview Station-3,ITEMSTAT300,ATTASTAT300,Station-3.txt,1,DEMO0062,highlight,#ff6666,"eit für die Patienten. Wenn drei Klingeln gleichzeitig gehen, muss man Prioritäten setzen, und das zehrt an den Nerven",,,#Belastung/emotional|#Belastung/körperlich,ann,2026-06-16T08:47:00.000Z,2026-06-09T11:01:00.000Z,2026-06-09T11:01:00.000Z,text,1215,1333,,
fragments/2,Belastung/emotional,c96c04b3c,Station-3,Demo,2026,Interview Station-3,ITEMSTAT300,ATTASTAT300,Station-3.txt,2,DEMO0065,highlight,#2ea8e5,"ich nicht mehr kann, das gibt mir Halt. Manchmal hilft nur Galgenhumor, sonst würde man an manchen Tagen verzweifeln. Wir lachen viel zusammen im Dienstzimmer, das ist unser ",,,#Ressourcen/Team|#Ressourcen/Autonomie|#Belastung/emotional,ann,2026-06-12T04:53:00.000Z,2026-06-09T11:45:00.000Z,2026-06-09T11:45:00.000Z,text,1655,1829,,
fragments/2,Belastung/emotional,c96c04b3c,Station-3,Demo,2026,Interview Station-3,ITEMSTAT300,ATTASTAT300,Station-3.txt,2,DEMO0067,highlight,#ff6666,"h oft joggen, um den Kopf wieder freizubekommen. Man muss lernen, eine gewisse Distanz zu wahren, sonst brennt man irgendwann aus. Die Personaldecke ist zu dünn, wir arbeiten dauerhaft am Limit. Fä",,,#Belastung/emotional,bob,2026-06-11T09:46:00.000Z,2026-06-09T12:34:00.000Z,2026-06-09T12:34:00.000Z,text,2149,2346,,
fragments/2,Belastung/emotional,c96c04b3c,Station-3,Demo,2026,Interview Station-3,ITEMSTAT300,ATTASTAT300,Station-3.txt,2,DEMO0068,highlight,#ff6666,"eren. Trotz allem mache ich die Arbeit gern, der Kontakt zu den Menschen trägt mich. Der Zeitdruck auf der Stat",,,#Belastung/emotional,ann,2026-06-21T02:52:00.000Z,2026-06-09T13:00:00.000Z,2026-06-09T13:00:00.000Z,text,2400,2511,,
fragments/2,Belastung/emotional,c96c04b3c,Station-3,Demo,2026,Interview Station-3,ITEMSTAT300,ATTASTAT300,Station-3.txt,2,DEMO0069,highlight,#ff6666,"ür die Patienten. Wenn drei Klingeln gleichzeitig gehen, muss",,,#Belastung/emotional|#Bewältigung/Humor,ann,2026-06-15T10:35:00.000Z,2026-06-09T13:15:00.000Z,2026-06-09T13:15:00.000Z,text,2555,2616,,
fragments/2,Belastung/emotional,c96c04b3c,Station-3,Demo,2026,Interview Station-3,ITEMSTAT300,ATTASTAT300,Station-3.txt,3,DEMO0074,highlight,#ff6666,gentlich den Patienten gehören sollte. Die Nachtdienste bringen meinen Schlafrhythmus völlig durcheinander. Nach der Schicht gehe ,,,#Belastung/Zeitdruck|#Belastung/emotional|#Belastung/körperlich,ann,2026-06-12T20:18:00.000Z,2026-06-09T14:35:00.000Z,2026-06-09T14:35:00.000Z,text,3352,3482,,
fragments/2,Belastung/emotional,c96c04b3c,Station-3,Demo,2026,Interview Station-3,ITEMSTAT300,ATTASTAT300,Station-3.txt,3,DEMO0076,highlight,#ff6666,"s, wird es sofort eng für alle anderen. Trotz allem mache ich die Arbeit gern, de",,,#Belastung/emotional|#Bewältigung/Humor,ann,2026-06-15T19:13:00.000Z,2026-06-09T15:10:00.000Z,2026-06-09T15:10:00.000Z,text,3701,3782,,
fragments/2,Belastung/emotional,c96c04b3c,Station-4,Demo,2026,Interview Station-4,ITEMSTAT400,ATTASTAT400,Station-4.txt,1,DEMO0086,highlight,#ff6666,"nt verstirbt, den man länger begleitet hat. Ohne das Team würde ich das nicht sc",,,#Belastung/emotional,bob,2026-06-16T08:10:00.000Z,2026-06-09T21:06:00.000Z,2026-06-09T21:06:00.000Z,text,64,144,,
fragments/2,Belastung/emotional,c96c04b3c,Station-4,Demo,2026,Interview Station-4,ITEMSTAT400,ATTASTAT400,Station-4.txt,1,DEMO0087,highlight,#ff6666,"wenn ich nicht mehr kann, das gibt mir Halt. Manchmal hilft nur Galgenhumor, sonst würde man an manchen Tagen verzweifeln. Wir lachen viel zusammen im Dienstzimmer, das ist unser Ventil. Die Pa",,,#Belastung/emotional|#Bewältigung/Humor,bob,2026-06-20T22:33:00.000Z,2026-06-09T21:21:00.000Z,2026-06-09T21:21:00.000Z,text,216,409,,
fragments/2,Belastung/emotional,c96c04b3c,Station-4,Demo,2026,Interview Station-4,ITEMSTAT400,ATTASTAT400,Station-4.txt,1,DEMO0092,highlight,#2ea8e5,"hen, muss man Prioritäten setzen, und das zehrt an den Nerven. Körperlich ist",,,#Ressourcen/Team|#Belastung/emotional,bob,2026-06-20T05:17:00.000Z,2026-06-09T22:57:00.000Z,2026-06-09T22:57:00.000Z,text,1173,1250,,
fragments/2,Belastung/emotional,c96c04b3c,Station-4,Demo,2026,Interview Station-4,ITEMSTAT400,ATTASTAT400,Station-4.txt,2,DEMO0098,highlight,#2ea8e5,". Fällt eine Kollegin aus, wird es sofort eng für alle anderen. Trotz allem mache ich die Arbeit gern, der Kontakt zu den Menschen trägt mich. Der Zeitdruck auf der Station ist enorm, oft fehlt schlicht die ",,,#Ressourcen/Team|#Ressourcen/Autonomie|#Belastung/emotional,ann,2026-06-19T08:56:00.000Z,2026-06-10T00:44:00.000Z,2026-06-10T00:44:00.000Z,text,2243,2450,,
fragments/2,Belastung/emotional,c96c04b3c,Station-4,Demo,2026,Interview Station-4,ITEMSTAT400,ATTASTAT400,Station-4.txt,3,DEMO0102,highlight,#2ea8e5," für einen Kaffee bleibt selten Zeit. Anerkennung von oben gibt es kaum, ein ehrliches Danke hört man selten. Die Dokumentation frisst Zeit, die eigentl",,,#Ressourcen/Team|#Belastung/emotional,bob,2026-06-19T23:07:00.000Z,2026-06-10T02:10:00.000Z,2026-06-10T02:10:00.000Z,text,3106,3258,,
fragments/2,Belastung/emotional,c96c04b3c,Station-4,Demo,2026,Interview Station-4,ITEMSTAT400,ATTASTAT400,Station-4.txt,3,DEMO0107,highlight,#ff6666," nach Hause, gerade wenn ein Patient verstirbt, den man länger begleitet hat. Ohne das Team würde ich das nicht sc",,,#Belastung/Zeitdruck|#Belastung/emotional,bob,2026-06-10T01:42:00.000Z,2026-06-10T03:43:00.000Z,2026-06-10T03:43:00.000Z,text,4035,4149,,
fragments/2,Belastung/emotional,c96c04b3c,Station-4,Demo,2026,Interview Station-4,ITEMSTAT400,ATTASTAT400,Station-4.txt,4,DEMO0110,highlight,#ff6666,"umentation frisst Zeit, die eigentlich den Patienten gehören sollte. Die Nachtdienste bringen meinen Schlafrhythmus völlig durcheinander. Nach der Schicht gehe ich oft joggen",,,#Belastung/emotional,ann,2026-06-21T00:24:00.000Z,2026-06-10T04:35:00.000Z,2026-06-10T04:35:00.000Z,text,4558,4732,,
fragments/2,Belastung/emotional,c96c04b3c,Station-4,Demo,2026,Interview Station-4,ITEMSTAT400,ATTASTAT400,Station-4.txt,4,DEMO0113,highlight,#ff6666,"erlich ist die Arbeit hart, das ständige Heben und Umlagern spürt man abends in jedem Knochen. Emotional nimmt man vieles mit nach Hause, gerade wenn e",,,#Belastung/Zeitdruck|#Belastung/emotional,ann,2026-06-08T16:24:00.000Z,2026-06-10T05:44:00.000Z,2026-06-10T05:44:00.000Z,text,5245,5396,,
fragments/2,Belastung/emotional,c96c04b3c,Station-4,Demo,2026,Interview Station-4,ITEMSTAT400,ATTASTAT400,Station-4.txt,4,DEMO0114,highlight,#2ea8e5,". Ohne das Team würde ich das nicht schaffen, wir fangen uns gegenseitig auf. Meine Kolleginnen springen ein, wenn ich nicht mehr kann, das gibt mir Halt. Manchmal hilft nur Galgenhumor, sonst würde",,,#Ressourcen/Team|#Belastung/emotional,bob,2026-06-15T07:30:00.000Z,2026-06-10T06:04:00.000Z,2026-06-10T06:04:00.000Z,text,5446,5644,,
fragments/2,Belastung/emotional,c96c04b3c,Verwaltung-1,Demo,2026,Interview Verwaltung-1,ITEMVERW100,ATTAVERW100,Verwaltung-1.txt,1,DEMO0122,highlight,#2ea8e5,"ie Vorgänge bearbeite. Die Bürokratie nimmt zu, für jede Kleinigkeit braucht es inzwischen ein Formular. Anerkennung bekomme ich eher über konkretes Feedback zu abgeschlossenen Projekten. Der Sc",,,#Ressourcen/Team|#Belastung/emotional,bob,2026-06-11T16:33:00.000Z,2026-06-10T10:50:00.000Z,2026-06-10T10:50:00.000Z,text,1106,1300,,
fragments/2,Belastung/emotional,c96c04b3c,Verwaltung-1,Demo,2026,Interview Verwaltung-1,ITEMVERW100,ATTAVERW100,Verwaltung-1.txt,1,DEMO0124,highlight,#ff6666,"ffice kann ich konzentrierter arbeiten als im offenen Büro. Die Abstimmung mit den Stationen ist manchmal zäh, die Prioritäten untersche",,,#Belastung/emotional|#Bewältigung/Humor,ann,2026-06-21T10:16:00.000Z,2026-06-10T11:26:00.000Z,2026-06-10T11:26:00.000Z,text,1468,1604,,
fragments/2,Belastung/emotional,c96c04b3c,Verwaltung-1,Demo,2026,Interview Verwaltung-1,ITEMVERW100,ATTAVERW100,Verwaltung-1.txt,2,DEMO0125,highlight,#ff6666,"eist gut abschalten. Ein klarer Aufgabenzuschnitt gibt mir Sicherheit und ein Gefühl von Autonomie. Wenn die IT-Systeme streiken, steht plötzlich der ganze Betrieb still. Emotional belastet mich die Arbeit selte",,,#Belastung/emotional|#Bewältigung/Humor,ann,2026-06-17T10:04:00.000Z,2026-06-10T11:45:00.000Z,2026-06-10T11:45:00.000Z,text,1654,1865,,
fragments/2,Belastung/emotional,c96c04b3c,Verwaltung-1,Demo,2026,Interview Verwaltung-1,ITEMVERW100,ATTAVERW100,Verwaltung-1.txt,2,DEMO0127,highlight,#ff6666,er wir stimmen uns eng ab. Die vielen Meetings verschlingen einen großen Teil des Arbeitstages. Die Selbstständigkeit in der Aufgabenplanun,,,#Belastung/Zeitdruck|#Belastung/emotional|#Bewältigung/Distanz,bob,2026-06-14T08:04:00.000Z,2026-06-10T12:29:00.000Z,2026-06-10T12:29:00.000Z,text,2090,2229,,
fragments/2,Belastung/emotional,c96c04b3c,Verwaltung-2,Demo,2026,Interview Verwaltung-2,ITEMVERW200,ATTAVERW200,Verwaltung-2.txt,2,DEMO0159,highlight,#ff6666,"eit in der Aufgabenplanung ist für mich das Wichtigste. In der Verwaltung habe ich mehr Freiheit, meine Aufgaben selbst einzuteilen. Ich kann eigenständig entscheiden, in welcher Reihenfo",,,#Belastung/Zeitdruck|#Belastung/körperlich|#Belastung/emotional,bob,2026-06-17T11:55:00.000Z,2026-06-11T00:31:00.000Z,2026-06-11T00:31:00.000Z,text,2116,2303,,
fragments/2,Belastung/emotional,c96c04b3c,Verwaltung-2,Demo,2026,Interview Verwaltung-2,ITEMVERW200,ATTAVERW200,Verwaltung-2.txt,3,DEMO0164,highlight,#ff6666,"haupt gesehen wird. Ich mache regelmäßig Sport, um den Rücken vom vielen Sitzen zu entlasten. Das Team",,,#Belastung/Zeitdruck|#Belastung/emotional,bob,2026-06-13T17:53:00.000Z,2026-06-11T02:16:00.000Z,2026-06-11T02:16:00.000Z,text,3160,3262,,
fragments/2,Belastung/emotional,c96c04b3c,Verwaltung-2,Demo,2026,Interview Verwaltung-2,ITEMVERW200,ATTAVERW200,Verwaltung-2.txt,3,DEMO0165,highlight,#2ea8e5,b. Die vielen Meetings verschlingen einen großen Teil des Arbeitstages. Die Selbst,,,#Ressourcen/Team|#Ressourcen/Autonomie|#Belastung/emotional,ann,2026-06-20T13:18:00.000Z,2026-06-11T02:32:00.000Z,2026-06-11T02:32:00.000Z,text,3320,3402,,
fragments/2,Belastung/emotional,c96c04b3c,Verwaltung-2,Demo,2026,Interview Verwaltung-2,ITEMVERW200,ATTAVERW200,Verwaltung-2.txt,4,DEMO0172,highlight,#ff6666,"ie Selbstständigkeit in der Aufgabenplanung ist für mich das Wichtigste. In der Verwaltung habe ich mehr Freiheit, meine Aufgaben se",,,#Belastung/emotional|#Belastung/Zeitdruck,ann,2026-06-19T09:33:00.000Z,2026-06-11T04:48:00.000Z,2026-06-11T04:48:00.000Z,text,4687,4819,,
fragments/2,Belastung/emotional,c96c04b3c,Verwaltung-2,Demo,2026,Interview Verwaltung-2,ITEMVERW200,ATTAVERW200,Verwaltung-2.txt,4,DEMO0175,highlight,#2ea8e5,en. Im Homeoffice kann ich konzentrierter arbeiten als im offenen Büro. Die Abstimmung mit den S,,,#Ressourcen/Team|#Ressourcen/Anerkennung|#Belastung/emotional,bob,2026-06-17T11:18:00.000Z,2026-06-11T05:45:00.000Z,2026-06-11T05:45:00.000Z,text,5250,5346,,
fragments/2,Belastung/emotional,c96c04b3c,Verwaltung-3,Demo,2026,Interview Verwaltung-3,ITEMVERW300,ATTAVERW300,Verwaltung-3.txt,2,DEMO0188,highlight,#ff6666,"astet mich die Arbeit selten, das ist ein Vorteil dieser Rolle. Manchmal fehlt die Rückmeldung, ob meine Arbeit überhaupt gesehen wird",,,#Belastung/Zeitdruck|#Belastung/emotional|#Bewältigung/Distanz,ann,2026-06-13T08:38:00.000Z,2026-06-11T11:47:00.000Z,2026-06-11T11:47:00.000Z,text,1672,1806,,
fragments/2,Belastung/emotional,c96c04b3c,Verwaltung-3,Demo,2026,Interview Verwaltung-3,ITEMVERW300,ATTAVERW300,Verwaltung-3.txt,3,DEMO0198,highlight,#2ea8e5,"abenplanung ist für mich das Wichtigste. In der Verwaltung habe ich mehr Freiheit, meine Aufgaben selbst einzuteilen. Ich kann eigenständig entscheiden, in welcher Reihenfolge ich die Vorgänge bearbeite. Die Bürokratie ",,,#Ressourcen/Team|#Belastung/emotional,ann,2026-06-13T01:14:00.000Z,2026-06-11T14:34:00.000Z,2026-06-11T14:34:00.000Z,text,3347,3566,,
fragments/2,Belastung/emotional,c96c04b3c,Verwaltung-3,Demo,2026,Interview Verwaltung-3,ITEMVERW300,ATTAVERW300,Verwaltung-3.txt,3,DEMO0201,highlight,#ff6666,"rioritäten unterscheiden sich. Nach Feierabend lässt sich die Arbeit meist gut abschalten. Ein klarer Aufgabenzuschnitt gibt mir Sicherheit und ein Gefühl von Autonomie. Wenn die IT-Systeme streiken, steht plöt",,,#Belastung/emotional,ann,2026-06-14T19:10:00.000Z,2026-06-11T15:40:00.000Z,2026-06-11T15:40:00.000Z,text,4006,4216,,
fragments/2,Belastung/emotional,c96c04b3c,Verwaltung-3,Demo,2026,Interview Verwaltung-3,ITEMVERW300,ATTAVERW300,Verwaltung-3.txt,3,DEMO0202,highlight,#2ea8e5,"et mich die Arbeit selten, das ist ein Vorteil dieser Rolle. Manchmal fehlt die Rückmeldung, ob meine Arbeit überhaupt gesehen wird. Ich mach",,,#Ressourcen/Team|#Belastung/emotional,ann,2026-06-15T18:36:00.000Z,2026-06-11T16:06:00.000Z,2026-06-11T16:06:00.000Z,text,4263,4404,,
fragments/2,Belastung/emotional,c96c04b3c,Verwaltung-4,Demo,2026,Interview Verwaltung-4,ITEMVERW400,ATTAVERW400,Verwaltung-4.txt,2,DEMO0218,highlight,#ff6666,"ingen einen großen Teil des Arbeitstages. Die Selbstständigkeit in der Aufgabenplanung ist für mich das Wichtigste. In der Verwaltung habe ich mehr Freiheit, mei",,,#Belastung/emotional,bob,2026-06-21T13:58:00.000Z,2026-06-12T00:11:00.000Z,2026-06-12T00:11:00.000Z,text,1910,2071,,
fragments/2,Belastung/emotional,c96c04b3c,Verwaltung-4,Demo,2026,Interview Verwaltung-4,ITEMVERW400,ATTAVERW400,Verwaltung-4.txt,2,DEMO0219,highlight,#2ea8e5,"welcher Reihenfolge ich die Vorgänge bearbeite. Die Bürokratie nimmt zu, für jede Kleinigkeit braucht es inzwischen ein Formular. Anerkennung bekomme ich eher über konkretes Feedback zu ab",,,#Ressourcen/Team|#Belastung/emotional,bob,2026-06-14T08:41:00.000Z,2026-06-12T00:34:00.000Z,2026-06-12T00:34:00.000Z,text,2141,2329,,
fragments/2,Belastung/körperlich,c4d31cf9b,Station-1,Demo,2026,Interview Station-1,ITEMSTAT100,ATTASTAT100,Station-1.txt,1,DEMO0003,highlight,#ff6666," Meine Kolleginnen springen ein, wenn ich nicht mehr kann, das gibt mir Halt. Manchmal hilft nur Galgenhumor, sonst würde man an manchen Tagen verzweifeln. Wir lachen viel zusammen im Dienstzimmer, das ist unser Vent",,,#Belastung/körperlich|#Bewältigung/Sport,bob,2026-06-17T15:37:00.000Z,2026-06-08T09:46:00.000Z,2026-06-08T09:46:00.000Z,text,467,683,,
fragments/2,Belastung/körperlich,c4d31cf9b,Station-1,Demo,2026,Interview Station-1,ITEMSTAT100,ATTASTAT100,Station-1.txt,1,DEMO0006,highlight,#ff6666," brennt man irgendwann aus. Die Personaldecke ist zu dünn, wir arbeiten dauerhaft am Limit. Fällt eine Kollegin aus, wird es sofort eng für alle anderen. Trotz allem mache ich die Arbeit gern, der Kontakt zu den Mens",,,#Belastung/Zeitdruck|#Belastung/körperlich|#Belastung/emotional,ann,2026-06-20T15:09:00.000Z,2026-06-08T10:50:00.000Z,2026-06-08T10:50:00.000Z,text,1102,1318,,
fragments/2,Belastung/körperlich,c4d31cf9b,Station-1,Demo,2026,Interview Station-1,ITEMSTAT100,ATTASTAT100,Station-1.txt,1,DEMO0007,highlight,#ff6666," Station ist enorm, oft fehlt schlicht die Zeit für die Patienten. Wenn drei Klingeln gleichzeitig gehen, muss man Prioritäten setzen, und das zehrt an den Nerve",,,#Belastung/körperlich|#Belastung/Zeitdruck,ann,2026-06-16T02:37:00.000Z,2026-06-08T11:15:00.000Z,2026-06-08T11:15:00.000Z,text,1356,1517,,
fragments/2,Belastung/körperlich,c4d31cf9b,Station-1,Demo,2026,Interview Station-1,ITEMSTAT100,ATTASTAT100,Station-1.txt,2,DEMO0009,highlight,#ff6666,"ich das nicht schaffen, wir fangen uns gegenseitig auf. Meine Kolleginnen springen ein, wenn ich nicht mehr ka",,,#Belastung/körperlich|#Belastung/emotional,ann,2026-06-10T06:01:00.000Z,2026-06-08T11:54:00.000Z,2026-06-08T11:54:00.000Z,text,1747,1857,,
fragments/2,Belastung/körperlich,c4d31cf9b,Station-1,Demo,2026,Interview Station-1,ITEMSTAT100,ATTASTAT100,Station-1.txt,2,DEMO0011,highlight,#ff6666,"einen Kaffee bleibt selten Zeit. Anerkennung von oben gibt es kaum, ein ehrliches Danke hört man selten. Die Dokumentation frisst Zeit, die eigentlich den Patienten gehören sol",,,#Belastung/körperlich,bob,2026-06-14T04:59:00.000Z,2026-06-08T12:26:00.000Z,2026-06-08T12:26:00.000Z,text,2060,2236,,
fragments/2,Belastung/körperlich,c4d31cf9b,Station-1,Demo,2026,Interview Station-1,ITEMSTAT100,ATTASTAT100,Station-1.txt,3,DEMO0015,highlight,#ff6666,"de wenn ein Patient verstirbt, den man länger begleitet hat. Ohne das Team würde ich das nicht schaffen, wir fangen uns gege",,,#Belastung/körperlich,bob,2026-06-13T02:28:00.000Z,2026-06-08T14:00:00.000Z,2026-06-08T14:00:00.000Z,text,3001,3125,,
fragments/2,Belastung/körperlich,c4d31cf9b,Station-2,Demo,2026,Interview Station-2,ITEMSTAT200,ATTASTAT200,Station-2.txt,2,DEMO0042,highlight,#ff6666," joggen, um den Kopf wieder freizubekommen. Man muss lernen, eine gewisse Distanz zu wahren, sonst brennt man",,,#Belastung/körperlich,bob,2026-06-20T04:03:00.000Z,2026-06-09T00:45:00.000Z,2026-06-09T00:45:00.000Z,text,2251,2360,,
fragments/2,Belastung/körperlich,c4d31cf9b,Station-2,Demo,2026,Interview Station-2,ITEMSTAT200,ATTASTAT200,Station-2.txt,3,DEMO0052,highlight,#ff6666,"as ständige Heben und Umlagern spürt man abends in jedem Knochen. Emotional nimmt man vieles mit nach Hause, gerade wenn ein",,,#Belastung/körperlich,bob,2026-06-17T20:33:00.000Z,2026-06-09T03:53:00.000Z,2026-06-09T03:53:00.000Z,text,4135,4259,,
fragments/2,Belastung/körperlich,c4d31cf9b,Station-2,Demo,2026,Interview Station-2,ITEMSTAT200,ATTASTAT200,Station-2.txt,4,DEMO0054,highlight,#ff6666,"das ist unser Ventil. Die Pausen fallen regelmäßig aus, für einen Kaffee bleibt selten Zeit. Anerkennung von oben gibt es ",,,#Belastung/körperlich,bob,2026-06-13T00:37:00.000Z,2026-06-09T04:38:00.000Z,2026-06-09T04:38:00.000Z,text,4582,4704,,
fragments/2,Belastung/körperlich,c4d31cf9b,Station-3,Demo,2026,Interview Station-3,ITEMSTAT300,ATTASTAT300,Station-3.txt,1,DEMO0057,highlight,#ff6666,"nseitig auf. Meine Kolleginnen springen ein, wenn ich nicht mehr kann, das gibt mir Halt. Manchmal hilft nur Galgenhumo",,,#Belastung/körperlich|#Bewältigung/Sport,bob,2026-06-14T14:14:00.000Z,2026-06-09T09:27:00.000Z,2026-06-09T09:27:00.000Z,text,270,389,,
fragments/2,Belastung/körperlich,c4d31cf9b,Station-3,Demo,2026,Interview Station-3,ITEMSTAT300,ATTASTAT300,Station-3.txt,1,DEMO0060,highlight,#ff6666,"en meinen Schlafrhythmus völlig durcheinander. Nach der Schicht gehe ich oft joggen, um den Kopf wieder freizubekommen. Man muss lernen, eine gewisse Distanz zu wahr",,,#Belastung/körperlich|#Belastung/emotional|#Bewältigung/Sport,ann,2026-06-21T05:57:00.000Z,2026-06-09T10:14:00.000Z,2026-06-09T10:14:00.000Z,text,743,908,,
fragments/2,Belastung/körperlich,c4d31cf9b,Station-3,Demo,2026,Interview Station-3,ITEMSTAT300,ATTASTAT300,Station-3.txt,1,DEMO0062,highlight,#ff6666,"eit für die Patienten. Wenn drei Klingeln gleichzeitig gehen, muss man Prioritäten setzen, und das zehrt an den Nerven",,,#Belastung/emotional|#Belastung/körperlich,bob,2026-06-20T21:56:00.000Z,2026-06-09T11:01:00.000Z,2026-06-09T11:01:00.000Z,text,1215,1333,,
fragments/2,Belastung/körperlich,c4d31cf9b,Station-3,Demo,2026,Interview Station-3,ITEMSTAT300,ATTASTAT300,Station-3.txt,1,DEMO0063,highlight,#ff6666," Umlagern spürt man abends in jedem Knochen. Emotional nimmt man vieles mit nach Hause, gerade wenn ein Patient verstirbt, den man l",,,#Belastung/körperlich|#Bewältigung/Sport,ann,2026-06-12T02:25:00.000Z,2026-06-09T11:18:00.000Z,2026-06-09T11:18:00.000Z,text,1389,1521,,
fragments/2,Belastung/körperlich,c4d31cf9b,Station-3,Demo,2026,Interview Station-3,ITEMSTAT300,ATTASTAT300,Station-3.txt,2,DEMO0066,highlight,#ff6666,"it. Anerkennung von oben gibt es kaum, ein ehrliches Danke hört man selten. Die Dokumentation frisst Zeit, die eigentlich den Patienten gehören sollte. Die Nachtdienste bringen meinen ",,,#Belastung/körperlich,bob,2026-06-20T09:36:00.000Z,2026-06-09T12:10:00.000Z,2026-06-09T12:10:00.000Z,text,1904,2088,,
fragments/2,Belastung/körperlich,c4d31cf9b,Station-3,Demo,2026,Interview Station-3,ITEMSTAT300,ATTASTAT300,Station-3.txt,3,DEMO0073,highlight,#ff6666," Zeit. Anerkennung von oben gibt es kaum, ein ehrliches Danke hört man selten",,,#Belastung/körperlich,bob,2026-06-21T16:26:00.000Z,2026-06-09T14:23:00.000Z,2026-06-09T14:23:00.000Z,text,3236,3313,,
fragments/2,Belastung/körperlich,c4d31cf9b,Station-3,Demo,2026,Interview Station-3,ITEMSTAT300,ATTASTAT300,Station-3.txt,3,DEMO0074,highlight,#ff6666,gentlich den Patienten gehören sollte. Die Nachtdienste bringen meinen Schlafrhythmus völlig durcheinander. Nach der Schicht gehe ,,,#Belastung/Zeitdruck|#Belastung/emotional|#Belastung/körperlich,bob,2026-06-14T16:42:00.000Z,2026-06-09T14:35:00.000Z,2026-06-09T14:35:00.000Z,text,3352,3482,,
fragments/2,Belastung/körperlich,c4d31cf9b,Station-4,Demo,2026,Interview Station-4,ITEMSTAT400,ATTASTAT400,Station-4.txt,1,DEMO0094,highlight,#ff6666,"h das nicht schaffen, wir fangen uns gegenseitig auf. Meine Kolleginnen springen ein, wenn ich nicht mehr kann, das gibt mir Halt. Manchmal hilft nur Galge",,,#Belastung/körperlich|#Bewältigung/Sport,bob,2026-06-13T15:25:00.000Z,2026-06-09T23:26:00.000Z,2026-06-09T23:26:00.000Z,text,1465,1620,,
fragments/2,Belastung/körperlich,c4d31cf9b,Station-4,Demo,2026,Interview Station-4,ITEMSTAT400,ATTASTAT400,Station-4.txt,2,DEMO0099,highlight,#ff6666,"eitig gehen, muss man Prioritäten setzen, und das zehrt an den Nerven. Körperlich ist die Arbeit hart, das ständige Heben und Umlagern spürt man abends in jedem Knoch",,,#Belastung/körperlich|#Bewältigung/Sport,ann,2026-06-12T14:08:00.000Z,2026-06-10T01:10:00.000Z,2026-06-10T01:10:00.000Z,text,2500,2666,,
fragments/2,Belastung/körperlich,c4d31cf9b,Station-4,Demo,2026,Interview Station-4,ITEMSTAT400,ATTASTAT400,Station-4.txt,3,DEMO0108,highlight,#ff6666,"n springen ein, wenn ich nicht mehr kann, das gibt mir Halt. Manchmal hilft nur Galgen",,,#Belastung/körperlich,ann,2026-06-19T10:47:00.000Z,2026-06-10T04:00:00.000Z,2026-06-10T04:00:00.000Z,text,4205,4291,,
fragments/2,Belastung/körperlich,c4d31cf9b,Verwaltung-1,Demo,2026,Interview Verwaltung-1,ITEMVERW100,ATTAVERW100,Verwaltung-1.txt,3,DEMO0139,highlight,#ff6666,"l von Autonomie. Wenn die IT-Systeme streiken, steht plötzlich der ganze Betrieb still. Emotional ",,,#Belastung/körperlich,bob,2026-06-15T03:48:00.000Z,2026-06-10T16:12:00.000Z,2026-06-10T16:12:00.000Z,text,4325,4423,,
fragments/2,Belastung/körperlich,c4d31cf9b,Verwaltung-1,Demo,2026,Interview Verwaltung-1,ITEMVERW100,ATTAVERW100,Verwaltung-1.txt,4,DEMO0146,highlight,#ff6666,"kmeldung, ob meine Arbeit überhaupt gesehen wird. Ich mache regelmäßig Sport, um den Rücken vom vielen Sitzen zu entlasten. Das Team in ",,,#Belastung/Zeitdruck|#Belastung/körperlich,bob,2026-06-19T18:11:00.000Z,2026-06-10T18:40:00.000Z,2026-06-10T18:40:00.000Z,text,5806,5942,,
fragments/2,Belastung/körperlich,c4d31cf9b,Verwaltung-2,Demo,2026,Interview Verwaltung-2,ITEMVERW200,ATTAVERW200,Verwaltung-2.txt,2,DEMO0159,highlight,#ff6666,"eit in der Aufgabenplanung ist für mich das Wichtigste. In der Verwaltung habe ich mehr Freiheit, meine Aufgaben selbst einzuteilen. Ich kann eigenständig entscheiden, in welcher Reihenfo",,,#Belastung/Zeitdruck|#Belastung/körperlich|#Belastung/emotional,ann,2026-06-13T09:15:00.000Z,2026-06-11T00:31:00.000Z,2026-06-11T00:31:00.000Z,text,2116,2303,,
fragments/2,Belastung/körperlich,c4d31cf9b,Verwaltung-3,Demo,2026,Interview Verwaltung-3,ITEMVERW300,ATTAVERW300,Verwaltung-3.txt,1,DEMO0182,highlight,#ff6666,"ne Arbeit überhaupt gesehen wird. Ich mache regelmäßig Sport, um den Rücken vom vielen Sitzen zu entlasten. Das Team in der Verwaltung ist kleiner, aber wir stimmen uns eng ab. D",,,#Belastung/körperlich|#Bewältigung/Sport,bob,2026-06-14T03:08:00.000Z,2026-06-11T09:48:00.000Z,2026-06-11T09:48:00.000Z,text,480,658,,
fragments/2,Belastung/Zeitdruck,ca94d6b9f,Station-1,Demo,2026,Interview Station-1,ITEMSTAT100,ATTASTAT100,Station-1.txt,1,DEMO0006,highlight,#ff6666," brennt man irgendwann aus. Die Personaldecke ist zu dünn, wir arbeiten dauerhaft am Limit. Fällt eine Kollegin aus, wird es sofort eng für alle anderen. Trotz allem mache ich die Arbeit gern, der Kontakt zu den Mens",,,#Belastung/Zeitdruck|#Belastung/körperlich|#Belastung/emotional,ann,2026-06-16T14:57:00.000Z,2026-06-08T10:50:00.000Z,2026-06-08T10:50:00.000Z,text,1102,1318,,
fragments/2,Belastung/Zeitdruck,ca94d6b9f,Station-1,Demo,2026,Interview Station-1,ITEMSTAT100,ATTASTAT100,Station-1.txt,1,DEMO0007,highlight,#ff6666," Station ist enorm, oft fehlt schlicht die Zeit für die Patienten. Wenn drei Klingeln gleichzeitig gehen, muss man Prioritäten setzen, und das zehrt an den Nerve",,,#Belastung/körperlich|#Belastung/Zeitdruck,bob,2026-06-18T02:06:00.000Z,2026-06-08T11:15:00.000Z,2026-06-08T11:15:00.000Z,text,1356,1517,,
fragments/2,Belastung/Zeitdruck,ca94d6b9f,Station-1,Demo,2026,Interview Station-1,ITEMSTAT100,ATTASTAT100,Station-1.txt,2,DEMO0008,highlight,#ff6666,"Umlagern spürt man abends in jedem Knochen. Emotional nimmt man vieles mit nach Hause, gerade wenn ein Patient verstirbt, den man länger begl",,,#Belastung/Zeitdruck,ann,2026-06-16T20:30:00.000Z,2026-06-08T11:37:00.000Z,2026-06-08T11:37:00.000Z,text,1575,1716,,
fragments/2,Belastung/Zeitdruck,ca94d6b9f,Station-1,Demo,2026,Interview Station-1,ITEMSTAT100,ATTASTAT100,Station-1.txt,2,DEMO0010,highlight,#ff6666," nur Galgenhumor, sonst würde man an manchen Tagen verzweifeln. Wir lachen viel zusammen im Dienstzimmer, das ist unser Ventil. Die Pau",,,#Belastung/Zeitdruck|#Bewältigung/Distanz,ann,2026-06-14T07:27:00.000Z,2026-06-08T12:09:00.000Z,2026-06-08T12:09:00.000Z,text,1894,2029,,
fragments/2,Belastung/Zeitdruck,ca94d6b9f,Station-1,Demo,2026,Interview Station-1,ITEMSTAT100,ATTASTAT100,Station-1.txt,2,DEMO0013,highlight,#ff6666," eine Kollegin aus, wird es sofort eng für alle anderen. Trotz allem mache ich die Arbeit gern, der Kontakt zu den Menschen trägt mich. Der Zeitdruck auf der Station ist enorm, oft fehlt schlicht die Zeit für die Patie",,,#Belastung/Zeitdruck,ann,2026-06-08T17:01:00.000Z,2026-06-08T13:13:00.000Z,2026-06-08T13:13:00.000Z,text,2534,2752,,
fragments/2,Belastung/Zeitdruck,ca94d6b9f,Station-1,Demo,2026,Interview Station-1,ITEMSTAT100,ATTASTAT100,Station-1.txt,2,DEMO0014,highlight,#ff6666,"etzen, und das zehrt an den Nerven. Körperlich ist die Arbeit hart, das ständige Heben und Umlagern spürt man",,,#Belastung/Zeitdruck|#Belastung/emotional|#Bewältigung/Distanz,ann,2026-06-14T06:50:00.000Z,2026-06-08T13:41:00.000Z,2026-06-08T13:41:00.000Z,text,2819,2928,,
fragments/2,Belastung/Zeitdruck,ca94d6b9f,Station-1,Demo,2026,Interview Station-1,ITEMSTAT100,ATTASTAT100,Station-1.txt,3,DEMO0016,highlight,#ff6666,"t mir Halt. Manchmal hilft nur Galgenhumor, sonst würde man an manchen Tagen verzweifeln. Wir lachen viel zusammen im Dienstzi",,,#Belastung/Zeitdruck,ann,2026-06-16T23:35:00.000Z,2026-06-08T14:20:00.000Z,2026-06-08T14:20:00.000Z,text,3203,3329,,
fragments/2,Belastung/Zeitdruck,ca94d6b9f,Station-1,Demo,2026,Interview Station-1,ITEMSTAT100,ATTASTAT100,Station-1.txt,3,DEMO0019,highlight,#ff6666,"nst brennt man irgendwann aus. Die Personaldecke ist zu dünn, wir arbeiten dauerhaft am Limit. Fällt eine Kollegin aus, wird es sofort eng für alle anderen. Trotz allem mache ich ",,,#Belastung/Zeitdruck|#Bewältigung/Distanz,ann,2026-06-20T18:14:00.000Z,2026-06-08T15:16:00.000Z,2026-06-08T15:16:00.000Z,text,3769,3948,,
fragments/2,Belastung/Zeitdruck,ca94d6b9f,Station-1,Demo,2026,Interview Station-1,ITEMSTAT100,ATTASTAT100,Station-1.txt,3,DEMO0022,highlight,#ff6666," schaffen, wir fangen uns gegenseitig auf. Meine Kolleginnen springen ein, wenn ich nicht mehr kann, ",,,#Belastung/Zeitdruck|#Bewältigung/Distanz,ann,2026-06-16T09:24:00.000Z,2026-06-08T16:23:00.000Z,2026-06-08T16:23:00.000Z,text,4430,4531,,
fragments/2,Belastung/Zeitdruck,ca94d6b9f,Station-1,Demo,2026,Interview Station-1,ITEMSTAT100,ATTASTAT100,Station-1.txt,4,DEMO0023,highlight,#ff6666,"chen Tagen verzweifeln. Wir lachen viel zusammen im Dienstzimmer, das ist unser Ventil. Die Pausen fallen regelmäßig aus, für einen Kaffee bleibt selten Zeit. Anerkennung",,,#Belastung/Zeitdruck|#Bewältigung/Distanz,ann,2026-06-21T03:29:00.000Z,2026-06-08T16:40:00.000Z,2026-06-08T16:40:00.000Z,text,4604,4774,,
fragments/2,Belastung/Zeitdruck,ca94d6b9f,Station-1,Demo,2026,Interview Station-1,ITEMSTAT100,ATTASTAT100,Station-1.txt,4,DEMO0027,highlight,#ff6666,"chen trägt mich. Der Zeitdruck auf der Station ist enorm, oft fehlt ",,,#Belastung/Zeitdruck,ann,2026-06-20T03:26:00.000Z,2026-06-08T17:52:00.000Z,2026-06-08T17:52:00.000Z,text,5323,5391,,
fragments/2,Belastung/Zeitdruck,ca94d6b9f,Station-2,Demo,2026,Interview Station-2,ITEMSTAT200,ATTASTAT200,Station-2.txt,1,DEMO0032,highlight,#ff6666," mir Halt. Manchmal hilft nur Galgenhumor, sonst würde man an manchen Tagen verzweifeln. Wir lachen viel zusammen im Dienstzimmer, das ist unser Ventil. Die Pausen fallen regelmäßig aus, für einen Kaffee bleibt s",,,#Belastung/Zeitdruck|#Belastung/emotional,bob,2026-06-18T15:40:00.000Z,2026-06-08T21:44:00.000Z,2026-06-08T21:44:00.000Z,text,446,658,,
fragments/2,Belastung/Zeitdruck,ca94d6b9f,Station-2,Demo,2026,Interview Station-2,ITEMSTAT200,ATTASTAT200,Station-2.txt,1,DEMO0033,highlight,#ff6666," es kaum, ein ehrliches Danke hört man selten. Die Dokumentation frisst Zeit, die eigentlich den Patienten gehören sollte. Die Nachtdienste bringen meinen Schlafrhythmus",,,#Belastung/Zeitdruck,bob,2026-06-16T00:46:00.000Z,2026-06-08T22:09:00.000Z,2026-06-08T22:09:00.000Z,text,695,864,,
fragments/2,Belastung/Zeitdruck,ca94d6b9f,Station-2,Demo,2026,Interview Station-2,ITEMSTAT200,ATTASTAT200,Station-2.txt,2,DEMO0041,highlight,#ff6666,"risst Zeit, die eigentlich den Patienten gehören sollte. Die Nachtdienste bring",,,#Belastung/Zeitdruck|#Belastung/emotional,bob,2026-06-14T04:22:00.000Z,2026-06-09T00:29:00.000Z,2026-06-09T00:29:00.000Z,text,2096,2175,,
fragments/2,Belastung/Zeitdruck,ca94d6b9f,Station-2,Demo,2026,Interview Station-2,ITEMSTAT200,ATTASTAT200,Station-2.txt,2,DEMO0044,highlight,#ff6666,", oft fehlt schlicht die Zeit für die Patienten. Wenn drei Klingeln gleichzeitig gehen, muss man Prioritäten setzen, und das ze",,,#Belastung/emotional|#Belastung/Zeitdruck|#Bewältigung/Humor,ann,2026-06-21T05:20:00.000Z,2026-06-09T01:22:00.000Z,2026-06-09T01:22:00.000Z,text,2621,2748,,
fragments/2,Belastung/Zeitdruck,ca94d6b9f,Station-2,Demo,2026,Interview Station-2,ITEMSTAT200,ATTASTAT200,Station-2.txt,3,DEMO0050,highlight,#ff6666,"eiten dauerhaft am Limit. Fällt eine Kollegin aus, wird es sofort eng für alle anderen. Trotz allem mache ich die Arbeit gern, der Kontakt zu den Menschen",,,#Belastung/Zeitdruck|#Bewältigung/Distanz,ann,2026-06-17T21:47:00.000Z,2026-06-09T03:15:00.000Z,2026-06-09T03:15:00.000Z,text,3750,3904,,
fragments/2,Belastung/Zeitdruck,ca94d6b9f,Station-3,Demo,2026,Interview Station-3,ITEMSTAT300,ATTASTAT300,Station-3.txt,3,DEMO0074,highlight,#ff6666,gentlich den Patienten gehören sollte. Die Nachtdienste bringen meinen Schlafrhythmus völlig durcheinander. Nach der Schicht gehe ,,,#Belastung/Zeitdruck|#Belastung/emotional|#Belastung/körperlich,ann,2026-06-08T20:43:00.000Z,2026-06-09T14:35:00.000Z,2026-06-09T14:35:00.000Z,text,3352,3482,,
fragments/2,Belastung/Zeitdruck,ca94d6b9f,Station-3,Demo,2026,Interview Station-3,ITEMSTAT300,ATTASTAT300,Station-3.txt,3,DEMO0077,highlight,#ff6666,"t enorm, oft fehlt schlicht die Zeit für die Patienten. Wenn drei Klingeln gleichzeitig gehen, muss ",,,#Belastung/Zeitdruck|#Bewältigung/Distanz,ann,2026-06-19T15:06:00.000Z,2026-06-09T15:25:00.000Z,2026-06-09T15:25:00.000Z,text,3852,3952,,
fragments/2,Belastung/Zeitdruck,ca94d6b9f,Station-3,Demo,2026,Interview Station-3,ITEMSTAT300,ATTASTAT300,Station-3.txt,3,DEMO0079,highlight,#ff6666,"se, gerade wenn ein Patient verstirbt, den man länger begleitet hat. Ohne das Team würde ich das nicht schaffen, wir fangen uns gegenseitig auf",,,#Belastung/Zeitdruck,bob,2026-06-19T12:38:00.000Z,2026-06-09T15:54:00.000Z,2026-06-09T15:54:00.000Z,text,4143,4286,,
fragments/2,Belastung/Zeitdruck,ca94d6b9f,Station-3,Demo,2026,Interview Station-3,ITEMSTAT300,ATTASTAT300,Station-3.txt,3,DEMO0080,highlight,#ff6666,"hr kann, das gibt mir Halt. Manchmal hilft nur Galgenhumor, sonst würde man an manchen Tagen verzweifeln. Wir lachen viel zusammen im Dienstzimmer, das ist unser Ventil. Die Pa",,,#Belastung/Zeitdruck|#Bewältigung/Distanz,ann,2026-06-17T23:01:00.000Z,2026-06-09T16:13:00.000Z,2026-06-09T16:13:00.000Z,text,4337,4513,,
fragments/2,Belastung/Zeitdruck,ca94d6b9f,Station-3,Demo,2026,Interview Station-3,ITEMSTAT300,ATTASTAT300,Station-3.txt,4,DEMO0081,highlight,#ff6666,"von oben gibt es kaum, ein ehrliches Danke hört man selten. Die Dokumentation frisst Zeit, die eigentlich den Patienten gehören so",,,#Belastung/Zeitdruck|#Bewältigung/Distanz,ann,2026-06-16T18:02:00.000Z,2026-06-09T16:39:00.000Z,2026-06-09T16:39:00.000Z,text,4590,4720,,
fragments/2,Belastung/Zeitdruck,ca94d6b9f,Station-4,Demo,2026,Interview Station-4,ITEMSTAT400,ATTASTAT400,Station-4.txt,1,DEMO0089,highlight,#ff6666,"ehe ich oft joggen, um den Kopf wieder freizubekommen. Man muss lernen, eine gewisse Distanz zu wahren, sonst brennt m",,,#Belastung/Zeitdruck,bob,2026-06-12T07:58:00.000Z,2026-06-09T22:10:00.000Z,2026-06-09T22:10:00.000Z,text,709,827,,
fragments/2,Belastung/Zeitdruck,ca94d6b9f,Station-4,Demo,2026,Interview Station-4,ITEMSTAT400,ATTASTAT400,Station-4.txt,1,DEMO0091,highlight,#ff6666,"gt mich. Der Zeitdruck auf der Station ist enorm, oft fehlt schlicht die Zeit für die Patient",,,#Belastung/Zeitdruck|#Bewältigung/Distanz,ann,2026-06-16T21:44:00.000Z,2026-06-09T22:44:00.000Z,2026-06-09T22:44:00.000Z,text,1042,1135,,
fragments/2,Belastung/Zeitdruck,ca94d6b9f,Station-4,Demo,2026,Interview Station-4,ITEMSTAT400,ATTASTAT400,Station-4.txt,1,DEMO0093,highlight,#ff6666,"an abends in jedem Knochen. Emotional nimmt man vieles mit nach Hause, gerade w",,,#Belastung/Zeitdruck|#Bewältigung/Distanz,ann,2026-06-13T20:58:00.000Z,2026-06-09T23:10:00.000Z,2026-06-09T23:10:00.000Z,text,1307,1386,,
fragments/2,Belastung/Zeitdruck,ca94d6b9f,Station-4,Demo,2026,Interview Station-4,ITEMSTAT400,ATTASTAT400,Station-4.txt,2,DEMO0095,highlight,#ff6666,"weifeln. Wir lachen viel zusammen im Dienstzimmer, das ist unser Ventil. Die Pausen fallen regelmäßig aus, für einen Kaffee bleibt selten Zeit. Anerkennung von oben gibt es kaum, ein ehrliches Danke hört man ",,,#Belastung/Zeitdruck,bob,2026-06-19T22:30:00.000Z,2026-06-09T23:46:00.000Z,2026-06-09T23:46:00.000Z,text,1665,1873,,
fragments/2,Belastung/Zeitdruck,ca94d6b9f,Station-4,Demo,2026,Interview Station-4,ITEMSTAT400,ATTASTAT400,Station-4.txt,2,DEMO0101,highlight,#ff6666,"t würde man an manchen Tagen verzweifeln. Wir lachen viel zusammen im Dienstzimmer, das ist unser Ventil. Die ",,,#Belastung/Zeitdruck,bob,2026-06-18T05:11:00.000Z,2026-06-10T01:56:00.000Z,2026-06-10T01:56:00.000Z,text,2967,3077,,
fragments/2,Belastung/Zeitdruck,ca94d6b9f,Station-4,Demo,2026,Interview Station-4,ITEMSTAT400,ATTASTAT400,Station-4.txt,3,DEMO0103,highlight,#ff6666,"sollte. Die Nachtdienste bringen meinen Schlafrhythmus völlig durcheinander. Nach der Schicht gehe ich oft joggen, um den Kopf wieder freizubekommen. Man muss lernen, eine gewisse Distanz zu wahren, sonst brennt ",,,#Belastung/Zeitdruck,bob,2026-06-18T23:04:00.000Z,2026-06-10T02:28:00.000Z,2026-06-10T02:28:00.000Z,text,3284,3496,,
fragments/2,Belastung/Zeitdruck,ca94d6b9f,Station-4,Demo,2026,Interview Station-4,ITEMSTAT400,ATTASTAT400,Station-4.txt,3,DEMO0107,highlight,#ff6666," nach Hause, gerade wenn ein Patient verstirbt, den man länger begleitet hat. Ohne das Team würde ich das nicht sc",,,#Belastung/Zeitdruck|#Belastung/emotional,ann,2026-06-14T00:40:00.000Z,2026-06-10T03:43:00.000Z,2026-06-10T03:43:00.000Z,text,4035,4149,,
fragments/2,Belastung/Zeitdruck,ca94d6b9f,Station-4,Demo,2026,Interview Station-4,ITEMSTAT400,ATTASTAT400,Station-4.txt,4,DEMO0111,highlight,#ff6666," wahren, sonst brennt man irgendwann aus. Die Personaldecke ist zu dünn, wir arbeiten dauerhaft am Limit. Fällt eine Kollegin aus, wird es sofort eng für alle anderen. Trotz allem mache ic",,,#Belastung/Zeitdruck|#Bewältigung/Distanz,ann,2026-06-16T10:38:00.000Z,2026-06-10T05:00:00.000Z,2026-06-10T05:00:00.000Z,text,4809,4997,,
fragments/2,Belastung/Zeitdruck,ca94d6b9f,Station-4,Demo,2026,Interview Station-4,ITEMSTAT400,ATTASTAT400,Station-4.txt,4,DEMO0113,highlight,#ff6666,"erlich ist die Arbeit hart, das ständige Heben und Umlagern spürt man abends in jedem Knochen. Emotional nimmt man vieles mit nach Hause, gerade wenn e",,,#Belastung/Zeitdruck|#Belastung/emotional,bob,2026-06-19T13:15:00.000Z,2026-06-10T05:44:00.000Z,2026-06-10T05:44:00.000Z,text,5245,5396,,
fragments/2,Belastung/Zeitdruck,ca94d6b9f,Verwaltung-1,Demo,2026,Interview Verwaltung-1,ITEMVERW100,ATTAVERW100,Verwaltung-1.txt,2,DEMO0127,highlight,#ff6666,er wir stimmen uns eng ab. Die vielen Meetings verschlingen einen großen Teil des Arbeitstages. Die Selbstständigkeit in der Aufgabenplanun,,,#Belastung/Zeitdruck|#Belastung/emotional|#Bewältigung/Distanz,ann,2026-06-14T19:47:00.000Z,2026-06-10T12:29:00.000Z,2026-06-10T12:29:00.000Z,text,2090,2229,,
fragments/2,Belastung/Zeitdruck,ca94d6b9f,Verwaltung-1,Demo,2026,Interview Verwaltung-1,ITEMVERW100,ATTAVERW100,Verwaltung-1.txt,3,DEMO0137,highlight,#ff6666,"e Distanz zum unmittelbaren Leid auf den Stationen. Zeitdruck gibt es auch hier, besonders zum Quartalsende bei den Abrechnungen. Im Homeoffice kann ich konzentrier",,,#Belastung/Zeitdruck,ann,2026-06-12T00:34:00.000Z,2026-06-10T15:31:00.000Z,2026-06-10T15:31:00.000Z,text,3918,4082,,
fragments/2,Belastung/Zeitdruck,ca94d6b9f,Verwaltung-1,Demo,2026,Interview Verwaltung-1,ITEMVERW100,ATTAVERW100,Verwaltung-1.txt,3,DEMO0138,highlight,#ff6666,"üro. Die Abstimmung mit den Stationen ist manchmal zäh, die Prioritäten unterscheiden sich. Nach Feierabend lässt sich die Arbeit meist gut abschalten. Ein klarer Aufgab",,,#Belastung/Zeitdruck|#Bewältigung/Distanz,ann,2026-06-16T22:58:00.000Z,2026-06-10T15:51:00.000Z,2026-06-10T15:51:00.000Z,text,4111,4280,,
fragments/2,Belastung/Zeitdruck,ca94d6b9f,Verwaltung-1,Demo,2026,Interview Verwaltung-1,ITEMVERW100,ATTAVERW100,Verwaltung-1.txt,4,DEMO0146,highlight,#ff6666,"kmeldung, ob meine Arbeit überhaupt gesehen wird. Ich mache regelmäßig Sport, um den Rücken vom vielen Sitzen zu entlasten. Das Team in ",,,#Belastung/Zeitdruck|#Belastung/körperlich,ann,2026-06-08T21:20:00.000Z,2026-06-10T18:40:00.000Z,2026-06-10T18:40:00.000Z,text,5806,5942,,
fragments/2,Belastung/Zeitdruck,ca94d6b9f,Verwaltung-2,Demo,2026,Interview Verwaltung-2,ITEMVERW200,ATTAVERW200,Verwaltung-2.txt,1,DEMO0148,highlight,#ff6666,beit meist gut abschalten. Ein klarer Aufgabenzuschnitt gibt mir Sicherheit und ein Gefühl von Autonomie. Wenn die,,,#Belastung/Zeitdruck|#Bewältigung/Distanz,ann,2026-06-15T06:16:00.000Z,2026-06-10T21:26:00.000Z,2026-06-10T21:26:00.000Z,text,266,380,,
fragments/2,Belastung/Zeitdruck,ca94d6b9f,Verwaltung-2,Demo,2026,Interview Verwaltung-2,ITEMVERW200,ATTAVERW200,Verwaltung-2.txt,2,DEMO0156,highlight,#ff6666,". Wenn die IT-Systeme streiken, steht plötzlich der ganze Betrieb still. Emotional belastet ",,,#Belastung/Zeitdruck|#Bewältigung/Distanz,ann,2026-06-10T19:35:00.000Z,2026-06-10T23:46:00.000Z,2026-06-10T23:46:00.000Z,text,1664,1756,,
fragments/2,Belastung/Zeitdruck,ca94d6b9f,Verwaltung-2,Demo,2026,Interview Verwaltung-2,ITEMVERW200,ATTAVERW200,Verwaltung-2.txt,2,DEMO0159,highlight,#ff6666,"eit in der Aufgabenplanung ist für mich das Wichtigste. In der Verwaltung habe ich mehr Freiheit, meine Aufgaben selbst einzuteilen. Ich kann eigenständig entscheiden, in welcher Reihenfo",,,#Belastung/Zeitdruck|#Belastung/körperlich|#Belastung/emotional,ann,2026-06-20T02:12:00.000Z,2026-06-11T00:31:00.000Z,2026-06-11T00:31:00.000Z,text,2116,2303,,
fragments/2,Belastung/Zeitdruck,ca94d6b9f,Verwaltung-2,Demo,2026,Interview Verwaltung-2,ITEMVERW200,ATTAVERW200,Verwaltung-2.txt,3,DEMO0164,highlight,#ff6666,"haupt gesehen wird. Ich mache regelmäßig Sport, um den Rücken vom vielen Sitzen zu entlasten. Das Team",,,#Belastung/Zeitdruck|#Belastung/emotional,ann,2026-06-12T08:35:00.000Z,2026-06-11T02:16:00.000Z,2026-06-11T02:16:00.000Z,text,3160,3262,,
fragments/2,Belastung/Zeitdruck,ca94d6b9f,Verwaltung-2,Demo,2026,Interview Verwaltung-2,ITEMVERW200,ATTAVERW200,Verwaltung-2.txt,3,DEMO0167,highlight,#ff6666,lossenen Projekten. Der Schreibtisch schafft eine gewisse Distanz zum unmittelbaren Leid auf de,,,#Belastung/Zeitdruck,ann,2026-06-18T14:26:00.000Z,2026-06-11T03:17:00.000Z,2026-06-11T03:17:00.000Z,text,3774,3869,,
fragments/2,Belastung/Zeitdruck,ca94d6b9f,Verwaltung-2,Demo,2026,Interview Verwaltung-2,ITEMVERW200,ATTAVERW200,Verwaltung-2.txt,3,DEMO0168,highlight,#ff6666,onders zum Quartalsende bei den Abrechnungen. Im Homeoffice kann ich konzentrierter ar,,,#Belastung/Zeitdruck,ann,2026-06-12T03:02:00.000Z,2026-06-11T03:31:00.000Z,2026-06-11T03:31:00.000Z,text,3914,4000,,
fragments/2,Belastung/Zeitdruck,ca94d6b9f,Verwaltung-2,Demo,2026,Interview Verwaltung-2,ITEMVERW200,ATTAVERW200,Verwaltung-2.txt,4,DEMO0172,highlight,#ff6666,"ie Selbstständigkeit in der Aufgabenplanung ist für mich das Wichtigste. In der Verwaltung habe ich mehr Freiheit, meine Aufgaben se",,,#Belastung/emotional|#Belastung/Zeitdruck,ann,2026-06-18T16:54:00.000Z,2026-06-11T04:48:00.000Z,2026-06-11T04:48:00.000Z,text,4687,4819,,
fragments/2,Belastung/Zeitdruck,ca94d6b9f,Verwaltung-3,Demo,2026,Interview Verwaltung-3,ITEMVERW300,ATTAVERW300,Verwaltung-3.txt,1,DEMO0183,highlight,#ff6666,eil des Arbeitstages. Die Selbstständigkeit in der Aufgabenplanung ist für mich das Wicht,,,#Belastung/Zeitdruck,bob,2026-06-19T04:00:00.000Z,2026-06-11T10:10:00.000Z,2026-06-11T10:10:00.000Z,text,704,793,,
fragments/2,Belastung/Zeitdruck,ca94d6b9f,Verwaltung-3,Demo,2026,Interview Verwaltung-3,ITEMVERW300,ATTAVERW300,Verwaltung-3.txt,2,DEMO0188,highlight,#ff6666,"astet mich die Arbeit selten, das ist ein Vorteil dieser Rolle. Manchmal fehlt die Rückmeldung, ob meine Arbeit überhaupt gesehen wird",,,#Belastung/Zeitdruck|#Belastung/emotional|#Bewältigung/Distanz,ann,2026-06-20T23:47:00.000Z,2026-06-11T11:47:00.000Z,2026-06-11T11:47:00.000Z,text,1672,1806,,
fragments/2,Belastung/Zeitdruck,ca94d6b9f,Verwaltung-4,Demo,2026,Interview Verwaltung-4,ITEMVERW400,ATTAVERW400,Verwaltung-4.txt,1,DEMO0212,highlight,#ff6666,"rschlingen einen großen Teil des Arbeitstages. Die Selbstständigkeit in der Aufgabenplanung ist für mich das Wichtigste. In der Verwaltung habe ich mehr Freiheit, meine Aufgaben selbst einzuteilen. Ich kann eigenst",,,#Belastung/Zeitdruck,bob,2026-06-13T00:00:00.000Z,2026-06-11T22:01:00.000Z,2026-06-11T22:01:00.000Z,text,611,825,,
fragments/2,Belastung/Zeitdruck,ca94d6b9f,Verwaltung-4,Demo,2026,Interview Verwaltung-4,ITEMVERW400,ATTAVERW400,Verwaltung-4.txt,3,DEMO0226,highlight,#ff6666,"ndig entscheiden, in welcher Reihenfolge ich die Vorgänge bearbeite. Die Bürokra",,,#Belastung/Zeitdruck,ann,2026-06-15T17:59:00.000Z,2026-06-12T02:41:00.000Z,2026-06-12T02:41:00.000Z,text,3414,3494,,
fragments/2,Belastung/Zeitdruck,ca94d6b9f,Verwaltung-4,Demo,2026,Interview Verwaltung-4,ITEMVERW400,ATTAVERW400,Verwaltung-4.txt,3,DEMO0227,highlight,#ff6666,nzwischen ein Formular. Anerkennung bekomme ich eher über konkretes Feedback zu,,,#Belastung/Zeitdruck|#Bewältigung/Distanz,bob,2026-06-15T22:18:00.000Z,2026-06-12T02:54:00.000Z,2026-06-12T02:54:00.000Z,text,3541,3620,,
fragments/2,Belastung/Zeitdruck,ca94d6b9f,Verwaltung-4,Demo,2026,Interview Verwaltung-4,ITEMVERW400,ATTAVERW400,Verwaltung-4.txt,3,DEMO0231,highlight,#ff6666," die Arbeit selten, das ist ein Vorteil dieser Rolle. Manchmal fehlt die Rückmeldung, ob meine Arbeit überhaupt gesehen wird. Ic",,,#Belastung/Zeitdruck|#Bewältigung/Distanz,ann,2026-06-11T11:37:00.000Z,2026-06-12T04:00:00.000Z,2026-06-12T04:00:00.000Z,text,4202,4330,,
fragments/2,Belastung/Zeitdruck,ca94d6b9f,Verwaltung-4,Demo,2026,Interview Verwaltung-4,ITEMVERW400,ATTAVERW400,Verwaltung-4.txt,3,DEMO0232,highlight,#ff6666,"om vielen Sitzen zu entlasten. Das Team in der Verwaltung ist kleiner, aber wir stimmen uns eng ab. Die viel",,,#Belastung/Zeitdruck,bob,2026-06-18T05:48:00.000Z,2026-06-12T04:17:00.000Z,2026-06-12T04:17:00.000Z,text,4371,4479,,
fragments/2,Belastung/Zeitdruck,ca94d6b9f,Verwaltung-4,Demo,2026,Interview Verwaltung-4,ITEMVERW400,ATTAVERW400,Verwaltung-4.txt,4,DEMO0234,highlight,#ff6666,gkeit braucht es inzwischen ein Formular. Anerkennung bekomme ich eher über konkretes Feedba,,,#Belastung/Zeitdruck,bob,2026-06-21T07:11:00.000Z,2026-06-12T05:01:00.000Z,2026-06-12T05:01:00.000Z,text,4817,4909,,
fragments/2,Bewältigung/Distanz,c0bac907c,Station-1,Demo,2026,Interview Station-1,ITEMSTAT100,ATTASTAT100,Station-1.txt,2,DEMO0010,highlight,#ff6666," nur Galgenhumor, sonst würde man an manchen Tagen verzweifeln. Wir lachen viel zusammen im Dienstzimmer, das ist unser Ventil. Die Pau",,,#Belastung/Zeitdruck|#Bewältigung/Distanz,bob,2026-06-20T02:49:00.000Z,2026-06-08T12:09:00.000Z,2026-06-08T12:09:00.000Z,text,1894,2029,,
fragments/2,Bewältigung/Distanz,c0bac907c,Station-1,Demo,2026,Interview Station-1,ITEMSTAT100,ATTASTAT100,Station-1.txt,2,DEMO0014,highlight,#ff6666,"etzen, und das zehrt an den Nerven. Körperlich ist die Arbeit hart, das ständige Heben und Umlagern spürt man",,,#Belastung/Zeitdruck|#Belastung/emotional|#Bewältigung/Distanz,bob,2026-06-09T12:45:00.000Z,2026-06-08T13:41:00.000Z,2026-06-08T13:41:00.000Z,text,2819,2928,,
fragments/2,Bewältigung/Distanz,c0bac907c,Station-1,Demo,2026,Interview Station-1,ITEMSTAT100,ATTASTAT100,Station-1.txt,3,DEMO0019,highlight,#ff6666,"nst brennt man irgendwann aus. Die Personaldecke ist zu dünn, wir arbeiten dauerhaft am Limit. Fällt eine Kollegin aus, wird es sofort eng für alle anderen. Trotz allem mache ich ",,,#Belastung/Zeitdruck|#Bewältigung/Distanz,bob,2026-06-16T18:39:00.000Z,2026-06-08T15:16:00.000Z,2026-06-08T15:16:00.000Z,text,3769,3948,,
fragments/2,Bewältigung/Distanz,c0bac907c,Station-1,Demo,2026,Interview Station-1,ITEMSTAT100,ATTASTAT100,Station-1.txt,3,DEMO0022,highlight,#ff6666," schaffen, wir fangen uns gegenseitig auf. Meine Kolleginnen springen ein, wenn ich nicht mehr kann, ",,,#Belastung/Zeitdruck|#Bewältigung/Distanz,ann,2026-06-08T09:00:00.000Z,2026-06-08T16:23:00.000Z,2026-06-08T16:23:00.000Z,text,4430,4531,,
fragments/2,Bewältigung/Distanz,c0bac907c,Station-1,Demo,2026,Interview Station-1,ITEMSTAT100,ATTASTAT100,Station-1.txt,4,DEMO0023,highlight,#ff6666,"chen Tagen verzweifeln. Wir lachen viel zusammen im Dienstzimmer, das ist unser Ventil. Die Pausen fallen regelmäßig aus, für einen Kaffee bleibt selten Zeit. Anerkennung",,,#Belastung/Zeitdruck|#Bewältigung/Distanz,bob,2026-06-15T21:04:00.000Z,2026-06-08T16:40:00.000Z,2026-06-08T16:40:00.000Z,text,4604,4774,,
fragments/2,Bewältigung/Distanz,c0bac907c,Station-1,Demo,2026,Interview Station-1,ITEMSTAT100,ATTASTAT100,Station-1.txt,4,DEMO0026,highlight,#5fb236,"Fällt eine Kollegin aus, wird es sofort eng für alle anderen. Trotz allem mache ich d",,,#Bewältigung/Distanz,ann,2026-06-18T04:34:00.000Z,2026-06-08T17:39:00.000Z,2026-06-08T17:39:00.000Z,text,5199,5284,,
fragments/2,Bewältigung/Distanz,c0bac907c,Station-2,Demo,2026,Interview Station-2,ITEMSTAT200,ATTASTAT200,Station-2.txt,1,DEMO0030,highlight,#5fb236,"zen, und das zehrt an den Nerven. Körperlich ist die Arbeit hart, das ständige Heben und Umlagern spü",,,#Bewältigung/Distanz,ann,2026-06-18T21:50:00.000Z,2026-06-08T21:06:00.000Z,2026-06-08T21:06:00.000Z,text,63,164,,
fragments/2,Bewältigung/Distanz,c0bac907c,Station-2,Demo,2026,Interview Station-2,ITEMSTAT200,ATTASTAT200,Station-2.txt,2,DEMO0039,highlight,#5fb236,"de ich das nicht schaffen, wir fangen uns gegenseitig auf. Meine Kolleginnen springen ein, wenn ich nicht mehr kann, das gibt mir Halt. Manchmal hilft nur Galgenhumor, sonst würde ma",,,#Bewältigung/Distanz,ann,2026-06-18T18:45:00.000Z,2026-06-08T23:45:00.000Z,2026-06-08T23:45:00.000Z,text,1656,1838,,
fragments/2,Bewältigung/Distanz,c0bac907c,Station-2,Demo,2026,Interview Station-2,ITEMSTAT200,ATTASTAT200,Station-2.txt,3,DEMO0050,highlight,#ff6666,"eiten dauerhaft am Limit. Fällt eine Kollegin aus, wird es sofort eng für alle anderen. Trotz allem mache ich die Arbeit gern, der Kontakt zu den Menschen",,,#Belastung/Zeitdruck|#Bewältigung/Distanz,bob,2026-06-09T14:36:00.000Z,2026-06-09T03:15:00.000Z,2026-06-09T03:15:00.000Z,text,3750,3904,,
fragments/2,Bewältigung/Distanz,c0bac907c,Station-3,Demo,2026,Interview Station-3,ITEMSTAT300,ATTASTAT300,Station-3.txt,3,DEMO0077,highlight,#ff6666,"t enorm, oft fehlt schlicht die Zeit für die Patienten. Wenn drei Klingeln gleichzeitig gehen, muss ",,,#Belastung/Zeitdruck|#Bewältigung/Distanz,ann,2026-06-19T08:19:00.000Z,2026-06-09T15:25:00.000Z,2026-06-09T15:25:00.000Z,text,3852,3952,,
fragments/2,Bewältigung/Distanz,c0bac907c,Station-3,Demo,2026,Interview Station-3,ITEMSTAT300,ATTASTAT300,Station-3.txt,3,DEMO0078,highlight,#5fb236," hart, das ständige Heben und Umlagern spürt man abends in jedem Knochen. Emo",,,#Bewältigung/Distanz,ann,2026-06-19T21:16:00.000Z,2026-06-09T15:43:00.000Z,2026-06-09T15:43:00.000Z,text,4030,4107,,
fragments/2,Bewältigung/Distanz,c0bac907c,Station-3,Demo,2026,Interview Station-3,ITEMSTAT300,ATTASTAT300,Station-3.txt,3,DEMO0080,highlight,#ff6666,"hr kann, das gibt mir Halt. Manchmal hilft nur Galgenhumor, sonst würde man an manchen Tagen verzweifeln. Wir lachen viel zusammen im Dienstzimmer, das ist unser Ventil. Die Pa",,,#Belastung/Zeitdruck|#Bewältigung/Distanz,bob,2026-06-14T03:45:00.000Z,2026-06-09T16:13:00.000Z,2026-06-09T16:13:00.000Z,text,4337,4513,,
fragments/2,Bewältigung/Distanz,c0bac907c,Station-3,Demo,2026,Interview Station-3,ITEMSTAT300,ATTASTAT300,Station-3.txt,4,DEMO0081,highlight,#ff6666,"von oben gibt es kaum, ein ehrliches Danke hört man selten. Die Dokumentation frisst Zeit, die eigentlich den Patienten gehören so",,,#Belastung/Zeitdruck|#Bewältigung/Distanz,ann,2026-06-20T17:37:00.000Z,2026-06-09T16:39:00.000Z,2026-06-09T16:39:00.000Z,text,4590,4720,,
fragments/2,Bewältigung/Distanz,c0bac907c,Station-3,Demo,2026,Interview Station-3,ITEMSTAT300,ATTASTAT300,Station-3.txt,4,DEMO0085,highlight,#5fb236,"Nerven. Körperlich ist die Arbeit hart, das ständige Heben und Umlagern spürt man abends in j",,,#Bewältigung/Humor|#Bewältigung/Distanz,bob,2026-06-17T23:38:00.000Z,2026-06-09T17:53:00.000Z,2026-06-09T17:53:00.000Z,text,5332,5425,,
fragments/2,Bewältigung/Distanz,c0bac907c,Station-4,Demo,2026,Interview Station-4,ITEMSTAT400,ATTASTAT400,Station-4.txt,1,DEMO0088,highlight,#5fb236,"ng von oben gibt es kaum, ein ehrliches Danke hört man selten. Die Dokumentation frisst Zeit, die eigentlich den Patienten gehören sollte. Die Nachtdienste bringen meinen Schlafrhythmu",,,#Bewältigung/Distanz|#Bewältigung/Humor,ann,2026-06-15T01:57:00.000Z,2026-06-09T21:48:00.000Z,2026-06-09T21:48:00.000Z,text,483,667,,
fragments/2,Bewältigung/Distanz,c0bac907c,Station-4,Demo,2026,Interview Station-4,ITEMSTAT400,ATTASTAT400,Station-4.txt,1,DEMO0091,highlight,#ff6666,"gt mich. Der Zeitdruck auf der Station ist enorm, oft fehlt schlicht die Zeit für die Patient",,,#Belastung/Zeitdruck|#Bewältigung/Distanz,bob,2026-06-09T01:39:00.000Z,2026-06-09T22:44:00.000Z,2026-06-09T22:44:00.000Z,text,1042,1135,,
fragments/2,Bewältigung/Distanz,c0bac907c,Station-4,Demo,2026,Interview Station-4,ITEMSTAT400,ATTASTAT400,Station-4.txt,1,DEMO0093,highlight,#ff6666,"an abends in jedem Knochen. Emotional nimmt man vieles mit nach Hause, gerade w",,,#Belastung/Zeitdruck|#Bewältigung/Distanz,bob,2026-06-15T21:41:00.000Z,2026-06-09T23:10:00.000Z,2026-06-09T23:10:00.000Z,text,1307,1386,,
fragments/2,Bewältigung/Distanz,c0bac907c,Station-4,Demo,2026,Interview Station-4,ITEMSTAT400,ATTASTAT400,Station-4.txt,3,DEMO0106,highlight,#5fb236," Körperlich ist die Arbeit hart, das ständige Heben und Umlagern spürt man abends in jedem Knochen. Emotional ",,,#Bewältigung/Distanz,bob,2026-06-17T07:36:00.000Z,2026-06-10T03:30:00.000Z,2026-06-10T03:30:00.000Z,text,3905,4015,,
fragments/2,Bewältigung/Distanz,c0bac907c,Station-4,Demo,2026,Interview Station-4,ITEMSTAT400,ATTASTAT400,Station-4.txt,4,DEMO0111,highlight,#ff6666," wahren, sonst brennt man irgendwann aus. Die Personaldecke ist zu dünn, wir arbeiten dauerhaft am Limit. Fällt eine Kollegin aus, wird es sofort eng für alle anderen. Trotz allem mache ic",,,#Belastung/Zeitdruck|#Bewältigung/Distanz,bob,2026-06-17T15:00:00.000Z,2026-06-10T05:00:00.000Z,2026-06-10T05:00:00.000Z,text,4809,4997,,
fragments/2,Bewältigung/Distanz,c0bac907c,Station-4,Demo,2026,Interview Station-4,ITEMSTAT400,ATTASTAT400,Station-4.txt,4,DEMO0112,highlight,#5fb236," Zeitdruck auf der Station ist enorm, oft fehlt schlicht die Zeit für die Patienten. Wenn drei Klingeln gleichzeitig gehen, muss man ",,,#Bewältigung/Humor|#Bewältigung/Distanz,bob,2026-06-11T06:04:00.000Z,2026-06-10T05:25:00.000Z,2026-06-10T05:25:00.000Z,text,5059,5192,,
fragments/2,Bewältigung/Distanz,c0bac907c,Verwaltung-1,Demo,2026,Interview Verwaltung-1,ITEMVERW100,ATTAVERW100,Verwaltung-1.txt,1,DEMO0119,highlight,#5fb236,"fehlt die Rückmeldung, ob meine Arbeit überhaupt gesehen wird. Ich mache regelmäßig Sport, ",,,#Bewältigung/Distanz,ann,2026-06-17T13:09:00.000Z,2026-06-10T10:01:00.000Z,2026-06-10T10:01:00.000Z,text,617,708,,
fragments/2,Bewältigung/Distanz,c0bac907c,Verwaltung-1,Demo,2026,Interview Verwaltung-1,ITEMVERW100,ATTAVERW100,Verwaltung-1.txt,2,DEMO0127,highlight,#ff6666,er wir stimmen uns eng ab. Die vielen Meetings verschlingen einen großen Teil des Arbeitstages. Die Selbstständigkeit in der Aufgabenplanun,,,#Belastung/Zeitdruck|#Belastung/emotional|#Bewältigung/Distanz,ann,2026-06-17T05:08:00.000Z,2026-06-10T12:29:00.000Z,2026-06-10T12:29:00.000Z,text,2090,2229,,
fragments/2,Bewältigung/Distanz,c0bac907c,Verwaltung-1,Demo,2026,Interview Verwaltung-1,ITEMVERW100,ATTAVERW100,Verwaltung-1.txt,2,DEMO0128,highlight,#5fb236,"eit, meine Aufgaben selbst einzuteilen. Ich kann eigenständig entscheiden, in welcher Reihenfolge ich die Vorgänge bearbeite. Die Bürokratie nimmt zu, für jede Kleinigkei",,,#Bewältigung/Distanz,ann,2026-06-20T00:58:00.000Z,2026-06-10T12:49:00.000Z,2026-06-10T12:49:00.000Z,text,2297,2467,,
fragments/2,Bewältigung/Distanz,c0bac907c,Verwaltung-1,Demo,2026,Interview Verwaltung-1,ITEMVERW100,ATTAVERW100,Verwaltung-1.txt,2,DEMO0129,highlight,#5fb236, bekomme ich eher über konkretes Feedback zu abgeschlossenen Projekten. Der Schreibtisch schafft eine gewisse Distanz zum unmittelbaren Leid auf den Stationen.,,,#Bewältigung/Distanz,ann,2026-06-19T15:43:00.000Z,2026-06-10T13:11:00.000Z,2026-06-10T13:11:00.000Z,text,2516,2675,,
fragments/2,Bewältigung/Distanz,c0bac907c,Verwaltung-1,Demo,2026,Interview Verwaltung-1,ITEMVERW100,ATTAVERW100,Verwaltung-1.txt,2,DEMO0131,highlight,#5fb236,"gabenzuschnitt gibt mir Sicherheit und ein Gefühl von Autonomie. Wenn die IT-Systeme streiken, steht plötzlich der ganze ",,,#Bewältigung/Distanz,ann,2026-06-21T12:07:00.000Z,2026-06-10T13:58:00.000Z,2026-06-10T13:58:00.000Z,text,2983,3104,,
fragments/2,Bewältigung/Distanz,c0bac907c,Verwaltung-1,Demo,2026,Interview Verwaltung-1,ITEMVERW100,ATTAVERW100,Verwaltung-1.txt,3,DEMO0132,highlight,#5fb236,"n, das ist ein Vorteil dieser Rolle. Manchmal fehlt die Rückmeldung, ob meine",,,#Bewältigung/Distanz,bob,2026-06-21T04:06:00.000Z,2026-06-10T14:15:00.000Z,2026-06-10T14:15:00.000Z,text,3159,3236,,
fragments/2,Bewältigung/Distanz,c0bac907c,Verwaltung-1,Demo,2026,Interview Verwaltung-1,ITEMVERW100,ATTAVERW100,Verwaltung-1.txt,3,DEMO0133,highlight,#5fb236,"n wird. Ich mache regelmäßig Sport, um den Rücken vom vielen Sitzen zu entlasten. Das Team in der Verwaltu",,,#Bewältigung/Sport|#Bewältigung/Distanz,bob,2026-06-16T04:28:00.000Z,2026-06-10T14:26:00.000Z,2026-06-10T14:26:00.000Z,text,3260,3366,,
fragments/2,Bewältigung/Distanz,c0bac907c,Verwaltung-1,Demo,2026,Interview Verwaltung-1,ITEMVERW100,ATTAVERW100,Verwaltung-1.txt,3,DEMO0136,highlight,#5fb236,cht es inzwischen ein Formular. Anerkennung bekomme ich eher über konkretes Feedback zu abgeschlossenen Projekten. Der Schreibtis,,,#Bewältigung/Distanz,ann,2026-06-11T06:41:00.000Z,2026-06-10T15:16:00.000Z,2026-06-10T15:16:00.000Z,text,3767,3896,,
fragments/2,Bewältigung/Distanz,c0bac907c,Verwaltung-1,Demo,2026,Interview Verwaltung-1,ITEMVERW100,ATTAVERW100,Verwaltung-1.txt,3,DEMO0138,highlight,#ff6666,"üro. Die Abstimmung mit den Stationen ist manchmal zäh, die Prioritäten unterscheiden sich. Nach Feierabend lässt sich die Arbeit meist gut abschalten. Ein klarer Aufgab",,,#Belastung/Zeitdruck|#Bewältigung/Distanz,bob,2026-06-11T22:43:00.000Z,2026-06-10T15:51:00.000Z,2026-06-10T15:51:00.000Z,text,4111,4280,,
fragments/2,Bewältigung/Distanz,c0bac907c,Verwaltung-1,Demo,2026,Interview Verwaltung-1,ITEMVERW100,ATTAVERW100,Verwaltung-1.txt,4,DEMO0145,highlight,#5fb236," Aufgabenzuschnitt gibt mir Sicherheit und ein Gefühl von Autonomie. Wenn die IT-Systeme streiken, steht plötzlich der ganze Betrieb still. Emotional belastet mich die",,,#Bewältigung/Distanz,ann,2026-06-18T19:59:00.000Z,2026-06-10T18:16:00.000Z,2026-06-10T18:16:00.000Z,text,5567,5734,,
fragments/2,Bewältigung/Distanz,c0bac907c,Verwaltung-2,Demo,2026,Interview Verwaltung-2,ITEMVERW200,ATTAVERW200,Verwaltung-2.txt,1,DEMO0148,highlight,#ff6666,beit meist gut abschalten. Ein klarer Aufgabenzuschnitt gibt mir Sicherheit und ein Gefühl von Autonomie. Wenn die,,,#Belastung/Zeitdruck|#Bewältigung/Distanz,bob,2026-06-21T15:49:00.000Z,2026-06-10T21:26:00.000Z,2026-06-10T21:26:00.000Z,text,266,380,,
fragments/2,Bewältigung/Distanz,c0bac907c,Verwaltung-2,Demo,2026,Interview Verwaltung-2,ITEMVERW200,ATTAVERW200,Verwaltung-2.txt,1,DEMO0149,highlight,#5fb236,"steht plötzlich der ganze Betrieb still. Emotional belastet mich die Arbeit selten, das ist ein Vorteil dieser R",,,#Bewältigung/Distanz,bob,2026-06-13T21:35:00.000Z,2026-06-10T21:40:00.000Z,2026-06-10T21:40:00.000Z,text,402,514,,
fragments/2,Bewältigung/Distanz,c0bac907c,Verwaltung-2,Demo,2026,Interview Verwaltung-2,ITEMVERW200,ATTAVERW200,Verwaltung-2.txt,1,DEMO0152,highlight,#5fb236,"ehr Freiheit, meine Aufgaben selbst einzuteilen. Ich kann eigenständig entscheiden, in welcher Reihenfolge ich die Vorgänge bearbeite. Die Bü",,,#Bewältigung/Sport|#Bewältigung/Distanz,bob,2026-06-09T10:17:00.000Z,2026-06-10T22:30:00.000Z,2026-06-10T22:30:00.000Z,text,906,1047,,
fragments/2,Bewältigung/Distanz,c0bac907c,Verwaltung-2,Demo,2026,Interview Verwaltung-2,ITEMVERW200,ATTAVERW200,Verwaltung-2.txt,2,DEMO0156,highlight,#ff6666,". Wenn die IT-Systeme streiken, steht plötzlich der ganze Betrieb still. Emotional belastet ",,,#Belastung/Zeitdruck|#Bewältigung/Distanz,ann,2026-06-11T04:13:00.000Z,2026-06-10T23:46:00.000Z,2026-06-10T23:46:00.000Z,text,1664,1756,,
fragments/2,Bewältigung/Distanz,c0bac907c,Verwaltung-2,Demo,2026,Interview Verwaltung-2,ITEMVERW200,ATTAVERW200,Verwaltung-2.txt,3,DEMO0166,highlight,#5fb236,"ung habe ich mehr Freiheit, meine Aufgaben selbst einzuteilen. Ich kann eigenständig entscheiden, in welcher Reihenfolge ich die Vorgänge bearbeite. Die Bürokratie nimmt zu, für jede Kleinigkeit braucht es inzwische",,,#Bewältigung/Sport|#Bewältigung/Distanz,bob,2026-06-11T09:09:00.000Z,2026-06-11T02:48:00.000Z,2026-06-11T02:48:00.000Z,text,3480,3695,,
fragments/2,Bewältigung/Distanz,c0bac907c,Verwaltung-2,Demo,2026,Interview Verwaltung-2,ITEMVERW200,ATTAVERW200,Verwaltung-2.txt,4,DEMO0176,highlight,#5fb236,"täten unterscheiden sich. Nach Feierabend lässt sich die Arbeit meist gut abschalten. Ein klarer Aufgabenzuschnitt gibt mir Sicherheit und ein Gefühl von Autonomie. Wenn die IT-Systeme streiken, steht plötzlich der ",,,#Bewältigung/Distanz,ann,2026-06-15T04:25:00.000Z,2026-06-11T05:58:00.000Z,2026-06-11T05:58:00.000Z,text,5383,5598,,
fragments/2,Bewältigung/Distanz,c0bac907c,Verwaltung-3,Demo,2026,Interview Verwaltung-3,ITEMVERW300,ATTAVERW300,Verwaltung-3.txt,1,DEMO0179,highlight,#5fb236," Büro. Die Abstimmung mit den Stationen ist manchmal zäh, die Prioritäten unterscheiden sich. Nach Feierab",,,#Bewältigung/Distanz,bob,2026-06-16T02:00:00.000Z,2026-06-11T09:06:00.000Z,2026-06-11T09:06:00.000Z,text,61,167,,
fragments/2,Bewältigung/Distanz,c0bac907c,Verwaltung-3,Demo,2026,Interview Verwaltung-3,ITEMVERW300,ATTAVERW300,Verwaltung-3.txt,1,DEMO0180,highlight,#5fb236,"ut abschalten. Ein klarer Aufgabenzuschnitt gibt mir Sicherheit und ein Gefühl von Autonomie. Wenn die IT-Systeme streiken, steht plötzlic",,,#Bewältigung/Distanz|#Bewältigung/Sport,ann,2026-06-21T02:15:00.000Z,2026-06-11T09:20:00.000Z,2026-06-11T09:20:00.000Z,text,200,338,,
fragments/2,Bewältigung/Distanz,c0bac907c,Verwaltung-3,Demo,2026,Interview Verwaltung-3,ITEMVERW300,ATTAVERW300,Verwaltung-3.txt,2,DEMO0188,highlight,#ff6666,"astet mich die Arbeit selten, das ist ein Vorteil dieser Rolle. Manchmal fehlt die Rückmeldung, ob meine Arbeit überhaupt gesehen wird",,,#Belastung/Zeitdruck|#Belastung/emotional|#Bewältigung/Distanz,bob,2026-06-20T12:41:00.000Z,2026-06-11T11:47:00.000Z,2026-06-11T11:47:00.000Z,text,1672,1806,,
fragments/2,Bewältigung/Distanz,c0bac907c,Verwaltung-3,Demo,2026,Interview Verwaltung-3,ITEMVERW300,ATTAVERW300,Verwaltung-3.txt,2,DEMO0191,highlight,#5fb236,"okratie nimmt zu, für jede Kleinigkeit braucht es inzwischen ein Formular. Anerkennung bekomme ich eher über konkretes Feedback zu abgeschlo",,,#Bewältigung/Distanz|#Bewältigung/Humor,ann,2026-06-13T11:43:00.000Z,2026-06-11T12:46:00.000Z,2026-06-11T12:46:00.000Z,text,2264,2404,,
fragments/2,Bewältigung/Distanz,c0bac907c,Verwaltung-3,Demo,2026,Interview Verwaltung-3,ITEMVERW300,ATTAVERW300,Verwaltung-3.txt,2,DEMO0195,highlight,#5fb236,"ie IT-Systeme streiken, steht plötzlich der ganze Betrieb still. Emotional belastet mich die Arbeit",,,#Bewältigung/Distanz,bob,2026-06-20T23:10:00.000Z,2026-06-11T13:48:00.000Z,2026-06-11T13:48:00.000Z,text,2888,2987,,
fragments/2,Bewältigung/Distanz,c0bac907c,Verwaltung-3,Demo,2026,Interview Verwaltung-3,ITEMVERW300,ATTAVERW300,Verwaltung-3.txt,3,DEMO0197,highlight,#5fb236,"en zu entlasten. Das Team in der Verwaltung ist kleiner, aber wir stimmen uns eng ab. Die vielen Meetings verschlingen einen groß",,,#Bewältigung/Distanz,bob,2026-06-14T21:38:00.000Z,2026-06-11T14:15:00.000Z,2026-06-11T14:15:00.000Z,text,3159,3288,,
fragments/2,Bewältigung/Distanz,c0bac907c,Verwaltung-3,Demo,2026,Interview Verwaltung-3,ITEMVERW300,ATTAVERW300,Verwaltung-3.txt,3,DEMO0200,highlight,#5fb236,"Schreibtisch schafft eine gewisse Distanz zum unmittelbaren Leid auf den Stationen. Zeitdruck gibt es auch hier, besonders zum Quartalsende bei den Abrechnungen. Im Homeoffice kann ich konzentrierter arbeiten als im o",,,#Bewältigung/Distanz|#Bewältigung/Humor,ann,2026-06-19T00:55:00.000Z,2026-06-11T15:12:00.000Z,2026-06-11T15:12:00.000Z,text,3720,3937,,
fragments/2,Bewältigung/Distanz,c0bac907c,Verwaltung-3,Demo,2026,Interview Verwaltung-3,ITEMVERW300,ATTAVERW300,Verwaltung-3.txt,4,DEMO0206,highlight,#5fb236,"onen. Zeitdruck gibt es auch hier, besonders zum Quartalsende bei den A",,,#Bewältigung/Distanz,bob,2026-06-11T12:51:00.000Z,2026-06-11T17:29:00.000Z,2026-06-11T17:29:00.000Z,text,5092,5163,,
fragments/2,Bewältigung/Distanz,c0bac907c,Verwaltung-3,Demo,2026,Interview Verwaltung-3,ITEMVERW300,ATTAVERW300,Verwaltung-3.txt,4,DEMO0207,highlight,#5fb236,"ten als im offenen Büro. Die Abstimmung mit den Stationen ist manchmal zäh, die Prioritäten unterscheiden sich. Nach Feiera",,,#Bewältigung/Sport|#Bewältigung/Distanz,bob,2026-06-17T06:22:00.000Z,2026-06-11T17:41:00.000Z,2026-06-11T17:41:00.000Z,text,5219,5342,,
fragments/2,Bewältigung/Distanz,c0bac907c,Verwaltung-4,Demo,2026,Interview Verwaltung-4,ITEMVERW400,ATTAVERW400,Verwaltung-4.txt,3,DEMO0224,highlight,#5fb236,"altung ist kleiner, aber wir stimmen uns eng ab. Die vielen Meetings verschlingen einen gro",,,#Bewältigung/Distanz,ann,2026-06-20T07:08:00.000Z,2026-06-12T02:12:00.000Z,2026-06-12T02:12:00.000Z,text,3128,3219,,
fragments/2,Bewältigung/Distanz,c0bac907c,Verwaltung-4,Demo,2026,Interview Verwaltung-4,ITEMVERW400,ATTAVERW400,Verwaltung-4.txt,3,DEMO0227,highlight,#ff6666,nzwischen ein Formular. Anerkennung bekomme ich eher über konkretes Feedback zu,,,#Belastung/Zeitdruck|#Bewältigung/Distanz,ann,2026-06-18T00:52:00.000Z,2026-06-12T02:54:00.000Z,2026-06-12T02:54:00.000Z,text,3541,3620,,
fragments/2,Bewältigung/Distanz,c0bac907c,Verwaltung-4,Demo,2026,Interview Verwaltung-4,ITEMVERW400,ATTAVERW400,Verwaltung-4.txt,3,DEMO0228,highlight,#5fb236,"afft eine gewisse Distanz zum unmittelbaren Leid auf den Stationen. Zeitdruck gibt es auch hier, besonders zum Quartalsende bei den Abrechnung",,,#Bewältigung/Distanz,ann,2026-06-09T09:40:00.000Z,2026-06-12T03:06:00.000Z,2026-06-12T03:06:00.000Z,text,3668,3810,,
fragments/2,Bewältigung/Distanz,c0bac907c,Verwaltung-4,Demo,2026,Interview Verwaltung-4,ITEMVERW400,ATTAVERW400,Verwaltung-4.txt,3,DEMO0231,highlight,#ff6666," die Arbeit selten, das ist ein Vorteil dieser Rolle. Manchmal fehlt die Rückmeldung, ob meine Arbeit überhaupt gesehen wird. Ic",,,#Belastung/Zeitdruck|#Bewältigung/Distanz,bob,2026-06-18T08:53:00.000Z,2026-06-12T04:00:00.000Z,2026-06-12T04:00:00.000Z,text,4202,4330,,
fragments/2,Bewältigung/Distanz,c0bac907c,Verwaltung-4,Demo,2026,Interview Verwaltung-4,ITEMVERW400,ATTAVERW400,Verwaltung-4.txt,4,DEMO0233,highlight,#5fb236,"ie Selbstständigkeit in der Aufgabenplanung ist für mich das Wichtigste. In der Verwaltung habe ich mehr Freiheit, meine Aufgaben selbst einzuteilen. Ich kann eigenständig entscheiden, in welcher Reihenfolge ich d",,,#Bewältigung/Distanz,ann,2026-06-17T17:28:00.000Z,2026-06-12T04:34:00.000Z,2026-06-12T04:34:00.000Z,text,4541,4754,,
fragments/2,Bewältigung/Distanz,c0bac907c,Verwaltung-4,Demo,2026,Interview Verwaltung-4,ITEMVERW400,ATTAVERW400,Verwaltung-4.txt,4,DEMO0235,highlight,#5fb236,"Projekten. Der Schreibtisch schafft eine gewisse Distanz zum unmittelbaren Leid auf den Stationen. Zeitdruck gibt es auch hier, besonders zum Quartalsende bei den Abrechnungen. ",,,#Bewältigung/Distanz|#Bewältigung/Humor,ann,2026-06-21T14:35:00.000Z,2026-06-12T05:13:00.000Z,2026-06-12T05:13:00.000Z,text,4931,5108,,
fragments/2,Bewältigung/Humor,cdd0640c6,Station-1,Demo,2026,Interview Station-1,ITEMSTAT100,ATTASTAT100,Station-1.txt,1,DEMO0001,highlight,#5fb236,"tion ist enorm, oft fehlt schlicht die Zeit für die Patienten. Wenn drei Klingeln gleichzeitig gehen, muss man Prioritäten setzen, und das ",,,#Bewältigung/Humor,bob,2026-06-19T14:29:00.000Z,2026-06-08T09:02:00.000Z,2026-06-08T09:02:00.000Z,text,25,164,,
fragments/2,Bewältigung/Humor,cdd0640c6,Station-1,Demo,2026,Interview Station-1,ITEMSTAT100,ATTASTAT100,Station-1.txt,1,DEMO0002,highlight,#ff6666,"en und Umlagern spürt man abends in jedem Knochen. Emotional nimmt man vieles mit nach Hause, gerade wenn ein Patient verstirbt, den man länger begleitet hat. Ohne das Team",,,#Belastung/emotional|#Bewältigung/Humor,ann,2026-06-15T09:21:00.000Z,2026-06-08T09:23:00.000Z,2026-06-08T09:23:00.000Z,text,233,405,,
fragments/2,Bewältigung/Humor,cdd0640c6,Station-1,Demo,2026,Interview Station-1,ITEMSTAT100,ATTASTAT100,Station-1.txt,1,DEMO0005,highlight,#5fb236,"ringen meinen Schlafrhythmus völlig durcheinander. Nach der Schicht gehe ich oft joggen, um den Kopf wieder freizubekommen. Ma",,,#Bewältigung/Humor,bob,2026-06-14T11:46:00.000Z,2026-06-08T10:32:00.000Z,2026-06-08T10:32:00.000Z,text,924,1050,,
fragments/2,Bewältigung/Humor,cdd0640c6,Station-1,Demo,2026,Interview Station-1,ITEMSTAT100,ATTASTAT100,Station-1.txt,2,DEMO0012,highlight,#5fb236,"bringen meinen Schlafrhythmus völlig durcheinander. Nach der Schicht gehe ich oft joggen, um den Kopf wieder freizubekommen. Man muss lernen, eine gewisse Distanz zu wahren, sonst brennt man irgendwann aus. ",,,#Bewältigung/Humor,bob,2026-06-20T08:22:00.000Z,2026-06-08T12:45:00.000Z,2026-06-08T12:45:00.000Z,text,2258,2465,,
fragments/2,Bewältigung/Humor,cdd0640c6,Station-1,Demo,2026,Interview Station-1,ITEMSTAT100,ATTASTAT100,Station-1.txt,3,DEMO0017,highlight,#5fb236,"inen Kaffee bleibt selten Zeit. Anerkennung von oben gibt es kaum, ein ehrliches Danke hört man selten. Die Dokumentation frisst Zeit, die eig",,,#Bewältigung/Humor,bob,2026-06-17T12:32:00.000Z,2026-06-08T14:39:00.000Z,2026-06-08T14:39:00.000Z,text,3396,3538,,
fragments/2,Bewältigung/Humor,cdd0640c6,Station-1,Demo,2026,Interview Station-1,ITEMSTAT100,ATTASTAT100,Station-1.txt,3,DEMO0018,highlight,#5fb236,"Die Nachtdienste bringen meinen Schlafrhythmus völlig durcheinander. Nach der Schicht gehe ich oft joggen, um den Kopf wieder freizubekommen. Man muss lernen, eine gewis",,,#Bewältigung/Humor,bob,2026-06-11T02:59:00.000Z,2026-06-08T14:57:00.000Z,2026-06-08T14:57:00.000Z,text,3576,3745,,
fragments/2,Bewältigung/Humor,cdd0640c6,Station-1,Demo,2026,Interview Station-1,ITEMSTAT100,ATTASTAT100,Station-1.txt,3,DEMO0020,highlight,#5fb236,"hen trägt mich. Der Zeitdruck auf der Station ist enorm, oft fehlt schlicht die Zeit für die Patienten. Wenn drei Klingeln gleichzeitig gehen, muss man Priori",,,#Bewältigung/Humor,bob,2026-06-17T00:49:00.000Z,2026-06-08T15:38:00.000Z,2026-06-08T15:38:00.000Z,text,3989,4147,,
fragments/2,Bewältigung/Humor,cdd0640c6,Station-1,Demo,2026,Interview Station-1,ITEMSTAT100,ATTASTAT100,Station-1.txt,3,DEMO0021,highlight,#5fb236,"t, das ständige Heben und Umlagern spürt man abends in jedem Knochen. Emotional nimmt man vieles mit nach Hause, gerade wenn ein Patient verstirbt, den man länger begleitet hat. Ohn",,,#Bewältigung/Humor,ann,2026-06-18T22:27:00.000Z,2026-06-08T16:01:00.000Z,2026-06-08T16:01:00.000Z,text,4219,4400,,
fragments/2,Bewältigung/Humor,cdd0640c6,Station-1,Demo,2026,Interview Station-1,ITEMSTAT100,ATTASTAT100,Station-1.txt,4,DEMO0029,highlight,#ff6666,"n Patient verstirbt, den man länger begleitet hat. Ohne das Team würde ich das nicht schaffen, wir fangen uns gegenseitig auf. Meine Kolleginnen springen ein, we",,,#Belastung/emotional|#Bewältigung/Humor,ann,2026-06-11T01:08:00.000Z,2026-06-08T18:28:00.000Z,2026-06-08T18:28:00.000Z,text,5681,5842,,
fragments/2,Bewältigung/Humor,cdd0640c6,Station-2,Demo,2026,Interview Station-2,ITEMSTAT200,ATTASTAT200,Station-2.txt,1,DEMO0031,highlight,#5fb236,"t nach Hause, gerade wenn ein Patient verstirbt, den man länger begleitet hat. Ohne das Team würde ich das nicht schaffen, wir fangen uns gegenseitig auf. Meine Kolleginnen springen ein, wenn ic",,,#Bewältigung/Humor,ann,2026-06-19T20:02:00.000Z,2026-06-08T21:22:00.000Z,2026-06-08T21:22:00.000Z,text,225,419,,
fragments/2,Bewältigung/Humor,cdd0640c6,Station-2,Demo,2026,Interview Station-2,ITEMSTAT200,ATTASTAT200,Station-2.txt,1,DEMO0037,highlight,#5fb236,"schlicht die Zeit für die Patienten. Wenn drei Klingeln gleichzeitig gehen, muss man Prioritäten setzen, und das zehrt an den Nerven. Körperlich ist die Arbeit hart, das ständige Heben und Umlagern spürt man",,,#Bewältigung/Humor|#Bewältigung/Sport,ann,2026-06-19T05:51:00.000Z,2026-06-08T23:09:00.000Z,2026-06-08T23:09:00.000Z,text,1298,1505,,
fragments/2,Bewältigung/Humor,cdd0640c6,Station-2,Demo,2026,Interview Station-2,ITEMSTAT200,ATTASTAT200,Station-2.txt,2,DEMO0044,highlight,#ff6666,", oft fehlt schlicht die Zeit für die Patienten. Wenn drei Klingeln gleichzeitig gehen, muss man Prioritäten setzen, und das ze",,,#Belastung/emotional|#Belastung/Zeitdruck|#Bewältigung/Humor,bob,2026-06-19T11:24:00.000Z,2026-06-09T01:22:00.000Z,2026-06-09T01:22:00.000Z,text,2621,2748,,
fragments/2,Bewältigung/Humor,cdd0640c6,Station-2,Demo,2026,Interview Station-2,ITEMSTAT200,ATTASTAT200,Station-2.txt,2,DEMO0046,highlight,#ff6666,"en man länger begleitet hat. Ohne das Team würde ich das nicht schaffen, wir fangen uns gegenseitig auf. Meine Kolleginnen springen ein, wenn ich nicht mehr kann",,,#Belastung/emotional|#Bewältigung/Humor,bob,2026-06-20T16:23:00.000Z,2026-06-09T01:54:00.000Z,2026-06-09T01:54:00.000Z,text,2945,3106,,
fragments/2,Bewältigung/Humor,cdd0640c6,Station-2,Demo,2026,Interview Station-2,ITEMSTAT200,ATTASTAT200,Station-2.txt,3,DEMO0048,highlight,#ff6666,"es kaum, ein ehrliches Danke hört man selten. Die Dokumentation frisst Zeit, die eigentlich den Patienten gehören sollte. Die Nachtdienste bringen meinen Schlafrhythmus völlig durcheinander. Nac",,,#Belastung/emotional|#Bewältigung/Humor,ann,2026-06-18T03:20:00.000Z,2026-06-09T02:36:00.000Z,2026-06-09T02:36:00.000Z,text,3366,3560,,
fragments/2,Bewältigung/Humor,cdd0640c6,Station-2,Demo,2026,Interview Station-2,ITEMSTAT200,ATTASTAT200,Station-2.txt,3,DEMO0051,highlight,#5fb236,"ck auf der Station ist enorm, oft fehlt schlicht die Zeit für die Patienten. Wenn drei Klingeln gleichzeitig gehen, muss man Prioritäten setzen, und das zehrt an den Nerve",,,#Bewältigung/Humor,ann,2026-06-08T21:57:00.000Z,2026-06-09T03:32:00.000Z,2026-06-09T03:32:00.000Z,text,3928,4099,,
fragments/2,Bewältigung/Humor,cdd0640c6,Station-3,Demo,2026,Interview Station-3,ITEMSTAT300,ATTASTAT300,Station-3.txt,1,DEMO0058,highlight,#5fb236,"usammen im Dienstzimmer, das ist unser Ventil. Die Pausen fallen regelmäßig aus, für einen Kaffee bleibt selten",,,#Bewältigung/Humor|#Bewältigung/Sport,bob,2026-06-21T17:03:00.000Z,2026-06-09T09:45:00.000Z,2026-06-09T09:45:00.000Z,text,455,566,,
fragments/2,Bewältigung/Humor,cdd0640c6,Station-3,Demo,2026,Interview Station-3,ITEMSTAT300,ATTASTAT300,Station-3.txt,1,DEMO0059,highlight,#5fb236,"hört man selten. Die Dokumentation frisst Zeit, die eigentlich den Patienten gehören soll",,,#Bewältigung/Humor,ann,2026-06-14T01:17:00.000Z,2026-06-09T10:02:00.000Z,2026-06-09T10:02:00.000Z,text,628,717,,
fragments/2,Bewältigung/Humor,cdd0640c6,Station-3,Demo,2026,Interview Station-3,ITEMSTAT300,ATTASTAT300,Station-3.txt,2,DEMO0064,highlight,#5fb236,"t schaffen, wir fangen uns gegenseitig auf. Meine Kolleginnen",,,#Bewältigung/Humor,bob,2026-06-20T14:32:00.000Z,2026-06-09T11:37:00.000Z,2026-06-09T11:37:00.000Z,text,1574,1635,,
fragments/2,Bewältigung/Humor,cdd0640c6,Station-3,Demo,2026,Interview Station-3,ITEMSTAT300,ATTASTAT300,Station-3.txt,2,DEMO0069,highlight,#ff6666,"ür die Patienten. Wenn drei Klingeln gleichzeitig gehen, muss",,,#Belastung/emotional|#Bewältigung/Humor,ann,2026-06-21T09:02:00.000Z,2026-06-09T13:15:00.000Z,2026-06-09T13:15:00.000Z,text,2555,2616,,
fragments/2,Bewältigung/Humor,cdd0640c6,Station-3,Demo,2026,Interview Station-3,ITEMSTAT300,ATTASTAT300,Station-3.txt,3,DEMO0076,highlight,#ff6666,"s, wird es sofort eng für alle anderen. Trotz allem mache ich die Arbeit gern, de",,,#Belastung/emotional|#Bewältigung/Humor,bob,2026-06-19T16:20:00.000Z,2026-06-09T15:10:00.000Z,2026-06-09T15:10:00.000Z,text,3701,3782,,
fragments/2,Bewältigung/Humor,cdd0640c6,Station-3,Demo,2026,Interview Station-3,ITEMSTAT300,ATTASTAT300,Station-3.txt,4,DEMO0084,highlight,#5fb236,"auf der Station ist enorm, oft fehlt schlicht die Zeit für die Patienten. Wenn drei Klingeln gleichzei",,,#Bewältigung/Humor,bob,2026-06-19T03:23:00.000Z,2026-06-09T17:36:00.000Z,2026-06-09T17:36:00.000Z,text,5169,5271,,
fragments/2,Bewältigung/Humor,cdd0640c6,Station-3,Demo,2026,Interview Station-3,ITEMSTAT300,ATTASTAT300,Station-3.txt,4,DEMO0085,highlight,#5fb236,"Nerven. Körperlich ist die Arbeit hart, das ständige Heben und Umlagern spürt man abends in j",,,#Bewältigung/Humor|#Bewältigung/Distanz,ann,2026-06-12T06:44:00.000Z,2026-06-09T17:53:00.000Z,2026-06-09T17:53:00.000Z,text,5332,5425,,
fragments/2,Bewältigung/Humor,cdd0640c6,Station-4,Demo,2026,Interview Station-4,ITEMSTAT400,ATTASTAT400,Station-4.txt,1,DEMO0087,highlight,#ff6666,"wenn ich nicht mehr kann, das gibt mir Halt. Manchmal hilft nur Galgenhumor, sonst würde man an manchen Tagen verzweifeln. Wir lachen viel zusammen im Dienstzimmer, das ist unser Ventil. Die Pa",,,#Belastung/emotional|#Bewältigung/Humor,bob,2026-06-20T06:31:00.000Z,2026-06-09T21:21:00.000Z,2026-06-09T21:21:00.000Z,text,216,409,,
fragments/2,Bewältigung/Humor,cdd0640c6,Station-4,Demo,2026,Interview Station-4,ITEMSTAT400,ATTASTAT400,Station-4.txt,1,DEMO0088,highlight,#5fb236,"ng von oben gibt es kaum, ein ehrliches Danke hört man selten. Die Dokumentation frisst Zeit, die eigentlich den Patienten gehören sollte. Die Nachtdienste bringen meinen Schlafrhythmu",,,#Bewältigung/Distanz|#Bewältigung/Humor,ann,2026-06-19T06:28:00.000Z,2026-06-09T21:48:00.000Z,2026-06-09T21:48:00.000Z,text,483,667,,
fragments/2,Bewältigung/Humor,cdd0640c6,Station-4,Demo,2026,Interview Station-4,ITEMSTAT400,ATTASTAT400,Station-4.txt,2,DEMO0096,highlight,#5fb236,lich den Patienten gehören sollte. Die Nachtdienste bringen meinen Schlafrhythmus völlig durcheinander. Nach de,,,#Bewältigung/Humor,bob,2026-06-17T16:14:00.000Z,2026-06-10T00:12:00.000Z,2026-06-10T00:12:00.000Z,text,1922,2033,,
fragments/2,Bewältigung/Humor,cdd0640c6,Station-4,Demo,2026,Interview Station-4,ITEMSTAT400,ATTASTAT400,Station-4.txt,3,DEMO0105,highlight,#5fb236,"hlt schlicht die Zeit für die Patienten. Wenn drei Klingeln gleichzeitig gehen, muss man P",,,#Bewältigung/Humor,ann,2026-06-16T15:34:00.000Z,2026-06-10T03:16:00.000Z,2026-06-10T03:16:00.000Z,text,3768,3858,,
fragments/2,Bewältigung/Humor,cdd0640c6,Station-4,Demo,2026,Interview Station-4,ITEMSTAT400,ATTASTAT400,Station-4.txt,4,DEMO0112,highlight,#5fb236," Zeitdruck auf der Station ist enorm, oft fehlt schlicht die Zeit für die Patienten. Wenn drei Klingeln gleichzeitig gehen, muss man ",,,#Bewältigung/Humor|#Bewältigung/Distanz,ann,2026-06-10T05:24:00.000Z,2026-06-10T05:25:00.000Z,2026-06-10T05:25:00.000Z,text,5059,5192,,
fragments/2,Bewältigung/Humor,cdd0640c6,Station-4,Demo,2026,Interview Station-4,ITEMSTAT400,ATTASTAT400,Station-4.txt,4,DEMO0115,highlight,#5fb236,"n im Dienstzimmer, das ist unser Ventil. Die Pausen fallen regelmäßig aus, für einen Kaffee bleibt selten Zeit. Anerkennung von oben gibt es kaum, ein ehrliches Danke hört man selten. Die Dokumentation frisst Zeit,",,,#Bewältigung/Humor,ann,2026-06-21T12:44:00.000Z,2026-06-10T06:30:00.000Z,2026-06-10T06:30:00.000Z,text,5702,5916,,
fragments/2,Bewältigung/Humor,cdd0640c6,Verwaltung-1,Demo,2026,Interview Verwaltung-1,ITEMVERW100,ATTAVERW100,Verwaltung-1.txt,1,DEMO0120,highlight,#5fb236," in der Verwaltung ist kleiner, aber wir stimmen uns eng ab. Die vielen Meetings verschlingen einen großen Teil des Arbeitstages. Die Selbstständigkeit ",,,#Bewältigung/Humor,bob,2026-06-11T15:19:00.000Z,2026-06-10T10:16:00.000Z,2026-06-10T10:16:00.000Z,text,762,914,,
fragments/2,Bewältigung/Humor,cdd0640c6,Verwaltung-1,Demo,2026,Interview Verwaltung-1,ITEMVERW100,ATTAVERW100,Verwaltung-1.txt,1,DEMO0121,highlight,#5fb236,"htigste. In der Verwaltung habe ich mehr Freiheit, meine Aufgaben selbst einzuteilen. Ich kann eigenständig entsc",,,#Bewältigung/Humor,bob,2026-06-20T10:13:00.000Z,2026-06-10T10:35:00.000Z,2026-06-10T10:35:00.000Z,text,957,1070,,
fragments/2,Bewältigung/Humor,cdd0640c6,Verwaltung-1,Demo,2026,Interview Verwaltung-1,ITEMVERW100,ATTAVERW100,Verwaltung-1.txt,1,DEMO0124,highlight,#ff6666,"ffice kann ich konzentrierter arbeiten als im offenen Büro. Die Abstimmung mit den Stationen ist manchmal zäh, die Prioritäten untersche",,,#Belastung/emotional|#Bewältigung/Humor,ann,2026-06-12T17:13:00.000Z,2026-06-10T11:26:00.000Z,2026-06-10T11:26:00.000Z,text,1468,1604,,
fragments/2,Bewältigung/Humor,cdd0640c6,Verwaltung-1,Demo,2026,Interview Verwaltung-1,ITEMVERW100,ATTAVERW100,Verwaltung-1.txt,2,DEMO0125,highlight,#ff6666,"eist gut abschalten. Ein klarer Aufgabenzuschnitt gibt mir Sicherheit und ein Gefühl von Autonomie. Wenn die IT-Systeme streiken, steht plötzlich der ganze Betrieb still. Emotional belastet mich die Arbeit selte",,,#Belastung/emotional|#Bewältigung/Humor,bob,2026-06-10T17:44:00.000Z,2026-06-10T11:45:00.000Z,2026-06-10T11:45:00.000Z,text,1654,1865,,
fragments/2,Bewältigung/Humor,cdd0640c6,Verwaltung-1,Demo,2026,Interview Verwaltung-1,ITEMVERW100,ATTAVERW100,Verwaltung-1.txt,2,DEMO0126,highlight,#5fb236," ob meine Arbeit überhaupt gesehen wird. Ich mache regelmäßig Sport, um den Rücken vom vielen Sitzen zu entlasten. Das Team in der Verwa",,,#Bewältigung/Sport|#Bewältigung/Humor,bob,2026-06-12T17:50:00.000Z,2026-06-10T12:13:00.000Z,2026-06-10T12:13:00.000Z,text,1933,2069,,
fragments/2,Bewältigung/Humor,cdd0640c6,Verwaltung-1,Demo,2026,Interview Verwaltung-1,ITEMVERW100,ATTAVERW100,Verwaltung-1.txt,2,DEMO0130,highlight,#5fb236,"ders zum Quartalsende bei den Abrechnungen. Im Homeoffice kann ich konzentrierter arbeiten als im offenen Büro. Die Abstimmung mit den Stationen ist manchmal zäh, die Prioritäten unterscheiden s",,,#Bewältigung/Humor,ann,2026-06-19T07:05:00.000Z,2026-06-10T13:31:00.000Z,2026-06-10T13:31:00.000Z,text,2710,2904,,
fragments/2,Bewältigung/Humor,cdd0640c6,Verwaltung-1,Demo,2026,Interview Verwaltung-1,ITEMVERW100,ATTAVERW100,Verwaltung-1.txt,3,DEMO0134,highlight,#5fb236,tings verschlingen einen großen Teil des Arbeitstages. Die Selbstständigkeit,,,#Bewältigung/Humor,ann,2026-06-18T00:15:00.000Z,2026-06-10T14:42:00.000Z,2026-06-10T14:42:00.000Z,text,3425,3501,,
fragments/2,Bewältigung/Humor,cdd0640c6,Verwaltung-1,Demo,2026,Interview Verwaltung-1,ITEMVERW100,ATTAVERW100,Verwaltung-1.txt,4,DEMO0143,highlight,#5fb236, inzwischen ein Formular. Anerkennung bekomme ich eher über konkretes Feedback zu abgeschlossenen Projekten. Der Schreibtisch schafft eine gewisse Distanz zum unmittelbaren Leid auf den Stationen. Zeitdruck gibt es auc,,,#Bewältigung/Humor,ann,2026-06-17T19:19:00.000Z,2026-06-10T17:26:00.000Z,2026-06-10T17:26:00.000Z,text,5067,5285,,
fragments/2,Bewältigung/Humor,cdd0640c6,Verwaltung-2,Demo,2026,Interview Verwaltung-2,ITEMVERW200,ATTAVERW200,Verwaltung-2.txt,1,DEMO0150,highlight,#5fb236,"Arbeit überhaupt gesehen wird. Ich mache regelmäßig Sport, um den Rücken vom vielen Sitzen zu entlasten. Das T",,,#Bewältigung/Humor,ann,2026-06-20T17:00:00.000Z,2026-06-10T21:56:00.000Z,2026-06-10T21:56:00.000Z,text,561,671,,
fragments/2,Bewältigung/Humor,cdd0640c6,Verwaltung-2,Demo,2026,Interview Verwaltung-2,ITEMVERW200,ATTAVERW200,Verwaltung-2.txt,1,DEMO0151,highlight,#5fb236,"einer, aber wir stimmen uns eng ab. Die vielen Meetings verschlingen einen großen Teil des Arbeitstages. Die Selbstständigkeit in der Aufga",,,#Bewältigung/Humor,ann,2026-06-19T02:46:00.000Z,2026-06-10T22:09:00.000Z,2026-06-10T22:09:00.000Z,text,699,838,,
fragments/2,Bewältigung/Humor,cdd0640c6,Verwaltung-2,Demo,2026,Interview Verwaltung-2,ITEMVERW200,ATTAVERW200,Verwaltung-2.txt,4,DEMO0173,highlight,#5fb236,"Reihenfolge ich die Vorgänge bearbeite. Die Bürokratie nimmt zu, für jede Kleinigkeit braucht es inzwischen ein Formular. Anerke",,,#Bewältigung/Humor,ann,2026-06-15T14:17:00.000Z,2026-06-11T05:08:00.000Z,2026-06-11T05:08:00.000Z,text,4883,5011,,
fragments/2,Bewältigung/Humor,cdd0640c6,Verwaltung-3,Demo,2026,Interview Verwaltung-3,ITEMVERW300,ATTAVERW300,Verwaltung-3.txt,1,DEMO0184,highlight,#5fb236,"ne Aufgaben selbst einzuteilen. Ich kann eigenständig entscheiden, in welcher Reihenfolge ich die Vorgänge bearbeite. Die Bürokratie nimmt zu, für jede Kleinigkeit braucht es inzwischen ei",,,#Bewältigung/Sport|#Bewältigung/Humor,bob,2026-06-17T08:50:00.000Z,2026-06-11T10:24:00.000Z,2026-06-11T10:24:00.000Z,text,845,1033,,
fragments/2,Bewältigung/Humor,cdd0640c6,Verwaltung-3,Demo,2026,Interview Verwaltung-3,ITEMVERW300,ATTAVERW300,Verwaltung-3.txt,2,DEMO0189,highlight,#5fb236,"n Rücken vom vielen Sitzen zu entlasten. Das Team in der Verwaltung ist kleiner, aber wir stimmen uns eng ab. Die vielen Meetings verschlingen einen großen Teil des Arbeitstages. Die Selbstständigkeit in der Aufgab",,,#Bewältigung/Sport|#Bewältigung/Humor,bob,2026-06-09T06:35:00.000Z,2026-06-11T12:04:00.000Z,2026-06-11T12:04:00.000Z,text,1841,2055,,
fragments/2,Bewältigung/Humor,cdd0640c6,Verwaltung-3,Demo,2026,Interview Verwaltung-3,ITEMVERW300,ATTAVERW300,Verwaltung-3.txt,2,DEMO0191,highlight,#5fb236,"okratie nimmt zu, für jede Kleinigkeit braucht es inzwischen ein Formular. Anerkennung bekomme ich eher über konkretes Feedback zu abgeschlo",,,#Bewältigung/Distanz|#Bewältigung/Humor,ann,2026-06-17T01:26:00.000Z,2026-06-11T12:46:00.000Z,2026-06-11T12:46:00.000Z,text,2264,2404,,
fragments/2,Bewältigung/Humor,cdd0640c6,Verwaltung-3,Demo,2026,Interview Verwaltung-3,ITEMVERW300,ATTAVERW300,Verwaltung-3.txt,3,DEMO0200,highlight,#5fb236,"Schreibtisch schafft eine gewisse Distanz zum unmittelbaren Leid auf den Stationen. Zeitdruck gibt es auch hier, besonders zum Quartalsende bei den Abrechnungen. Im Homeoffice kann ich konzentrierter arbeiten als im o",,,#Bewältigung/Distanz|#Bewältigung/Humor,bob,2026-06-09T13:59:00.000Z,2026-06-11T15:12:00.000Z,2026-06-11T15:12:00.000Z,text,3720,3937,,
fragments/2,Bewältigung/Humor,cdd0640c6,Verwaltung-4,Demo,2026,Interview Verwaltung-4,ITEMVERW400,ATTAVERW400,Verwaltung-4.txt,3,DEMO0229,highlight,#5fb236,"im offenen Büro. Die Abstimmung mit den Stationen ist manchmal zäh, die Prioritäten unterscheiden sich. Nach Feierabend lässt sich die Arbeit meist gut abschalten. Ei",,,#Bewältigung/Humor,bob,2026-06-11T15:56:00.000Z,2026-06-12T03:26:00.000Z,2026-06-12T03:26:00.000Z,text,3865,4031,,
fragments/2,Bewältigung/Humor,cdd0640c6,Verwaltung-4,Demo,2026,Interview Verwaltung-4,ITEMVERW400,ATTAVERW400,Verwaltung-4.txt,4,DEMO0235,highlight,#5fb236,"Projekten. Der Schreibtisch schafft eine gewisse Distanz zum unmittelbaren Leid auf den Stationen. Zeitdruck gibt es auch hier, besonders zum Quartalsende bei den Abrechnungen. ",,,#Bewältigung/Distanz|#Bewältigung/Humor,bob,2026-06-09T22:37:00.000Z,2026-06-12T05:13:00.000Z,2026-06-12T05:13:00.000Z,text,4931,5108,,
fragments/2,Bewältigung/Sport,c63f43352,Station-1,Demo,2026,Interview Station-1,ITEMSTAT100,ATTASTAT100,Station-1.txt,1,DEMO0003,highlight,#ff6666," Meine Kolleginnen springen ein, wenn ich nicht mehr kann, das gibt mir Halt. Manchmal hilft nur Galgenhumor, sonst würde man an manchen Tagen verzweifeln. Wir lachen viel zusammen im Dienstzimmer, das ist unser Vent",,,#Belastung/körperlich|#Bewältigung/Sport,ann,2026-06-20T21:19:00.000Z,2026-06-08T09:46:00.000Z,2026-06-08T09:46:00.000Z,text,467,683,,
fragments/2,Bewältigung/Sport,c63f43352,Station-1,Demo,2026,Interview Station-1,ITEMSTAT100,ATTASTAT100,Station-1.txt,4,DEMO0024,highlight,#5fb236,"okumentation frisst Zeit, die eigentlich den Patienten gehören sollte. Die Nachtdienste ",,,#Bewältigung/Sport,ann,2026-06-19T01:32:00.000Z,2026-06-08T17:04:00.000Z,2026-06-08T17:04:00.000Z,text,4840,4928,,
fragments/2,Bewältigung/Sport,c63f43352,Station-2,Demo,2026,Interview Station-2,ITEMSTAT200,ATTASTAT200,Station-2.txt,1,DEMO0037,highlight,#5fb236,"schlicht die Zeit für die Patienten. Wenn drei Klingeln gleichzeitig gehen, muss man Prioritäten setzen, und das zehrt an den Nerven. Körperlich ist die Arbeit hart, das ständige Heben und Umlagern spürt man",,,#Bewältigung/Humor|#Bewältigung/Sport,bob,2026-06-13T19:44:00.000Z,2026-06-08T23:09:00.000Z,2026-06-08T23:09:00.000Z,text,1298,1505,,
fragments/2,Bewältigung/Sport,c63f43352,Station-2,Demo,2026,Interview Station-2,ITEMSTAT200,ATTASTAT200,Station-2.txt,3,DEMO0049,highlight,#5fb236,"eizubekommen. Man muss lernen, eine gewisse Distanz zu wahren, sonst brennt man irgendwan",,,#Bewältigung/Sport,bob,2026-06-21T13:21:00.000Z,2026-06-09T03:01:00.000Z,2026-06-09T03:01:00.000Z,text,3616,3705,,
fragments/2,Bewältigung/Sport,c63f43352,Station-3,Demo,2026,Interview Station-3,ITEMSTAT300,ATTASTAT300,Station-3.txt,1,DEMO0057,highlight,#ff6666,"nseitig auf. Meine Kolleginnen springen ein, wenn ich nicht mehr kann, das gibt mir Halt. Manchmal hilft nur Galgenhumo",,,#Belastung/körperlich|#Bewältigung/Sport,ann,2026-06-15T23:32:00.000Z,2026-06-09T09:27:00.000Z,2026-06-09T09:27:00.000Z,text,270,389,,
fragments/2,Bewältigung/Sport,c63f43352,Station-3,Demo,2026,Interview Station-3,ITEMSTAT300,ATTASTAT300,Station-3.txt,1,DEMO0058,highlight,#5fb236,"usammen im Dienstzimmer, das ist unser Ventil. Die Pausen fallen regelmäßig aus, für einen Kaffee bleibt selten",,,#Bewältigung/Humor|#Bewältigung/Sport,ann,2026-06-09T23:51:00.000Z,2026-06-09T09:45:00.000Z,2026-06-09T09:45:00.000Z,text,455,566,,
fragments/2,Bewältigung/Sport,c63f43352,Station-3,Demo,2026,Interview Station-3,ITEMSTAT300,ATTASTAT300,Station-3.txt,1,DEMO0060,highlight,#ff6666,"en meinen Schlafrhythmus völlig durcheinander. Nach der Schicht gehe ich oft joggen, um den Kopf wieder freizubekommen. Man muss lernen, eine gewisse Distanz zu wahr",,,#Belastung/körperlich|#Belastung/emotional|#Bewältigung/Sport,ann,2026-06-19T18:48:00.000Z,2026-06-09T10:14:00.000Z,2026-06-09T10:14:00.000Z,text,743,908,,
fragments/2,Bewältigung/Sport,c63f43352,Station-3,Demo,2026,Interview Station-3,ITEMSTAT300,ATTASTAT300,Station-3.txt,1,DEMO0063,highlight,#ff6666," Umlagern spürt man abends in jedem Knochen. Emotional nimmt man vieles mit nach Hause, gerade wenn ein Patient verstirbt, den man l",,,#Belastung/körperlich|#Bewältigung/Sport,ann,2026-06-15T00:43:00.000Z,2026-06-09T11:18:00.000Z,2026-06-09T11:18:00.000Z,text,1389,1521,,
fragments/2,Bewältigung/Sport,c63f43352,Station-3,Demo,2026,Interview Station-3,ITEMSTAT300,ATTASTAT300,Station-3.txt,3,DEMO0072,highlight,#5fb236,"hen Tagen verzweifeln. Wir lachen viel zusammen im Dienstzimmer, das ist unser Ventil. Die Pausen",,,#Bewältigung/Sport,ann,2026-06-16T03:14:00.000Z,2026-06-09T14:08:00.000Z,2026-06-09T14:08:00.000Z,text,3085,3182,,
fragments/2,Bewältigung/Sport,c63f43352,Station-3,Demo,2026,Interview Station-3,ITEMSTAT300,ATTASTAT300,Station-3.txt,4,DEMO0083,highlight,#5fb236,"cke ist zu dünn, wir arbeiten dauerhaft am Limit. Fällt eine Kollegin aus, wird es sofort eng für alle anderen. Trotz allem mache ich die Arbeit gern, der Kontakt",,,#Bewältigung/Sport,ann,2026-06-18T13:12:00.000Z,2026-06-09T17:16:00.000Z,2026-06-09T17:16:00.000Z,text,4964,5126,,
fragments/2,Bewältigung/Sport,c63f43352,Station-4,Demo,2026,Interview Station-4,ITEMSTAT400,ATTASTAT400,Station-4.txt,1,DEMO0094,highlight,#ff6666,"h das nicht schaffen, wir fangen uns gegenseitig auf. Meine Kolleginnen springen ein, wenn ich nicht mehr kann, das gibt mir Halt. Manchmal hilft nur Galge",,,#Belastung/körperlich|#Bewältigung/Sport,ann,2026-06-09T07:49:00.000Z,2026-06-09T23:26:00.000Z,2026-06-09T23:26:00.000Z,text,1465,1620,,
fragments/2,Bewältigung/Sport,c63f43352,Station-4,Demo,2026,Interview Station-4,ITEMSTAT400,ATTASTAT400,Station-4.txt,2,DEMO0099,highlight,#ff6666,"eitig gehen, muss man Prioritäten setzen, und das zehrt an den Nerven. Körperlich ist die Arbeit hart, das ständige Heben und Umlagern spürt man abends in jedem Knoch",,,#Belastung/körperlich|#Bewältigung/Sport,bob,2026-06-19T19:25:00.000Z,2026-06-10T01:10:00.000Z,2026-06-10T01:10:00.000Z,text,2500,2666,,
fragments/2,Bewältigung/Sport,c63f43352,Station-4,Demo,2026,Interview Station-4,ITEMSTAT400,ATTASTAT400,Station-4.txt,2,DEMO0100,highlight,#5fb236,"ade wenn ein Patient verstirbt, den man länger begleitet hat. Ohne das Team würde ich das nicht schaffen, wir fangen uns gegenseitig auf. Meine Kolleginnen springen ein, wenn ich nicht mehr kann",,,#Bewältigung/Sport,ann,2026-06-17T06:59:00.000Z,2026-06-10T01:31:00.000Z,2026-06-10T01:31:00.000Z,text,2716,2910,,
fragments/2,Bewältigung/Sport,c63f43352,Station-4,Demo,2026,Interview Station-4,ITEMSTAT400,ATTASTAT400,Station-4.txt,3,DEMO0104,highlight,#5fb236,"onaldecke ist zu dünn, wir arbeiten dauerhaft am Limit. Fällt eine Kollegin aus, wird es sofort eng für alle anderen. Trotz allem mache ich die Arbeit gern, der Kontakt zu de",,,#Bewältigung/Sport,bob,2026-06-16T11:52:00.000Z,2026-06-10T02:52:00.000Z,2026-06-10T02:52:00.000Z,text,3524,3698,,
fragments/2,Bewältigung/Sport,c63f43352,Verwaltung-1,Demo,2026,Interview Verwaltung-1,ITEMVERW100,ATTAVERW100,Verwaltung-1.txt,1,DEMO0117,highlight,#5fb236,"fenen Büro. Die Abstimmung mit den Stationen ist manchmal zäh, die Prioritäten unterscheiden sich. Nach Feierabend lässt sich die Arbeit meist gut",,,#Bewältigung/Sport,ann,2026-06-17T08:13:00.000Z,2026-06-10T09:22:00.000Z,2026-06-10T09:22:00.000Z,text,222,368,,
fragments/2,Bewältigung/Sport,c63f43352,Verwaltung-1,Demo,2026,Interview Verwaltung-1,ITEMVERW100,ATTAVERW100,Verwaltung-1.txt,2,DEMO0126,highlight,#5fb236," ob meine Arbeit überhaupt gesehen wird. Ich mache regelmäßig Sport, um den Rücken vom vielen Sitzen zu entlasten. Das Team in der Verwa",,,#Bewältigung/Sport|#Bewältigung/Humor,ann,2026-06-17T19:56:00.000Z,2026-06-10T12:13:00.000Z,2026-06-10T12:13:00.000Z,text,1933,2069,,
fragments/2,Bewältigung/Sport,c63f43352,Verwaltung-1,Demo,2026,Interview Verwaltung-1,ITEMVERW100,ATTAVERW100,Verwaltung-1.txt,3,DEMO0133,highlight,#5fb236,"n wird. Ich mache regelmäßig Sport, um den Rücken vom vielen Sitzen zu entlasten. Das Team in der Verwaltu",,,#Bewältigung/Sport|#Bewältigung/Distanz,ann,2026-06-09T13:22:00.000Z,2026-06-10T14:26:00.000Z,2026-06-10T14:26:00.000Z,text,3260,3366,,
fragments/2,Bewältigung/Sport,c63f43352,Verwaltung-1,Demo,2026,Interview Verwaltung-1,ITEMVERW100,ATTAVERW100,Verwaltung-1.txt,3,DEMO0135,highlight,#5fb236,"ür mich das Wichtigste. In der Verwaltung habe ich mehr Freiheit, meine Aufgaben selbst einzuteilen. Ich kann eigenständig entscheiden, in welcher Reihenfolge ich die Vorgänge bearbeite. Die Bürokratie nimmt zu, fü",,,#Bewältigung/Sport,ann,2026-06-18T12:35:00.000Z,2026-06-10T14:53:00.000Z,2026-06-10T14:53:00.000Z,text,3530,3744,,
fragments/2,Bewältigung/Sport,c63f43352,Verwaltung-2,Demo,2026,Interview Verwaltung-2,ITEMVERW200,ATTAVERW200,Verwaltung-2.txt,1,DEMO0147,highlight,#5fb236,"chnungen. Im Homeoffice kann ich konzentrierter arbeiten als im offenen Büro. Die Abstimmung mit den Stationen ist manchmal zäh, die Prioritäten unterscheid",,,#Bewältigung/Sport,bob,2026-06-21T01:01:00.000Z,2026-06-10T21:06:00.000Z,2026-06-10T21:06:00.000Z,text,68,224,,
fragments/2,Bewältigung/Sport,c63f43352,Verwaltung-2,Demo,2026,Interview Verwaltung-2,ITEMVERW200,ATTAVERW200,Verwaltung-2.txt,1,DEMO0152,highlight,#5fb236,"ehr Freiheit, meine Aufgaben selbst einzuteilen. Ich kann eigenständig entscheiden, in welcher Reihenfolge ich die Vorgänge bearbeite. Die Bü",,,#Bewältigung/Sport|#Bewältigung/Distanz,ann,2026-06-16T10:01:00.000Z,2026-06-10T22:30:00.000Z,2026-06-10T22:30:00.000Z,text,906,1047,,
fragments/2,Bewältigung/Sport,c63f43352,Verwaltung-2,Demo,2026,Interview Verwaltung-2,ITEMVERW200,ATTAVERW200,Verwaltung-2.txt,1,DEMO0154,highlight,#5fb236,"ne gewisse Distanz zum unmittelbaren Leid auf den Stationen. Zeitdruck gibt es auch hier, besonders zum Quartalsende bei den Abrechnungen. Im Homeoffice kann ich konzentrierter arbeiten als im offe",,,#Bewältigung/Sport,bob,2026-06-13T04:56:00.000Z,2026-06-10T23:03:00.000Z,2026-06-10T23:03:00.000Z,text,1233,1430,,
fragments/2,Bewältigung/Sport,c63f43352,Verwaltung-2,Demo,2026,Interview Verwaltung-2,ITEMVERW200,ATTAVERW200,Verwaltung-2.txt,2,DEMO0157,highlight,#5fb236," Rückmeldung, ob meine Arbeit überhaupt gesehen wird. Ich mache regelmäßig Sport, um den Rücken vom vielen Si",,,#Bewältigung/Sport,ann,2026-06-15T16:08:00.000Z,2026-06-11T00:03:00.000Z,2026-06-11T00:03:00.000Z,text,1832,1941,,
fragments/2,Bewältigung/Sport,c63f43352,Verwaltung-2,Demo,2026,Interview Verwaltung-2,ITEMVERW200,ATTAVERW200,Verwaltung-2.txt,2,DEMO0158,highlight,#5fb236,"einer, aber wir stimmen uns eng ab. Die vielen Meetings verschling",,,#Bewältigung/Sport,ann,2026-06-20T00:21:00.000Z,2026-06-11T00:19:00.000Z,2026-06-11T00:19:00.000Z,text,1993,2059,,
fragments/2,Bewältigung/Sport,c63f43352,Verwaltung-2,Demo,2026,Interview Verwaltung-2,ITEMVERW200,ATTAVERW200,Verwaltung-2.txt,2,DEMO0161,highlight,#5fb236,"uck gibt es auch hier, besonders zum Quartalsende bei den Abrechnungen. Im Homeoffice kann ich k",,,#Bewältigung/Sport,bob,2026-06-18T20:36:00.000Z,2026-06-11T01:19:00.000Z,2026-06-11T01:19:00.000Z,text,2594,2690,,
fragments/2,Bewältigung/Sport,c63f43352,Verwaltung-2,Demo,2026,Interview Verwaltung-2,ITEMVERW200,ATTAVERW200,Verwaltung-2.txt,3,DEMO0166,highlight,#5fb236,"ung habe ich mehr Freiheit, meine Aufgaben selbst einzuteilen. Ich kann eigenständig entscheiden, in welcher Reihenfolge ich die Vorgänge bearbeite. Die Bürokratie nimmt zu, für jede Kleinigkeit braucht es inzwische",,,#Bewältigung/Sport|#Bewältigung/Distanz,ann,2026-06-16T07:33:00.000Z,2026-06-11T02:48:00.000Z,2026-06-11T02:48:00.000Z,text,3480,3695,,
fragments/2,Bewältigung/Sport,c63f43352,Verwaltung-2,Demo,2026,Interview Verwaltung-2,ITEMVERW200,ATTAVERW200,Verwaltung-2.txt,4,DEMO0174,highlight,#5fb236,s Feedback zu abgeschlossenen Projekten. Der Schreibtisch schafft eine gewisse Distanz zum unmittelbaren Leid auf den Station,,,#Bewältigung/Sport,bob,2026-06-15T06:53:00.000Z,2026-06-11T05:24:00.000Z,2026-06-11T05:24:00.000Z,text,5047,5172,,
fragments/2,Bewältigung/Sport,c63f43352,Verwaltung-3,Demo,2026,Interview Verwaltung-3,ITEMVERW300,ATTAVERW300,Verwaltung-3.txt,1,DEMO0180,highlight,#5fb236,"ut abschalten. Ein klarer Aufgabenzuschnitt gibt mir Sicherheit und ein Gefühl von Autonomie. Wenn die IT-Systeme streiken, steht plötzlic",,,#Bewältigung/Distanz|#Bewältigung/Sport,bob,2026-06-15T13:03:00.000Z,2026-06-11T09:20:00.000Z,2026-06-11T09:20:00.000Z,text,200,338,,
fragments/2,Bewältigung/Sport,c63f43352,Verwaltung-3,Demo,2026,Interview Verwaltung-3,ITEMVERW300,ATTAVERW300,Verwaltung-3.txt,1,DEMO0182,highlight,#ff6666,"ne Arbeit überhaupt gesehen wird. Ich mache regelmäßig Sport, um den Rücken vom vielen Sitzen zu entlasten. Das Team in der Verwaltung ist kleiner, aber wir stimmen uns eng ab. D",,,#Belastung/körperlich|#Bewältigung/Sport,bob,2026-06-18T11:58:00.000Z,2026-06-11T09:48:00.000Z,2026-06-11T09:48:00.000Z,text,480,658,,
fragments/2,Bewältigung/Sport,c63f43352,Verwaltung-3,Demo,2026,Interview Verwaltung-3,ITEMVERW300,ATTAVERW300,Verwaltung-3.txt,1,DEMO0184,highlight,#5fb236,"ne Aufgaben selbst einzuteilen. Ich kann eigenständig entscheiden, in welcher Reihenfolge ich die Vorgänge bearbeite. Die Bürokratie nimmt zu, für jede Kleinigkeit braucht es inzwischen ei",,,#Bewältigung/Sport|#Bewältigung/Humor,ann,2026-06-09T23:14:00.000Z,2026-06-11T10:24:00.000Z,2026-06-11T10:24:00.000Z,text,845,1033,,
fragments/2,Bewältigung/Sport,c63f43352,Verwaltung-3,Demo,2026,Interview Verwaltung-3,ITEMVERW300,ATTAVERW300,Verwaltung-3.txt,1,DEMO0185,highlight,#5fb236,"h eher über konkretes Feedback zu abgeschlossenen Projekten. Der Schreibtisch schafft eine gewisse Distanz zum unmittelbaren Leid auf den Stationen. Zeitdruck gibt es auch hier, besonders zum Quartalsende ",,,#Bewältigung/Sport,ann,2026-06-16T05:42:00.000Z,2026-06-11T10:46:00.000Z,2026-06-11T10:46:00.000Z,text,1067,1272,,
fragments/2,Bewältigung/Sport,c63f43352,Verwaltung-3,Demo,2026,Interview Verwaltung-3,ITEMVERW300,ATTAVERW300,Verwaltung-3.txt,2,DEMO0189,highlight,#5fb236,"n Rücken vom vielen Sitzen zu entlasten. Das Team in der Verwaltung ist kleiner, aber wir stimmen uns eng ab. Die vielen Meetings verschlingen einen großen Teil des Arbeitstages. Die Selbstständigkeit in der Aufgab",,,#Bewältigung/Sport|#Bewältigung/Humor,ann,2026-06-13T18:30:00.000Z,2026-06-11T12:04:00.000Z,2026-06-11T12:04:00.000Z,text,1841,2055,,
fragments/2,Bewältigung/Sport,c63f43352,Verwaltung-3,Demo,2026,Interview Verwaltung-3,ITEMVERW300,ATTAVERW300,Verwaltung-3.txt,3,DEMO0203,highlight,#5fb236,"s Team in der Verwaltung ist kleiner, aber wir stimmen uns eng ab. Die vielen Meetings verschlingen einen großen Teil des Arbeitstages. Die Selbstständigkeit ",,,#Bewältigung/Sport,bob,2026-06-18T18:08:00.000Z,2026-06-11T16:27:00.000Z,2026-06-11T16:27:00.000Z,text,4472,4630,,
fragments/2,Bewältigung/Sport,c63f43352,Verwaltung-3,Demo,2026,Interview Verwaltung-3,ITEMVERW300,ATTAVERW300,Verwaltung-3.txt,4,DEMO0204,highlight,#5fb236,"be ich mehr Freiheit, meine Aufgaben selbst einzuteilen. Ich kann eigenständig entscheiden, in welcher Reihenfolge ich die Vorgänge bearbeite. Die Bürokratie nimmt zu, für jede Kleinigkeit brauc",,,#Bewältigung/Sport,ann,2026-06-17T10:41:00.000Z,2026-06-11T16:50:00.000Z,2026-06-11T16:50:00.000Z,text,4702,4896,,
fragments/2,Bewältigung/Sport,c63f43352,Verwaltung-3,Demo,2026,Interview Verwaltung-3,ITEMVERW300,ATTAVERW300,Verwaltung-3.txt,4,DEMO0205,highlight,#5fb236,er konkretes Feedback zu abgeschlossenen Projekten. Der Schreibtisch schafft eine gewisse Distanz zum unmittelbare,,,#Bewältigung/Sport,ann,2026-06-21T06:34:00.000Z,2026-06-11T17:15:00.000Z,2026-06-11T17:15:00.000Z,text,4958,5072,,
fragments/2,Bewältigung/Sport,c63f43352,Verwaltung-3,Demo,2026,Interview Verwaltung-3,ITEMVERW300,ATTAVERW300,Verwaltung-3.txt,4,DEMO0207,highlight,#5fb236,"ten als im offenen Büro. Die Abstimmung mit den Stationen ist manchmal zäh, die Prioritäten unterscheiden sich. Nach Feiera",,,#Bewältigung/Sport|#Bewältigung/Distanz,ann,2026-06-09T10:54:00.000Z,2026-06-11T17:41:00.000Z,2026-06-11T17:41:00.000Z,text,5219,5342,,
fragments/2,Ressourcen/Anerkennung,cf30ac49f,Station-1,Demo,2026,Interview Station-1,ITEMSTAT100,ATTASTAT100,Station-1.txt,1,DEMO0004,highlight,#2ea8e5,"lten Zeit. Anerkennung von oben gibt es kaum, ein ehrliches Danke hört man selten. Die Dokumentation frisst",,,#Ressourcen/Team|#Ressourcen/Anerkennung,bob,2026-06-10T22:03:00.000Z,2026-06-08T10:14:00.000Z,2026-06-08T10:14:00.000Z,text,747,854,,
fragments/2,Ressourcen/Anerkennung,cf30ac49f,Station-2,Demo,2026,Interview Station-2,ITEMSTAT200,ATTASTAT200,Station-2.txt,2,DEMO0040,highlight,#2ea8e5,"r lachen viel zusammen im Dienstzimmer, das ist unser Ventil. Die Pausen fallen regelmäßig aus, für einen Kaffee bleibt selten Zeit. Anerkennung von oben gibt es kaum, ein ",,,#Ressourcen/Anerkennung,bob,2026-06-21T09:39:00.000Z,2026-06-09T00:07:00.000Z,2026-06-09T00:07:00.000Z,text,1872,2044,,
fragments/2,Ressourcen/Anerkennung,cf30ac49f,Station-2,Demo,2026,Interview Station-2,ITEMSTAT200,ATTASTAT200,Station-2.txt,2,DEMO0043,highlight,#2ea8e5,"n dauerhaft am Limit. Fällt eine Kollegin aus, wird es sofort eng für alle anderen. Trotz allem mache ich die Arbeit gern, der Kontakt zu den Menschen trägt mich. Der Zeit",,,#Ressourcen/Anerkennung|#Ressourcen/Autonomie,ann,2026-06-09T00:25:00.000Z,2026-06-09T01:01:00.000Z,2026-06-09T01:01:00.000Z,text,2419,2590,,
fragments/2,Ressourcen/Anerkennung,cf30ac49f,Station-2,Demo,2026,Interview Station-2,ITEMSTAT200,ATTASTAT200,Station-2.txt,2,DEMO0045,highlight,#2ea8e5,"eit hart, das ständige Heben und Umlagern spürt man abends in jedem Knochen. Emotional nimmt man vieles mit ",,,#Ressourcen/Team|#Ressourcen/Anerkennung|#Belastung/emotional,ann,2026-06-16T00:09:00.000Z,2026-06-09T01:38:00.000Z,2026-06-09T01:38:00.000Z,text,2789,2897,,
fragments/2,Ressourcen/Anerkennung,cf30ac49f,Station-2,Demo,2026,Interview Station-2,ITEMSTAT200,ATTASTAT200,Station-2.txt,3,DEMO0047,highlight,#2ea8e5,"algenhumor, sonst würde man an manchen Tagen verzweifeln. Wir lachen viel zusammen im Dienstzimmer, das ist unser Ventil. Die Pausen fallen regelmäßig aus, für einen Kaffee bleibt selte",,,#Ressourcen/Team|#Ressourcen/Anerkennung,ann,2026-06-14T17:56:00.000Z,2026-06-09T02:14:00.000Z,2026-06-09T02:14:00.000Z,text,3147,3332,,
fragments/2,Ressourcen/Anerkennung,cf30ac49f,Station-3,Demo,2026,Interview Station-3,ITEMSTAT300,ATTASTAT300,Station-3.txt,1,DEMO0056,highlight,#2ea8e5," man abends in jedem Knochen. Emotional nimmt man vieles mit nach Hause, gerade wenn ein Patient verstirbt, den man länger begleitet hat. Oh",,,#Ressourcen/Anerkennung,ann,2026-06-13T17:16:00.000Z,2026-06-09T09:06:00.000Z,2026-06-09T09:06:00.000Z,text,69,209,,
fragments/2,Ressourcen/Anerkennung,cf30ac49f,Station-3,Demo,2026,Interview Station-3,ITEMSTAT300,ATTASTAT300,Station-3.txt,4,DEMO0082,highlight,#2ea8e5,"ythmus völlig durcheinander. Nach der Schicht gehe ich oft joggen, um den Kopf wieder freizubekommen. Man muss lernen, eine gewisse Distan",,,#Ressourcen/Team|#Ressourcen/Anerkennung,bob,2026-06-09T18:55:00.000Z,2026-06-09T16:56:00.000Z,2026-06-09T16:56:00.000Z,text,4766,4904,,
fragments/2,Ressourcen/Anerkennung,cf30ac49f,Station-4,Demo,2026,Interview Station-4,ITEMSTAT400,ATTASTAT400,Station-4.txt,1,DEMO0090,highlight,#2ea8e5,"ecke ist zu dünn, wir arbeiten dauerhaft am Limit. Fällt eine Kollegin aus, wird es sofort eng für alle anderen. Trotz allem mache ich di",,,#Ressourcen/Anerkennung,ann,2026-06-19T16:57:00.000Z,2026-06-09T22:25:00.000Z,2026-06-09T22:25:00.000Z,text,859,996,,
fragments/2,Ressourcen/Anerkennung,cf30ac49f,Station-4,Demo,2026,Interview Station-4,ITEMSTAT400,ATTASTAT400,Station-4.txt,3,DEMO0109,highlight,#2ea8e5,"hen viel zusammen im Dienstzimmer, das ist unser Ventil. Die Pausen fallen regelmäßig aus, für einen Kaffee bleibt selten Zeit. ",,,#Ressourcen/Anerkennung,bob,2026-06-10T16:30:00.000Z,2026-06-10T04:15:00.000Z,2026-06-10T04:15:00.000Z,text,4351,4479,,
fragments/2,Ressourcen/Anerkennung,cf30ac49f,Verwaltung-1,Demo,2026,Interview Verwaltung-1,ITEMVERW100,ATTAVERW100,Verwaltung-1.txt,1,DEMO0118,highlight,#2ea8e5," ein Gefühl von Autonomie. Wenn die IT-Systeme streiken, steht plötzlich der ganze Betrieb still. Emotional belastet mich die Arbeit selten, das ist ein Vort",,,#Ressourcen/Autonomie|#Ressourcen/Anerkennung,bob,2026-06-15T11:12:00.000Z,2026-06-10T09:43:00.000Z,2026-06-10T09:43:00.000Z,text,433,590,,
fragments/2,Ressourcen/Anerkennung,cf30ac49f,Verwaltung-1,Demo,2026,Interview Verwaltung-1,ITEMVERW100,ATTAVERW100,Verwaltung-1.txt,1,DEMO0123,highlight,#2ea8e5,"ine gewisse Distanz zum unmittelbaren Leid auf den Stationen. Zeitdruck gibt es auch hier, besonders zum Quartal",,,#Ressourcen/Anerkennung,bob,2026-06-10T23:54:00.000Z,2026-06-10T11:12:00.000Z,2026-06-10T11:12:00.000Z,text,1320,1432,,
fragments/2,Ressourcen/Anerkennung,cf30ac49f,Verwaltung-1,Demo,2026,Interview Verwaltung-1,ITEMVERW100,ATTAVERW100,Verwaltung-1.txt,3,DEMO0140,highlight,#2ea8e5,"dieser Rolle. Manchmal fehlt die Rückmeldung, ob meine Arbeit überhaupt gesehen wird. Ich mache regelmäßi",,,#Ressourcen/Anerkennung,ann,2026-06-18T09:30:00.000Z,2026-06-10T16:27:00.000Z,2026-06-10T16:27:00.000Z,text,4476,4581,,
fragments/2,Ressourcen/Anerkennung,cf30ac49f,Verwaltung-1,Demo,2026,Interview Verwaltung-1,ITEMVERW100,ATTAVERW100,Verwaltung-1.txt,4,DEMO0141,highlight,#2ea8e5,"m in der Verwaltung ist kleiner, aber wir stimmen uns eng ab. Die vielen Meetings verschlingen einen großen Teil des Arbeitstages. Die Selbststän",,,#Ressourcen/Anerkennung,bob,2026-06-19T07:42:00.000Z,2026-06-10T16:44:00.000Z,2026-06-10T16:44:00.000Z,text,4643,4788,,
fragments/2,Ressourcen/Anerkennung,cf30ac49f,Verwaltung-1,Demo,2026,Interview Verwaltung-1,ITEMVERW100,ATTAVERW100,Verwaltung-1.txt,4,DEMO0142,highlight,#2ea8e5,"n der Verwaltung habe ich mehr Freiheit, meine Aufgaben selbst einzuteilen. Ich kann eigenständig entscheiden, in welcher Reihenfolge ich die Vorgänge bearbeite. Die Bürokratie nimmt zu, für jede ",,,#Ressourcen/Autonomie|#Ressourcen/Anerkennung|#Ressourcen/Team,ann,2026-06-09T03:30:00.000Z,2026-06-10T17:04:00.000Z,2026-06-10T17:04:00.000Z,text,4849,5045,,
fragments/2,Ressourcen/Anerkennung,cf30ac49f,Verwaltung-2,Demo,2026,Interview Verwaltung-2,ITEMVERW200,ATTAVERW200,Verwaltung-2.txt,2,DEMO0155,highlight,#2ea8e5,täten unterscheiden sich. Nach Feierabend lässt sich die Arbeit meist gut abschalten. Ein klare,,,#Ressourcen/Anerkennung,ann,2026-06-19T12:01:00.000Z,2026-06-10T23:30:00.000Z,2026-06-10T23:30:00.000Z,text,1501,1596,,
fragments/2,Ressourcen/Anerkennung,cf30ac49f,Verwaltung-2,Demo,2026,Interview Verwaltung-2,ITEMVERW200,ATTAVERW200,Verwaltung-2.txt,2,DEMO0163,highlight,#2ea8e5,"l von Autonomie. Wenn die IT-Systeme streiken, steht plötzlich der ganze Betrieb still. Emotional belastet mich die Arbeit selten, das ist ein Vorteil dieser Rolle. Manchmal fehlt die R",,,#Ressourcen/Anerkennung|#Ressourcen/Autonomie,ann,2026-06-11T00:31:00.000Z,2026-06-11T01:54:00.000Z,2026-06-11T01:54:00.000Z,text,2943,3128,,
fragments/2,Ressourcen/Anerkennung,cf30ac49f,Verwaltung-2,Demo,2026,Interview Verwaltung-2,ITEMVERW200,ATTAVERW200,Verwaltung-2.txt,3,DEMO0170,highlight,#2ea8e5,"und ein Gefühl von Autonomie. Wenn die IT-Systeme streiken, steht plötzlich der ganze Betrieb still. Emotional belastet mich die Arbeit selten,",,,#Ressourcen/Anerkennung|#Ressourcen/Autonomie,ann,2026-06-17T16:51:00.000Z,2026-06-11T04:02:00.000Z,2026-06-11T04:02:00.000Z,text,4224,4367,,
fragments/2,Ressourcen/Anerkennung,cf30ac49f,Verwaltung-2,Demo,2026,Interview Verwaltung-2,ITEMVERW200,ATTAVERW200,Verwaltung-2.txt,3,DEMO0171,highlight,#2ea8e5,"eine Arbeit überhaupt gesehen wird. Ich mache regelmäßig Sport, um den Rücken vom vielen Sitzen zu entlasten. Das Team in der Verwaltung ist kleiner, aber wir stimmen uns ",,,#Ressourcen/Anerkennung,bob,2026-06-21T10:53:00.000Z,2026-06-11T04:23:00.000Z,2026-06-11T04:23:00.000Z,text,4438,4609,,
fragments/2,Ressourcen/Anerkennung,cf30ac49f,Verwaltung-2,Demo,2026,Interview Verwaltung-2,ITEMVERW200,ATTAVERW200,Verwaltung-2.txt,4,DEMO0175,highlight,#2ea8e5,en. Im Homeoffice kann ich konzentrierter arbeiten als im offenen Büro. Die Abstimmung mit den S,,,#Ressourcen/Team|#Ressourcen/Anerkennung|#Belastung/emotional,bob,2026-06-08T10:14:00.000Z,2026-06-11T05:45:00.000Z,2026-06-11T05:45:00.000Z,text,5250,5346,,
fragments/2,Ressourcen/Anerkennung,cf30ac49f,Verwaltung-2,Demo,2026,Interview Verwaltung-2,ITEMVERW200,ATTAVERW200,Verwaltung-2.txt,4,DEMO0177,highlight,#2ea8e5,"it selten, das ist ein Vorteil dieser Rolle. Manchmal fehlt die Rückmeldung, ob meine Arbeit überhaupt gesehen wird. Ich mache regelmäßig Spor",,,#Ressourcen/Anerkennung,bob,2026-06-20T10:50:00.000Z,2026-06-11T06:25:00.000Z,2026-06-11T06:25:00.000Z,text,5651,5793,,
fragments/2,Ressourcen/Anerkennung,cf30ac49f,Verwaltung-3,Demo,2026,Interview Verwaltung-3,ITEMVERW300,ATTAVERW300,Verwaltung-3.txt,1,DEMO0181,highlight,#2ea8e5,"ich die Arbeit selten, das ist ein Vorteil dieser Rolle. Manch",,,#Ressourcen/Anerkennung|#Ressourcen/Autonomie,ann,2026-06-10T11:34:00.000Z,2026-06-11T09:38:00.000Z,2026-06-11T09:38:00.000Z,text,385,447,,
fragments/2,Ressourcen/Anerkennung,cf30ac49f,Verwaltung-3,Demo,2026,Interview Verwaltung-3,ITEMVERW300,ATTAVERW300,Verwaltung-3.txt,1,DEMO0186,highlight,#2ea8e5,zentrierter arbeiten als im offenen Büro. Die Abstimmung mit den Stationen ist manch,,,#Ressourcen/Anerkennung,ann,2026-06-11T11:00:00.000Z,2026-06-11T11:12:00.000Z,2026-06-11T11:12:00.000Z,text,1320,1404,,
fragments/2,Ressourcen/Anerkennung,cf30ac49f,Verwaltung-4,Demo,2026,Interview Verwaltung-4,ITEMVERW400,ATTAVERW400,Verwaltung-4.txt,1,DEMO0210,highlight,#2ea8e5,"treiken, steht plötzlich der ganze Betrieb still. Emotional belastet mich die Arbeit selten, das ist ein Vorteil diese",,,#Ressourcen/Autonomie|#Ressourcen/Anerkennung,ann,2026-06-21T15:12:00.000Z,2026-06-11T21:24:00.000Z,2026-06-11T21:24:00.000Z,text,247,365,,
fragments/2,Ressourcen/Anerkennung,cf30ac49f,Verwaltung-4,Demo,2026,Interview Verwaltung-4,ITEMVERW400,ATTAVERW400,Verwaltung-4.txt,1,DEMO0213,highlight,#2ea8e5," die Vorgänge bearbeite. Die Bürokratie nimmt zu, für jede Kleinigkeit braucht es inzwischen ein Formular. Anerkennung bekomme ich eher über konkretes Feedback zu abgeschlossenen Projekte",,,#Ressourcen/Anerkennung|#Ressourcen/Team,ann,2026-06-15T13:40:00.000Z,2026-06-11T22:27:00.000Z,2026-06-11T22:27:00.000Z,text,870,1057,,
fragments/2,Ressourcen/Anerkennung,cf30ac49f,Verwaltung-4,Demo,2026,Interview Verwaltung-4,ITEMVERW400,ATTAVERW400,Verwaltung-4.txt,2,DEMO0217,highlight,#2ea8e5,"m vielen Sitzen zu entlasten. Das Team in der Verwaltung ist kleiner, aber wir sti",,,#Ressourcen/Anerkennung,bob,2026-06-15T05:02:00.000Z,2026-06-11T23:58:00.000Z,2026-06-11T23:58:00.000Z,text,1784,1866,,
fragments/2,Ressourcen/Anerkennung,cf30ac49f,Verwaltung-4,Demo,2026,Interview Verwaltung-4,ITEMVERW400,ATTAVERW400,Verwaltung-4.txt,2,DEMO0222,highlight,#2ea8e5,"tt gibt mir Sicherheit und ein Gefühl von Autonomie. Wenn die IT-Systeme streiken, steht plötzlich der ganze B",,,#Ressourcen/Anerkennung,ann,2026-06-20T20:05:00.000Z,2026-06-12T01:36:00.000Z,2026-06-12T01:36:00.000Z,text,2761,2871,,
fragments/2,Ressourcen/Autonomie,cd175d5c0,Station-1,Demo,2026,Interview Station-1,ITEMSTAT100,ATTASTAT100,Station-1.txt,4,DEMO0028,highlight,#2ea8e5,"enten. Wenn drei Klingeln gleichzeitig gehen, muss man Prioritäten setzen, und das zehrt an den Nerven. Körperlich ist die Arbeit hart, das ständige Heben und Umlagern spürt man abends in jedem Knochen. Emotional nimmt ",,,#Ressourcen/Autonomie|#Ressourcen/Team,ann,2026-06-08T18:15:00.000Z,2026-06-08T18:02:00.000Z,2026-06-08T18:02:00.000Z,text,5421,5640,,
fragments/2,Ressourcen/Autonomie,cd175d5c0,Station-2,Demo,2026,Interview Station-2,ITEMSTAT200,ATTASTAT200,Station-2.txt,2,DEMO0043,highlight,#2ea8e5,"n dauerhaft am Limit. Fällt eine Kollegin aus, wird es sofort eng für alle anderen. Trotz allem mache ich die Arbeit gern, der Kontakt zu den Menschen trägt mich. Der Zeit",,,#Ressourcen/Anerkennung|#Ressourcen/Autonomie,bob,2026-06-18T16:17:00.000Z,2026-06-09T01:01:00.000Z,2026-06-09T01:01:00.000Z,text,2419,2590,,
fragments/2,Ressourcen/Autonomie,cd175d5c0,Station-3,Demo,2026,Interview Station-3,ITEMSTAT300,ATTASTAT300,Station-3.txt,2,DEMO0065,highlight,#2ea8e5,"ich nicht mehr kann, das gibt mir Halt. Manchmal hilft nur Galgenhumor, sonst würde man an manchen Tagen verzweifeln. Wir lachen viel zusammen im Dienstzimmer, das ist unser ",,,#Ressourcen/Team|#Ressourcen/Autonomie|#Belastung/emotional,ann,2026-06-16T19:53:00.000Z,2026-06-09T11:45:00.000Z,2026-06-09T11:45:00.000Z,text,1655,1829,,
fragments/2,Ressourcen/Autonomie,cd175d5c0,Station-4,Demo,2026,Interview Station-4,ITEMSTAT400,ATTASTAT400,Station-4.txt,2,DEMO0097,highlight,#2ea8e5,"kommen. Man muss lernen, eine gewisse Distanz zu wahren, sonst brennt man irgendw",,,#Ressourcen/Team|#Ressourcen/Autonomie,ann,2026-06-11T14:42:00.000Z,2026-06-10T00:29:00.000Z,2026-06-10T00:29:00.000Z,text,2091,2172,,
fragments/2,Ressourcen/Autonomie,cd175d5c0,Station-4,Demo,2026,Interview Station-4,ITEMSTAT400,ATTASTAT400,Station-4.txt,2,DEMO0098,highlight,#2ea8e5,". Fällt eine Kollegin aus, wird es sofort eng für alle anderen. Trotz allem mache ich die Arbeit gern, der Kontakt zu den Menschen trägt mich. Der Zeitdruck auf der Station ist enorm, oft fehlt schlicht die ",,,#Ressourcen/Team|#Ressourcen/Autonomie|#Belastung/emotional,ann,2026-06-10T18:21:00.000Z,2026-06-10T00:44:00.000Z,2026-06-10T00:44:00.000Z,text,2243,2450,,
fragments/2,Ressourcen/Autonomie,cd175d5c0,Verwaltung-1,Demo,2026,Interview Verwaltung-1,ITEMVERW100,ATTAVERW100,Verwaltung-1.txt,1,DEMO0116,highlight,#2ea8e5,"t eine gewisse Distanz zum unmittelbaren Leid auf den Stationen. Zeitdruck gibt es auch hier, besonders zum Quartalsende bei den Abrechnungen.",,,#Ressourcen/Autonomie,bob,2026-06-19T20:39:00.000Z,2026-06-10T09:02:00.000Z,2026-06-10T09:02:00.000Z,text,23,165,,
fragments/2,Ressourcen/Autonomie,cd175d5c0,Verwaltung-1,Demo,2026,Interview Verwaltung-1,ITEMVERW100,ATTAVERW100,Verwaltung-1.txt,1,DEMO0118,highlight,#2ea8e5," ein Gefühl von Autonomie. Wenn die IT-Systeme streiken, steht plötzlich der ganze Betrieb still. Emotional belastet mich die Arbeit selten, das ist ein Vort",,,#Ressourcen/Autonomie|#Ressourcen/Anerkennung,ann,2026-06-18T07:02:00.000Z,2026-06-10T09:43:00.000Z,2026-06-10T09:43:00.000Z,text,433,590,,
fragments/2,Ressourcen/Autonomie,cd175d5c0,Verwaltung-1,Demo,2026,Interview Verwaltung-1,ITEMVERW100,ATTAVERW100,Verwaltung-1.txt,4,DEMO0142,highlight,#2ea8e5,"n der Verwaltung habe ich mehr Freiheit, meine Aufgaben selbst einzuteilen. Ich kann eigenständig entscheiden, in welcher Reihenfolge ich die Vorgänge bearbeite. Die Bürokratie nimmt zu, für jede ",,,#Ressourcen/Autonomie|#Ressourcen/Anerkennung|#Ressourcen/Team,ann,2026-06-12T15:22:00.000Z,2026-06-10T17:04:00.000Z,2026-06-10T17:04:00.000Z,text,4849,5045,,
fragments/2,Ressourcen/Autonomie,cd175d5c0,Verwaltung-1,Demo,2026,Interview Verwaltung-1,ITEMVERW100,ATTAVERW100,Verwaltung-1.txt,4,DEMO0144,highlight,#2ea8e5," Im Homeoffice kann ich konzentrierter arbeiten als im offenen Büro. Die Abstimmung mit den Stationen ist manchmal zäh, die Prioritäten unterscheiden sich. Nach Feierabend lässt sich die",,,#Ressourcen/Autonomie|#Ressourcen/Team,ann,2026-06-17T02:03:00.000Z,2026-06-10T17:54:00.000Z,2026-06-10T17:54:00.000Z,text,5341,5527,,
fragments/2,Ressourcen/Autonomie,cd175d5c0,Verwaltung-2,Demo,2026,Interview Verwaltung-2,ITEMVERW200,ATTAVERW200,Verwaltung-2.txt,1,DEMO0153,highlight,#2ea8e5,ht es inzwischen ein Formular. Anerkennung bekomme ich eher übe,,,#Ressourcen/Autonomie,bob,2026-06-16T13:06:00.000Z,2026-06-10T22:49:00.000Z,2026-06-10T22:49:00.000Z,text,1092,1155,,
fragments/2,Ressourcen/Autonomie,cd175d5c0,Verwaltung-2,Demo,2026,Interview Verwaltung-2,ITEMVERW200,ATTAVERW200,Verwaltung-2.txt,2,DEMO0160,highlight,#2ea8e5,"t zu, für jede Kleinigkeit braucht es inzwischen ein Formular. Anerkennung bekomme ich eher über konkretes Feedback zu abgeschlossenen Projekten. Der Schreibtisch schafft ein",,,#Ressourcen/Autonomie,ann,2026-06-14T06:13:00.000Z,2026-06-11T00:55:00.000Z,2026-06-11T00:55:00.000Z,text,2354,2528,,
fragments/2,Ressourcen/Autonomie,cd175d5c0,Verwaltung-2,Demo,2026,Interview Verwaltung-2,ITEMVERW200,ATTAVERW200,Verwaltung-2.txt,2,DEMO0162,highlight,#2ea8e5,"en Stationen ist manchmal zäh, die Prioritäten unterscheiden sich. Nach Feierabend lässt sich die Arbeit meist gut abschalten. Ein klarer Aufgabenzuschni",,,#Ressourcen/Autonomie,bob,2026-06-17T21:10:00.000Z,2026-06-11T01:35:00.000Z,2026-06-11T01:35:00.000Z,text,2754,2907,,
fragments/2,Ressourcen/Autonomie,cd175d5c0,Verwaltung-2,Demo,2026,Interview Verwaltung-2,ITEMVERW200,ATTAVERW200,Verwaltung-2.txt,2,DEMO0163,highlight,#2ea8e5,"l von Autonomie. Wenn die IT-Systeme streiken, steht plötzlich der ganze Betrieb still. Emotional belastet mich die Arbeit selten, das ist ein Vorteil dieser Rolle. Manchmal fehlt die R",,,#Ressourcen/Anerkennung|#Ressourcen/Autonomie,bob,2026-06-19T10:10:00.000Z,2026-06-11T01:54:00.000Z,2026-06-11T01:54:00.000Z,text,2943,3128,,
fragments/2,Ressourcen/Autonomie,cd175d5c0,Verwaltung-2,Demo,2026,Interview Verwaltung-2,ITEMVERW200,ATTAVERW200,Verwaltung-2.txt,3,DEMO0165,highlight,#2ea8e5,b. Die vielen Meetings verschlingen einen großen Teil des Arbeitstages. Die Selbst,,,#Ressourcen/Team|#Ressourcen/Autonomie|#Belastung/emotional,bob,2026-06-20T05:54:00.000Z,2026-06-11T02:32:00.000Z,2026-06-11T02:32:00.000Z,text,3320,3402,,
fragments/2,Ressourcen/Autonomie,cd175d5c0,Verwaltung-2,Demo,2026,Interview Verwaltung-2,ITEMVERW200,ATTAVERW200,Verwaltung-2.txt,3,DEMO0169,highlight,#2ea8e5," den Stationen ist manchmal zäh, die Prioritäten unterscheiden sich. Nach Feierabend lässt sich die Arbeit meist gut abschalten. Ein klarer",,,#Ressourcen/Autonomie,ann,2026-06-18T21:13:00.000Z,2026-06-11T03:44:00.000Z,2026-06-11T03:44:00.000Z,text,4046,4185,,
fragments/2,Ressourcen/Autonomie,cd175d5c0,Verwaltung-2,Demo,2026,Interview Verwaltung-2,ITEMVERW200,ATTAVERW200,Verwaltung-2.txt,3,DEMO0170,highlight,#2ea8e5,"und ein Gefühl von Autonomie. Wenn die IT-Systeme streiken, steht plötzlich der ganze Betrieb still. Emotional belastet mich die Arbeit selten,",,,#Ressourcen/Anerkennung|#Ressourcen/Autonomie,bob,2026-06-17T03:17:00.000Z,2026-06-11T04:02:00.000Z,2026-06-11T04:02:00.000Z,text,4224,4367,,
fragments/2,Ressourcen/Autonomie,cd175d5c0,Verwaltung-2,Demo,2026,Interview Verwaltung-2,ITEMVERW200,ATTAVERW200,Verwaltung-2.txt,4,DEMO0178,highlight,#2ea8e5," der Verwaltung ist kleiner, aber wir stimmen uns eng ab. Die vielen Meetings verschlingen einen großen Teil des Arbeitstages. Die Selbstständigkeit in de",,,#Ressourcen/Autonomie,ann,2026-06-20T15:46:00.000Z,2026-06-11T06:45:00.000Z,2026-06-11T06:45:00.000Z,text,5853,6007,,
fragments/2,Ressourcen/Autonomie,cd175d5c0,Verwaltung-3,Demo,2026,Interview Verwaltung-3,ITEMVERW300,ATTAVERW300,Verwaltung-3.txt,1,DEMO0181,highlight,#2ea8e5,"ich die Arbeit selten, das ist ein Vorteil dieser Rolle. Manch",,,#Ressourcen/Anerkennung|#Ressourcen/Autonomie,bob,2026-06-11T05:27:00.000Z,2026-06-11T09:38:00.000Z,2026-06-11T09:38:00.000Z,text,385,447,,
fragments/2,Ressourcen/Autonomie,cd175d5c0,Verwaltung-3,Demo,2026,Interview Verwaltung-3,ITEMVERW300,ATTAVERW300,Verwaltung-3.txt,1,DEMO0187,highlight,#2ea8e5,en unterscheiden sich. Nach Feierabend lässt sich die Arbeit meist gut abschalten. Ein klarer Aufgabenzuschnitt gibt mir Sicherheit und ein Gefühl von Autonomie. Wenn die IT-,,,#Ressourcen/Team|#Ressourcen/Autonomie,bob,2026-06-14T22:52:00.000Z,2026-06-11T11:22:00.000Z,2026-06-11T11:22:00.000Z,text,1426,1600,,
fragments/2,Ressourcen/Autonomie,cd175d5c0,Verwaltung-3,Demo,2026,Interview Verwaltung-3,ITEMVERW300,ATTAVERW300,Verwaltung-3.txt,2,DEMO0190,highlight,#2ea8e5,"habe ich mehr Freiheit, meine Aufgaben selbst einzuteilen. Ich kann eigenständig entscheiden, in welcher Reihenfolge ich di",,,#Ressourcen/Autonomie,ann,2026-06-19T17:34:00.000Z,2026-06-11T12:31:00.000Z,2026-06-11T12:31:00.000Z,text,2112,2235,,
fragments/2,Ressourcen/Autonomie,cd175d5c0,Verwaltung-3,Demo,2026,Interview Verwaltung-3,ITEMVERW300,ATTAVERW300,Verwaltung-3.txt,2,DEMO0194,highlight,#2ea8e5,"t manchmal zäh, die Prioritäten unterscheiden sich. Nach Feierabend lässt sich die Arbeit meist gut abschalten. Ein klarer Aufgabenzuschnitt gibt mir Sicherheit und ei",,,#Ressourcen/Autonomie,ann,2026-06-13T23:26:00.000Z,2026-06-11T13:29:00.000Z,2026-06-11T13:29:00.000Z,text,2691,2858,,
fragments/2,Ressourcen/Autonomie,cd175d5c0,Verwaltung-3,Demo,2026,Interview Verwaltung-3,ITEMVERW300,ATTAVERW300,Verwaltung-3.txt,3,DEMO0196,highlight,#2ea8e5,"ng, ob meine Arbeit überhaupt gesehen wird. Ich mache regelmäßig Sport,",,,#Ressourcen/Autonomie|#Ressourcen/Team,ann,2026-06-15T15:31:00.000Z,2026-06-11T14:05:00.000Z,2026-06-11T14:05:00.000Z,text,3058,3129,,
fragments/2,Ressourcen/Autonomie,cd175d5c0,Verwaltung-3,Demo,2026,Interview Verwaltung-3,ITEMVERW300,ATTAVERW300,Verwaltung-3.txt,3,DEMO0199,highlight,#2ea8e5,braucht es inzwischen ein Formular. Anerkennung bekomme ich eher über konk,,,#Ressourcen/Autonomie,bob,2026-06-20T20:42:00.000Z,2026-06-11T14:59:00.000Z,2026-06-11T14:59:00.000Z,text,3597,3671,,
fragments/2,Ressourcen/Autonomie,cd175d5c0,Verwaltung-3,Demo,2026,Interview Verwaltung-3,ITEMVERW300,ATTAVERW300,Verwaltung-3.txt,4,DEMO0208,highlight,#2ea8e5,t gut abschalten. Ein klarer Aufgabenzuschnitt gibt mir Sicherheit ,,,#Ressourcen/Autonomie,bob,2026-06-15T03:11:00.000Z,2026-06-11T17:57:00.000Z,2026-06-11T17:57:00.000Z,text,5373,5440,,
fragments/2,Ressourcen/Autonomie,cd175d5c0,Verwaltung-4,Demo,2026,Interview Verwaltung-4,ITEMVERW400,ATTAVERW400,Verwaltung-4.txt,1,DEMO0210,highlight,#2ea8e5,"treiken, steht plötzlich der ganze Betrieb still. Emotional belastet mich die Arbeit selten, das ist ein Vorteil diese",,,#Ressourcen/Autonomie|#Ressourcen/Anerkennung,ann,2026-06-13T09:52:00.000Z,2026-06-11T21:24:00.000Z,2026-06-11T21:24:00.000Z,text,247,365,,
fragments/2,Ressourcen/Autonomie,cd175d5c0,Verwaltung-4,Demo,2026,Interview Verwaltung-4,ITEMVERW400,ATTAVERW400,Verwaltung-4.txt,1,DEMO0211,highlight,#2ea8e5,"ne Arbeit überhaupt gesehen wird. Ich mache regelmäßig Sport, um den Rücken vom vielen Sitzen zu entlasten. Das Team in der Verwaltung ist kleiner, aber w",,,#Ressourcen/Autonomie,bob,2026-06-16T16:48:00.000Z,2026-06-11T21:41:00.000Z,2026-06-11T21:41:00.000Z,text,412,566,,
fragments/2,Ressourcen/Autonomie,cd175d5c0,Verwaltung-4,Demo,2026,Interview Verwaltung-4,ITEMVERW400,ATTAVERW400,Verwaltung-4.txt,1,DEMO0214,highlight,#2ea8e5,"Distanz zum unmittelbaren Leid auf den Stationen. Zeitdruck gibt es auch hier, besonders zum Quartalsende bei den Abrechnungen. Im Homeoffice kann ich konzentrierter arbeiten als im o",,,#Ressourcen/Autonomie|#Ressourcen/Team,ann,2026-06-08T17:38:00.000Z,2026-06-11T22:49:00.000Z,2026-06-11T22:49:00.000Z,text,1098,1281,,
fragments/2,Ressourcen/Autonomie,cd175d5c0,Verwaltung-4,Demo,2026,Interview Verwaltung-4,ITEMVERW400,ATTAVERW400,Verwaltung-4.txt,2,DEMO0216,highlight,#2ea8e5," Wenn die IT-Systeme streiken, steht plötzlich der ganze Betrieb still. Emotional belastet mich die Arbeit selten, das ist ein Vorteil dieser Rolle. Manchmal fehlt die Rückmeldung, ob meine",,,#Ressourcen/Autonomie|#Ressourcen/Team,ann,2026-06-21T07:48:00.000Z,2026-06-11T23:31:00.000Z,2026-06-11T23:31:00.000Z,text,1519,1708,,
fragments/2,Ressourcen/Autonomie,cd175d5c0,Verwaltung-4,Demo,2026,Interview Verwaltung-4,ITEMVERW400,ATTAVERW400,Verwaltung-4.txt,2,DEMO0220,highlight,#2ea8e5,"m unmittelbaren Leid auf den Stationen. Zeitdruck gibt es auch hier, besonders zum Quartalsende bei den Abrechnungen. Im Homeoffice kann ich konzentrierter arbeiten als im offenen ",,,#Ressourcen/Autonomie|#Ressourcen/Team,ann,2026-06-13T03:05:00.000Z,2026-06-12T01:00:00.000Z,2026-06-12T01:00:00.000Z,text,2402,2582,,
fragments/2,Ressourcen/Autonomie,cd175d5c0,Verwaltung-4,Demo,2026,Interview Verwaltung-4,ITEMVERW400,ATTAVERW400,Verwaltung-4.txt,2,DEMO0221,highlight,#2ea8e5,"nchmal zäh, die Prioritäten unterscheiden sich. Nach Feierabend",,,#Ressourcen/Autonomie|#Ressourcen/Team,ann,2026-06-12T22:09:00.000Z,2026-06-12T01:22:00.000Z,2026-06-12T01:22:00.000Z,text,2627,2690,,
fragments/2,Ressourcen/Autonomie,cd175d5c0,Verwaltung-4,Demo,2026,Interview Verwaltung-4,ITEMVERW400,ATTAVERW400,Verwaltung-4.txt,2,DEMO0223,highlight,#2ea8e5,"t selten, das ist ein Vorteil dieser Rolle. Manchmal fehlt die Rückmeldung, ob meine Arbeit überhaupt gesehen wird. Ich mache regelmäßig Sport, um den Rücken vom vielen Sitzen zu entlasten",,,#Ressourcen/Autonomie,bob,2026-06-14T05:36:00.000Z,2026-06-12T01:51:00.000Z,2026-06-12T01:51:00.000Z,text,2918,3106,,
fragments/2,Ressourcen/Autonomie,cd175d5c0,Verwaltung-4,Demo,2026,Interview Verwaltung-4,ITEMVERW400,ATTAVERW400,Verwaltung-4.txt,3,DEMO0225,highlight,#2ea8e5," für mich das Wichtigste. In der Verwaltung habe ich mehr Freiheit, meine Aufgaben selbst ei",,,#Ressourcen/Autonomie,bob,2026-06-13T10:29:00.000Z,2026-06-12T02:29:00.000Z,2026-06-12T02:29:00.000Z,text,3294,3386,,
fragments/2,Ressourcen/Autonomie,cd175d5c0,Verwaltung-4,Demo,2026,Interview Verwaltung-4,ITEMVERW400,ATTAVERW400,Verwaltung-4.txt,3,DEMO0230,highlight,#2ea8e5,"heit und ein Gefühl von Autonomie. Wenn die IT-Systeme streiken, steht plötzlich der ganze Betrieb still. Em",,,#Ressourcen/Autonomie|#Ressourcen/Team,ann,2026-06-12T18:27:00.000Z,2026-06-12T03:47:00.000Z,2026-06-12T03:47:00.000Z,text,4073,4181,,
fragments/2,Ressourcen/Team,cbe124367,Station-1,Demo,2026,Interview Station-1,ITEMSTAT100,ATTASTAT100,Station-1.txt,1,DEMO0004,highlight,#2ea8e5,"lten Zeit. Anerkennung von oben gibt es kaum, ein ehrliches Danke hört man selten. Die Dokumentation frisst",,,#Ressourcen/Team|#Ressourcen/Anerkennung,ann,2026-06-12T06:07:00.000Z,2026-06-08T10:14:00.000Z,2026-06-08T10:14:00.000Z,text,747,854,,
fragments/2,Ressourcen/Team,cbe124367,Station-1,Demo,2026,Interview Station-1,ITEMSTAT100,ATTASTAT100,Station-1.txt,4,DEMO0025,highlight,#2ea8e5," gehe ich oft joggen, um den Kopf wieder freizubekommen. Man muss lernen, eine gewisse Distanz zu wahren, sonst brennt man irgendwann aus. Die Person",,,#Ressourcen/Team|#Belastung/emotional,bob,2026-06-14T22:15:00.000Z,2026-06-08T17:19:00.000Z,2026-06-08T17:19:00.000Z,text,4996,5145,,
fragments/2,Ressourcen/Team,cbe124367,Station-1,Demo,2026,Interview Station-1,ITEMSTAT100,ATTASTAT100,Station-1.txt,4,DEMO0028,highlight,#2ea8e5,"enten. Wenn drei Klingeln gleichzeitig gehen, muss man Prioritäten setzen, und das zehrt an den Nerven. Körperlich ist die Arbeit hart, das ständige Heben und Umlagern spürt man abends in jedem Knochen. Emotional nimmt ",,,#Ressourcen/Autonomie|#Ressourcen/Team,bob,2026-06-18T17:31:00.000Z,2026-06-08T18:02:00.000Z,2026-06-08T18:02:00.000Z,text,5421,5640,,
fragments/2,Ressourcen/Team,cbe124367,Station-2,Demo,2026,Interview Station-2,ITEMSTAT200,ATTASTAT200,Station-2.txt,1,DEMO0034,highlight,#2ea8e5," wieder freizubekommen. Man muss lernen, eine gewisse Distanz zu wahren, sonst",,,#Ressourcen/Team,ann,2026-06-13T07:24:00.000Z,2026-06-08T22:33:00.000Z,2026-06-08T22:33:00.000Z,text,936,1014,,
fragments/2,Ressourcen/Team,cbe124367,Station-2,Demo,2026,Interview Station-2,ITEMSTAT200,ATTASTAT200,Station-2.txt,1,DEMO0036,highlight,#2ea8e5,"rbeit gern, der Kontakt zu den Menschen trägt mich. Der Zeitdr",,,#Ressourcen/Team|#Belastung/emotional,bob,2026-06-16T21:07:00.000Z,2026-06-08T22:59:00.000Z,2026-06-08T22:59:00.000Z,text,1195,1257,,
fragments/2,Ressourcen/Team,cbe124367,Station-2,Demo,2026,Interview Station-2,ITEMSTAT200,ATTASTAT200,Station-2.txt,2,DEMO0045,highlight,#2ea8e5,"eit hart, das ständige Heben und Umlagern spürt man abends in jedem Knochen. Emotional nimmt man vieles mit ",,,#Ressourcen/Team|#Ressourcen/Anerkennung|#Belastung/emotional,ann,2026-06-16T13:43:00.000Z,2026-06-09T01:38:00.000Z,2026-06-09T01:38:00.000Z,text,2789,2897,,
fragments/2,Ressourcen/Team,cbe124367,Station-2,Demo,2026,Interview Station-2,ITEMSTAT200,ATTASTAT200,Station-2.txt,3,DEMO0047,highlight,#2ea8e5,"algenhumor, sonst würde man an manchen Tagen verzweifeln. Wir lachen viel zusammen im Dienstzimmer, das ist unser Ventil. Die Pausen fallen regelmäßig aus, für einen Kaffee bleibt selte",,,#Ressourcen/Team|#Ressourcen/Anerkennung,bob,2026-06-17T09:27:00.000Z,2026-06-09T02:14:00.000Z,2026-06-09T02:14:00.000Z,text,3147,3332,,
fragments/2,Ressourcen/Team,cbe124367,Station-2,Demo,2026,Interview Station-2,ITEMSTAT200,ATTASTAT200,Station-2.txt,3,DEMO0053,highlight,#2ea8e5,"ürde ich das nicht schaffen, wir fangen uns gegenseitig auf. Meine Kolleginnen springen ein, wenn ich nicht mehr kann, das gibt mir Halt. Manchmal hilft nur Galgenhumor, sonst würde man an manc",,,#Ressourcen/Team,ann,2026-06-17T13:46:00.000Z,2026-06-09T04:12:00.000Z,2026-06-09T04:12:00.000Z,text,4324,4517,,
fragments/2,Ressourcen/Team,cbe124367,Station-2,Demo,2026,Interview Station-2,ITEMSTAT200,ATTASTAT200,Station-2.txt,4,DEMO0055,highlight,#2ea8e5," selten. Die Dokumentation frisst Zeit, die eigentlich den Patienten gehören sollte. Die Nachtdienste bringen meinen Schlafrhythmus völlig durcheinander. Nach der Schicht gehe ich oft joggen",,,#Ressourcen/Team|#Belastung/emotional,ann,2026-06-16T12:29:00.000Z,2026-06-09T04:53:00.000Z,2026-06-09T04:53:00.000Z,text,4738,4928,,
fragments/2,Ressourcen/Team,cbe124367,Station-3,Demo,2026,Interview Station-3,ITEMSTAT300,ATTASTAT300,Station-3.txt,1,DEMO0061,highlight,#2ea8e5,"zu dünn, wir arbeiten dauerhaft am Limit. Fällt eine Kollegin aus, wird es sofort eng für alle anderen. Trotz allem mache ich die Arbeit gern, der Kontakt zu den Menschen trägt mich. Der Zeitdruck auf der Statio",,,#Ressourcen/Team|#Belastung/emotional,bob,2026-06-20T04:40:00.000Z,2026-06-09T10:36:00.000Z,2026-06-09T10:36:00.000Z,text,967,1178,,
fragments/2,Ressourcen/Team,cbe124367,Station-3,Demo,2026,Interview Station-3,ITEMSTAT300,ATTASTAT300,Station-3.txt,2,DEMO0065,highlight,#2ea8e5,"ich nicht mehr kann, das gibt mir Halt. Manchmal hilft nur Galgenhumor, sonst würde man an manchen Tagen verzweifeln. Wir lachen viel zusammen im Dienstzimmer, das ist unser ",,,#Ressourcen/Team|#Ressourcen/Autonomie|#Belastung/emotional,ann,2026-06-12T11:03:00.000Z,2026-06-09T11:45:00.000Z,2026-06-09T11:45:00.000Z,text,1655,1829,,
fragments/2,Ressourcen/Team,cbe124367,Station-3,Demo,2026,Interview Station-3,ITEMSTAT300,ATTASTAT300,Station-3.txt,2,DEMO0070,highlight,#2ea8e5,"ist die Arbeit hart, das ständige Heben und Umlagern spürt man abends in jedem Knochen. Emotional nimmt man vieles mit nach Hause, gerade wenn ein Patient verst",,,#Ressourcen/Team,bob,2026-06-17T14:23:00.000Z,2026-06-09T13:28:00.000Z,2026-06-09T13:28:00.000Z,text,2681,2841,,
fragments/2,Ressourcen/Team,cbe124367,Station-3,Demo,2026,Interview Station-3,ITEMSTAT300,ATTASTAT300,Station-3.txt,2,DEMO0071,highlight,#2ea8e5,"chaffen, wir fangen uns gegenseitig auf. Meine Kolleginnen springen ein, wenn ich nicht mehr kann, das gibt mir Halt. Manchmal hilf",,,#Ressourcen/Team,ann,2026-06-12T14:45:00.000Z,2026-06-09T13:51:00.000Z,2026-06-09T13:51:00.000Z,text,2912,3043,,
fragments/2,Ressourcen/Team,cbe124367,Station-3,Demo,2026,Interview Station-3,ITEMSTAT300,ATTASTAT300,Station-3.txt,3,DEMO0075,highlight,#2ea8e5,"der freizubekommen. Man muss lernen, eine gewisse Distanz zu wahren, sonst brennt man irgendwann aus. Die Personaldecke ist zu dünn, wir arbeiten dauerhaft ",,,#Ressourcen/Team,ann,2026-06-18T06:25:00.000Z,2026-06-09T14:51:00.000Z,2026-06-09T14:51:00.000Z,text,3513,3669,,
fragments/2,Ressourcen/Team,cbe124367,Station-3,Demo,2026,Interview Station-3,ITEMSTAT300,ATTASTAT300,Station-3.txt,4,DEMO0082,highlight,#2ea8e5,"ythmus völlig durcheinander. Nach der Schicht gehe ich oft joggen, um den Kopf wieder freizubekommen. Man muss lernen, eine gewisse Distan",,,#Ressourcen/Team|#Ressourcen/Anerkennung,ann,2026-06-15T08:44:00.000Z,2026-06-09T16:56:00.000Z,2026-06-09T16:56:00.000Z,text,4766,4904,,
fragments/2,Ressourcen/Team,cbe124367,Station-4,Demo,2026,Interview Station-4,ITEMSTAT400,ATTASTAT400,Station-4.txt,1,DEMO0092,highlight,#2ea8e5,"hen, muss man Prioritäten setzen, und das zehrt an den Nerven. Körperlich ist",,,#Ressourcen/Team|#Belastung/emotional,ann,2026-06-16T17:25:00.000Z,2026-06-09T22:57:00.000Z,2026-06-09T22:57:00.000Z,text,1173,1250,,
fragments/2,Ressourcen/Team,cbe124367,Station-4,Demo,2026,Interview Station-4,ITEMSTAT400,ATTASTAT400,Station-4.txt,2,DEMO0097,highlight,#2ea8e5,"kommen. Man muss lernen, eine gewisse Distanz zu wahren, sonst brennt man irgendw",,,#Ressourcen/Team|#Ressourcen/Autonomie,ann,2026-06-10T21:26:00.000Z,2026-06-10T00:29:00.000Z,2026-06-10T00:29:00.000Z,text,2091,2172,,
fragments/2,Ressourcen/Team,cbe124367,Station-4,Demo,2026,Interview Station-4,ITEMSTAT400,ATTASTAT400,Station-4.txt,2,DEMO0098,highlight,#2ea8e5,". Fällt eine Kollegin aus, wird es sofort eng für alle anderen. Trotz allem mache ich die Arbeit gern, der Kontakt zu den Menschen trägt mich. Der Zeitdruck auf der Station ist enorm, oft fehlt schlicht die ",,,#Ressourcen/Team|#Ressourcen/Autonomie|#Belastung/emotional,bob,2026-06-14T14:51:00.000Z,2026-06-10T00:44:00.000Z,2026-06-10T00:44:00.000Z,text,2243,2450,,
fragments/2,Ressourcen/Team,cbe124367,Station-4,Demo,2026,Interview Station-4,ITEMSTAT400,ATTASTAT400,Station-4.txt,3,DEMO0102,highlight,#2ea8e5," für einen Kaffee bleibt selten Zeit. Anerkennung von oben gibt es kaum, ein ehrliches Danke hört man selten. Die Dokumentation frisst Zeit, die eigentl",,,#Ressourcen/Team|#Belastung/emotional,ann,2026-06-16T14:20:00.000Z,2026-06-10T02:10:00.000Z,2026-06-10T02:10:00.000Z,text,3106,3258,,
fragments/2,Ressourcen/Team,cbe124367,Station-4,Demo,2026,Interview Station-4,ITEMSTAT400,ATTASTAT400,Station-4.txt,4,DEMO0114,highlight,#2ea8e5,". Ohne das Team würde ich das nicht schaffen, wir fangen uns gegenseitig auf. Meine Kolleginnen springen ein, wenn ich nicht mehr kann, das gibt mir Halt. Manchmal hilft nur Galgenhumor, sonst würde",,,#Ressourcen/Team|#Belastung/emotional,ann,2026-06-19T23:44:00.000Z,2026-06-10T06:04:00.000Z,2026-06-10T06:04:00.000Z,text,5446,5644,,
fragments/2,Ressourcen/Team,cbe124367,Verwaltung-1,Demo,2026,Interview Verwaltung-1,ITEMVERW100,ATTAVERW100,Verwaltung-1.txt,1,DEMO0122,highlight,#2ea8e5,"ie Vorgänge bearbeite. Die Bürokratie nimmt zu, für jede Kleinigkeit braucht es inzwischen ein Formular. Anerkennung bekomme ich eher über konkretes Feedback zu abgeschlossenen Projekten. Der Sc",,,#Ressourcen/Team|#Belastung/emotional,ann,2026-06-16T16:11:00.000Z,2026-06-10T10:50:00.000Z,2026-06-10T10:50:00.000Z,text,1106,1300,,
fragments/2,Ressourcen/Team,cbe124367,Verwaltung-1,Demo,2026,Interview Verwaltung-1,ITEMVERW100,ATTAVERW100,Verwaltung-1.txt,4,DEMO0142,highlight,#2ea8e5,"n der Verwaltung habe ich mehr Freiheit, meine Aufgaben selbst einzuteilen. Ich kann eigenständig entscheiden, in welcher Reihenfolge ich die Vorgänge bearbeite. Die Bürokratie nimmt zu, für jede ",,,#Ressourcen/Autonomie|#Ressourcen/Anerkennung|#Ressourcen/Team,bob,2026-06-09T11:31:00.000Z,2026-06-10T17:04:00.000Z,2026-06-10T17:04:00.000Z,text,4849,5045,,
fragments/2,Ressourcen/Team,cbe124367,Verwaltung-1,Demo,2026,Interview Verwaltung-1,ITEMVERW100,ATTAVERW100,Verwaltung-1.txt,4,DEMO0144,highlight,#2ea8e5," Im Homeoffice kann ich konzentrierter arbeiten als im offenen Büro. Die Abstimmung mit den Stationen ist manchmal zäh, die Prioritäten unterscheiden sich. Nach Feierabend lässt sich die",,,#Ressourcen/Autonomie|#Ressourcen/Team,bob,2026-06-15T00:06:00.000Z,2026-06-10T17:54:00.000Z,2026-06-10T17:54:00.000Z,text,5341,5527,,
fragments/2,Ressourcen/Team,cbe124367,Verwaltung-2,Demo,2026,Interview Verwaltung-2,ITEMVERW200,ATTAVERW200,Verwaltung-2.txt,3,DEMO0165,highlight,#2ea8e5,b. Die vielen Meetings verschlingen einen großen Teil des Arbeitstages. Die Selbst,,,#Ressourcen/Team|#Ressourcen/Autonomie|#Belastung/emotional,ann,2026-06-12T09:12:00.000Z,2026-06-11T02:32:00.000Z,2026-06-11T02:32:00.000Z,text,3320,3402,,
fragments/2,Ressourcen/Team,cbe124367,Verwaltung-2,Demo,2026,Interview Verwaltung-2,ITEMVERW200,ATTAVERW200,Verwaltung-2.txt,4,DEMO0175,highlight,#2ea8e5,en. Im Homeoffice kann ich konzentrierter arbeiten als im offenen Büro. Die Abstimmung mit den S,,,#Ressourcen/Team|#Ressourcen/Anerkennung|#Belastung/emotional,ann,2026-06-16T11:15:00.000Z,2026-06-11T05:45:00.000Z,2026-06-11T05:45:00.000Z,text,5250,5346,,
fragments/2,Ressourcen/Team,cbe124367,Verwaltung-3,Demo,2026,Interview Verwaltung-3,ITEMVERW300,ATTAVERW300,Verwaltung-3.txt,1,DEMO0187,highlight,#2ea8e5,en unterscheiden sich. Nach Feierabend lässt sich die Arbeit meist gut abschalten. Ein klarer Aufgabenzuschnitt gibt mir Sicherheit und ein Gefühl von Autonomie. Wenn die IT-,,,#Ressourcen/Team|#Ressourcen/Autonomie,ann,2026-06-10T22:40:00.000Z,2026-06-11T11:22:00.000Z,2026-06-11T11:22:00.000Z,text,1426,1600,,
fragments/2,Ressourcen/Team,cbe124367,Verwaltung-3,Demo,2026,Interview Verwaltung-3,ITEMVERW300,ATTAVERW300,Verwaltung-3.txt,2,DEMO0192,highlight,#2ea8e5,"tanz zum unmittelbaren Leid auf den Stationen. Zeitdruck gibt es auch hier,",,,#Ressourcen/Team,ann,2026-06-21T08:25:00.000Z,2026-06-11T13:06:00.000Z,2026-06-11T13:06:00.000Z,text,2463,2538,,
fragments/2,Ressourcen/Team,cbe124367,Verwaltung-3,Demo,2026,Interview Verwaltung-3,ITEMVERW300,ATTAVERW300,Verwaltung-3.txt,2,DEMO0193,highlight,#2ea8e5,en Abrechnungen. Im Homeoffice kann ich konzentrierter arbeiten als im offe,,,#Ressourcen/Team,bob,2026-06-18T11:21:00.000Z,2026-06-11T13:17:00.000Z,2026-06-11T13:17:00.000Z,text,2571,2646,,
fragments/2,Ressourcen/Team,cbe124367,Verwaltung-3,Demo,2026,Interview Verwaltung-3,ITEMVERW300,ATTAVERW300,Verwaltung-3.txt,3,DEMO0196,highlight,#2ea8e5,"ng, ob meine Arbeit überhaupt gesehen wird. Ich mache regelmäßig Sport,",,,#Ressourcen/Autonomie|#Ressourcen/Team,bob,2026-06-20T13:55:00.000Z,2026-06-11T14:05:00.000Z,2026-06-11T14:05:00.000Z,text,3058,3129,,
fragments/2,Ressourcen/Team,cbe124367,Verwaltung-3,Demo,2026,Interview Verwaltung-3,ITEMVERW300,ATTAVERW300,Verwaltung-3.txt,3,DEMO0198,highlight,#2ea8e5,"abenplanung ist für mich das Wichtigste. In der Verwaltung habe ich mehr Freiheit, meine Aufgaben selbst einzuteilen. Ich kann eigenständig entscheiden, in welcher Reihenfolge ich die Vorgänge bearbeite. Die Bürokratie ",,,#Ressourcen/Team|#Belastung/emotional,ann,2026-06-11T07:18:00.000Z,2026-06-11T14:34:00.000Z,2026-06-11T14:34:00.000Z,text,3347,3566,,
fragments/2,Ressourcen/Team,cbe124367,Verwaltung-3,Demo,2026,Interview Verwaltung-3,ITEMVERW300,ATTAVERW300,Verwaltung-3.txt,3,DEMO0202,highlight,#2ea8e5,"et mich die Arbeit selten, das ist ein Vorteil dieser Rolle. Manchmal fehlt die Rückmeldung, ob meine Arbeit überhaupt gesehen wird. Ich mach",,,#Ressourcen/Team|#Belastung/emotional,bob,2026-06-18T13:49:00.000Z,2026-06-11T16:06:00.000Z,2026-06-11T16:06:00.000Z,text,4263,4404,,
fragments/2,Ressourcen/Team,cbe124367,Verwaltung-4,Demo,2026,Interview Verwaltung-4,ITEMVERW400,ATTAVERW400,Verwaltung-4.txt,1,DEMO0209,highlight,#2ea8e5," manchmal zäh, die Prioritäten unterscheiden sich. Nach Feierabend lässt sich die Arbeit meist gut abschalten. Ein klarer Aufgabenzuschnitt gibt mir Sicherheit und ",,,#Ressourcen/Team,bob,2026-06-17T04:31:00.000Z,2026-06-11T21:03:00.000Z,2026-06-11T21:03:00.000Z,text,36,200,,
fragments/2,Ressourcen/Team,cbe124367,Verwaltung-4,Demo,2026,Interview Verwaltung-4,ITEMVERW400,ATTAVERW400,Verwaltung-4.txt,1,DEMO0213,highlight,#2ea8e5," die Vorgänge bearbeite. Die Bürokratie nimmt zu, für jede Kleinigkeit braucht es inzwischen ein Formular. Anerkennung bekomme ich eher über konkretes Feedback zu abgeschlossenen Projekte",,,#Ressourcen/Anerkennung|#Ressourcen/Team,bob,2026-06-10T14:39:00.000Z,2026-06-11T22:27:00.000Z,2026-06-11T22:27:00.000Z,text,870,1057,,
fragments/2,Ressourcen/Team,cbe124367,Verwaltung-4,Demo,2026,Interview Verwaltung-4,ITEMVERW400,ATTAVERW400,Verwaltung-4.txt,1,DEMO0214,highlight,#2ea8e5,"Distanz zum unmittelbaren Leid auf den Stationen. Zeitdruck gibt es auch hier, besonders zum Quartalsende bei den Abrechnungen. Im Homeoffice kann ich konzentrierter arbeiten als im o",,,#Ressourcen/Autonomie|#Ressourcen/Team,bob,2026-06-17T05:45:00.000Z,2026-06-11T22:49:00.000Z,2026-06-11T22:49:00.000Z,text,1098,1281,,
fragments/2,Ressourcen/Team,cbe124367,Verwaltung-4,Demo,2026,Interview Verwaltung-4,ITEMVERW400,ATTAVERW400,Verwaltung-4.txt,1,DEMO0215,highlight,#2ea8e5,"t manchmal zäh, die Prioritäten unterscheiden sich. Nach Feierabend lässt sich die Arbeit meist gut abschalten. Ein k",,,#Ressourcen/Team,bob,2026-06-21T01:38:00.000Z,2026-06-11T23:12:00.000Z,2026-06-11T23:12:00.000Z,text,1329,1446,,
fragments/2,Ressourcen/Team,cbe124367,Verwaltung-4,Demo,2026,Interview Verwaltung-4,ITEMVERW400,ATTAVERW400,Verwaltung-4.txt,2,DEMO0216,highlight,#2ea8e5," Wenn die IT-Systeme streiken, steht plötzlich der ganze Betrieb still. Emotional belastet mich die Arbeit selten, das ist ein Vorteil dieser Rolle. Manchmal fehlt die Rückmeldung, ob meine",,,#Ressourcen/Autonomie|#Ressourcen/Team,bob,2026-06-13T20:21:00.000Z,2026-06-11T23:31:00.000Z,2026-06-11T23:31:00.000Z,text,1519,1708,,
fragments/2,Ressourcen/Team,cbe124367,Verwaltung-4,Demo,2026,Interview Verwaltung-4,ITEMVERW400,ATTAVERW400,Verwaltung-4.txt,2,DEMO0219,highlight,#2ea8e5,"welcher Reihenfolge ich die Vorgänge bearbeite. Die Bürokratie nimmt zu, für jede Kleinigkeit braucht es inzwischen ein Formular. Anerkennung bekomme ich eher über konkretes Feedback zu ab",,,#Ressourcen/Team|#Belastung/emotional,bob,2026-06-18T19:22:00.000Z,2026-06-12T00:34:00.000Z,2026-06-12T00:34:00.000Z,text,2141,2329,,
fragments/2,Ressourcen/Team,cbe124367,Verwaltung-4,Demo,2026,Interview Verwaltung-4,ITEMVERW400,ATTAVERW400,Verwaltung-4.txt,2,DEMO0220,highlight,#2ea8e5,"m unmittelbaren Leid auf den Stationen. Zeitdruck gibt es auch hier, besonders zum Quartalsende bei den Abrechnungen. Im Homeoffice kann ich konzentrierter arbeiten als im offenen ",,,#Ressourcen/Autonomie|#Ressourcen/Team,bob,2026-06-16T22:21:00.000Z,2026-06-12T01:00:00.000Z,2026-06-12T01:00:00.000Z,text,2402,2582,,
fragments/2,Ressourcen/Team,cbe124367,Verwaltung-4,Demo,2026,Interview Verwaltung-4,ITEMVERW400,ATTAVERW400,Verwaltung-4.txt,2,DEMO0221,highlight,#2ea8e5,"nchmal zäh, die Prioritäten unterscheiden sich. Nach Feierabend",,,#Ressourcen/Autonomie|#Ressourcen/Team,ann,2026-06-10T07:52:00.000Z,2026-06-12T01:22:00.000Z,2026-06-12T01:22:00.000Z,text,2627,2690,,
fragments/2,Ressourcen/Team,cbe124367,Verwaltung-4,Demo,2026,Interview Verwaltung-4,ITEMVERW400,ATTAVERW400,Verwaltung-4.txt,3,DEMO0230,highlight,#2ea8e5,"heit und ein Gefühl von Autonomie. Wenn die IT-Systeme streiken, steht plötzlich der ganze Betrieb still. Em",,,#Ressourcen/Autonomie|#Ressourcen/Team,bob,2026-06-11T22:06:00.000Z,2026-06-12T03:47:00.000Z,2026-06-12T03:47:00.000Z,text,4073,4181,,
fragments/2,Ressourcen/Team,cbe124367,Verwaltung-4,Demo,2026,Interview Verwaltung-4,ITEMVERW400,ATTAVERW400,Verwaltung-4.txt,4,DEMO0236,highlight,#2ea8e5,"eiten als im offenen Büro. Die Abstimmung mit den Stationen ist manchmal zäh, die Prioritäten unterscheiden sich. Nach Feierabend lässt sich die Arbeit meist ",,,#Ressourcen/Team,bob,2026-06-17T18:42:00.000Z,2026-06-12T05:34:00.000Z,2026-06-12T05:34:00.000Z,text,5149,5307,,
