zotqdaFormat,code,codeId,citekey,creator,year,title,itemKey,attachmentKey,attachmentTitle,pageLabel,annotationKey,annotationType,color,text,comment,weight,allTags,codedBy,codedAt,dateAdded,dateModified,positionKind,positionStart,positionEnd,positionPage,positionRects
fragments/1,Ressourcen/Team,cbe124367,Station-1,Demo,2026,Interview Station-1,ITEMSTAT100,ATTASTAT100,Station-1.txt,1,DEMO0001,highlight,#2ea8e5,Auszug 0001,,1,#Code Ressourcen/Team,ann,2026-06-08T09:03:00.000Z,2026-06-08T09:03:00.000Z,2026-06-08T09:03:00.000Z,text,34,119,,
fragments/1,Belastung/körperlich,c4d31cf9b,Station-1,Demo,2026,Interview Station-1,ITEMSTAT100,ATTASTAT100,Station-1.txt,1,DEMO0002,highlight,#ff6666,Auszug 0002,,1,#Code Belastung/körperlich,ann,2026-06-08T09:18:00.000Z,2026-06-08T09:18:00.000Z,2026-06-08T09:18:00.000Z,text,182,245,,
fragments/1,Belastung/körperlich,c4d31cf9b,Station-1,Demo,2026,Interview Station-1,ITEMSTAT100,ATTASTAT100,Station-1.txt,1,DEMO0002,highlight,#ff6666,Auszug 0002,,1,#Code Belastung/körperlich,bob,2026-06-08T09:18:00.000Z,2026-06-08T09:18:00.000Z,2026-06-08T09:18:00.000Z,text,182,245,,
fragments/1,Ressourcen/Anerkennung,cf30ac49f,Station-1,Demo,2026,Interview Station-1,ITEMSTAT100,ATTASTAT100,Station-1.txt,1,DEMO0003,highlight,#2ea8e5,Auszug 0003,,1,#Code Ressourcen/Anerkennung,ann,2026-06-08T09:29:00.000Z,2026-06-08T09:29:00.000Z,2026-06-08T09:29:00.000Z,text,295,506,,
fragments/1,Ressourcen/Anerkennung,cf30ac49f,Station-1,Demo,2026,Interview Station-1,ITEMSTAT100,ATTASTAT100,Station-1.txt,1,DEMO0003,highlight,#2ea8e5,Auszug 0003,,1,#Code Ressourcen/Anerkennung,bob,2026-06-08T09:29:00.000Z,2026-06-08T09:29:00.000Z,2026-06-08T09:29:00.000Z,text,295,506,,
fragments/1,Belastung/Zeitdruck,ca94d6b9f,Station-1,Demo,2026,Interview Station-1,ITEMSTAT100,ATTASTAT100,Station-1.txt,1,DEMO0004,highlight,#ff6666,Auszug 0004,,1,#Code Belastung/Zeitdruck,ann,2026-06-08T09:55:00.000Z,2026-06-08T09:55:00.000Z,2026-06-08T09:55:00.000Z,text,552,726,,
fragments/1,Belastung/Zeitdruck,ca94d6b9f,Station-1,Demo,2026,Interview Station-1,ITEMSTAT100,ATTASTAT100,Station-1.txt,1,DEMO0004,highlight,#ff6666,Auszug 0004,,1,#Code Belastung/Zeitdruck,bob,2026-06-08T09:55:00.000Z,2026-06-08T09:55:00.000Z,2026-06-08T09:55:00.000Z,text,552,726,,
fragments/1,Bewältigung/Distanz,c0bac907c,Station-1,Demo,2026,Interview Station-1,ITEMSTAT100,ATTASTAT100,Station-1.txt,1,DEMO0004,highlight,#5fb236,Auszug 0004,,1,#Code Bewältigung/Distanz,ann,2026-06-08T09:55:00.000Z,2026-06-08T09:55:00.000Z,2026-06-08T09:55:00.000Z,text,552,726,,
fragments/1,Ressourcen/Team,cbe124367,Station-1,Demo,2026,Interview Station-1,ITEMSTAT100,ATTASTAT100,Station-1.txt,1,DEMO0005,highlight,#2ea8e5,Auszug 0005,,1,#Code Ressourcen/Team,ann,2026-06-08T10:19:00.000Z,2026-06-08T10:19:00.000Z,2026-06-08T10:19:00.000Z,text,793,891,,
fragments/1,Ressourcen/Team,cbe124367,Station-1,Demo,2026,Interview Station-1,ITEMSTAT100,ATTASTAT100,Station-1.txt,1,DEMO0005,highlight,#2ea8e5,Auszug 0005,,1,#Code Ressourcen/Team,bob,2026-06-08T10:19:00.000Z,2026-06-08T10:19:00.000Z,2026-06-08T10:19:00.000Z,text,793,891,,
fragments/1,Belastung/emotional,c96c04b3c,Station-1,Demo,2026,Interview Station-1,ITEMSTAT100,ATTASTAT100,Station-1.txt,1,DEMO0005,highlight,#ff6666,Auszug 0005,,1,#Code Belastung/emotional,bob,2026-06-08T10:19:00.000Z,2026-06-08T10:19:00.000Z,2026-06-08T10:19:00.000Z,text,793,891,,
fragments/1,Bewältigung/Humor,cdd0640c6,Station-1,Demo,2026,Interview Station-1,ITEMSTAT100,ATTASTAT100,Station-1.txt,1,DEMO0006,highlight,#5fb236,Auszug 0006,,1,#Code Bewältigung/Humor,ann,2026-06-08T10:31:00.000Z,2026-06-08T10:31:00.000Z,2026-06-08T10:31:00.000Z,text,913,1071,,
fragments/1,Belastung/Zeitdruck,ca94d6b9f,Station-1,Demo,2026,Interview Station-1,ITEMSTAT100,ATTASTAT100,Station-1.txt,1,DEMO0007,highlight,#ff6666,Auszug 0007,,1,#Code Belastung/Zeitdruck,ann,2026-06-08T10:52:00.000Z,2026-06-08T10:52:00.000Z,2026-06-08T10:52:00.000Z,text,1128,1323,,
fragments/1,Belastung/körperlich,c4d31cf9b,Station-1,Demo,2026,Interview Station-1,ITEMSTAT100,ATTASTAT100,Station-1.txt,1,DEMO0007,highlight,#ff6666,Auszug 0007,,1,#Code Belastung/körperlich,bob,2026-06-08T10:52:00.000Z,2026-06-08T10:52:00.000Z,2026-06-08T10:52:00.000Z,text,1128,1323,,
fragments/1,Belastung/emotional,c96c04b3c,Station-1,Demo,2026,Interview Station-1,ITEMSTAT100,ATTASTAT100,Station-1.txt,1,DEMO0008,highlight,#ff6666,Auszug 0008,,1,#Code Belastung/emotional,ann,2026-06-08T11:16:00.000Z,2026-06-08T11:16:00.000Z,2026-06-08T11:16:00.000Z,text,1362,1490,,
fragments/1,Belastung/emotional,c96c04b3c,Station-1,Demo,2026,Interview Station-1,ITEMSTAT100,ATTASTAT100,Station-1.txt,1,DEMO0008,highlight,#ff6666,Auszug 0008,,1,#Code Belastung/emotional,bob,2026-06-08T11:16:00.000Z,2026-06-08T11:16:00.000Z,2026-06-08T11:16:00.000Z,text,1362,1490,,
fragments/1,Ressourcen/Team,cbe124367,Station-1,Demo,2026,Interview Station-1,ITEMSTAT100,ATTASTAT100,Station-1.txt,2,DEMO0009,highlight,#2ea8e5,Auszug 0009,,1,#Code Ressourcen/Team,ann,2026-06-08T11:33:00.000Z,2026-06-08T11:33:00.000Z,2026-06-08T11:33:00.000Z,text,1539,1634,,
fragments/1,Ressourcen/Team,cbe124367,Station-1,Demo,2026,Interview Station-1,ITEMSTAT100,ATTASTAT100,Station-1.txt,2,DEMO0009,highlight,#2ea8e5,Auszug 0009,,1,#Code Ressourcen/Team,bob,2026-06-08T11:33:00.000Z,2026-06-08T11:33:00.000Z,2026-06-08T11:33:00.000Z,text,1539,1634,,
fragments/1,Bewältigung/Humor,cdd0640c6,Station-1,Demo,2026,Interview Station-1,ITEMSTAT100,ATTASTAT100,Station-1.txt,2,DEMO0010,highlight,#5fb236,Auszug 0010,,1,#Code Bewältigung/Humor,ann,2026-06-08T11:50:00.000Z,2026-06-08T11:50:00.000Z,2026-06-08T11:50:00.000Z,text,1706,1878,,
fragments/1,Bewältigung/Humor,cdd0640c6,Station-1,Demo,2026,Interview Station-1,ITEMSTAT100,ATTASTAT100,Station-1.txt,2,DEMO0010,highlight,#5fb236,Auszug 0010,,1,#Code Bewältigung/Humor,bob,2026-06-08T11:50:00.000Z,2026-06-08T11:50:00.000Z,2026-06-08T11:50:00.000Z,text,1706,1878,,
fragments/1,Belastung/Zeitdruck,ca94d6b9f,Station-1,Demo,2026,Interview Station-1,ITEMSTAT100,ATTASTAT100,Station-1.txt,2,DEMO0011,highlight,#ff6666,Auszug 0011,,1,#Code Belastung/Zeitdruck,ann,2026-06-08T12:14:00.000Z,2026-06-08T12:14:00.000Z,2026-06-08T12:14:00.000Z,text,1946,2060,,
fragments/1,Belastung/Zeitdruck,ca94d6b9f,Station-1,Demo,2026,Interview Station-1,ITEMSTAT100,ATTASTAT100,Station-1.txt,2,DEMO0011,highlight,#ff6666,Auszug 0011,,1,#Code Belastung/Zeitdruck,bob,2026-06-08T12:14:00.000Z,2026-06-08T12:14:00.000Z,2026-06-08T12:14:00.000Z,text,1946,2060,,
fragments/1,Belastung/körperlich,c4d31cf9b,Station-1,Demo,2026,Interview Station-1,ITEMSTAT100,ATTASTAT100,Station-1.txt,2,DEMO0012,highlight,#ff6666,Auszug 0012,,1,#Code Belastung/körperlich,ann,2026-06-08T12:30:00.000Z,2026-06-08T12:30:00.000Z,2026-06-08T12:30:00.000Z,text,2102,2172,,
fragments/1,Belastung/körperlich,c4d31cf9b,Station-1,Demo,2026,Interview Station-1,ITEMSTAT100,ATTASTAT100,Station-1.txt,2,DEMO0012,highlight,#ff6666,Auszug 0012,,1,#Code Belastung/körperlich,bob,2026-06-08T12:30:00.000Z,2026-06-08T12:30:00.000Z,2026-06-08T12:30:00.000Z,text,2102,2172,,
fragments/1,Belastung/Zeitdruck,ca94d6b9f,Station-1,Demo,2026,Interview Station-1,ITEMSTAT100,ATTASTAT100,Station-1.txt,2,DEMO0013,highlight,#ff6666,Auszug 0013,,1,#Code Belastung/Zeitdruck,ann,2026-06-08T12:44:00.000Z,2026-06-08T12:44:00.000Z,2026-06-08T12:44:00.000Z,text,2240,2413,,
fragments/1,Bewältigung/Distanz,c0bac907c,Station-1,Demo,2026,Interview Station-1,ITEMSTAT100,ATTASTAT100,Station-1.txt,2,DEMO0013,highlight,#5fb236,Auszug 0013,,1,#Code Bewältigung/Distanz,bob,2026-06-08T12:44:00.000Z,2026-06-08T12:44:00.000Z,2026-06-08T12:44:00.000Z,text,2240,2413,,
fragments/1,Belastung/körperlich,c4d31cf9b,Station-1,Demo,2026,Interview Station-1,ITEMSTAT100,ATTASTAT100,Station-1.txt,2,DEMO0014,highlight,#ff6666,Auszug 0014,,1,#Code Belastung/körperlich,ann,2026-06-08T13:08:00.000Z,2026-06-08T13:08:00.000Z,2026-06-08T13:08:00.000Z,text,2487,2597,,
fragments/1,Belastung/körperlich,c4d31cf9b,Station-1,Demo,2026,Interview Station-1,ITEMSTAT100,ATTASTAT100,Station-1.txt,2,DEMO0014,highlight,#ff6666,Auszug 0014,,1,#Code Belastung/körperlich,bob,2026-06-08T13:08:00.000Z,2026-06-08T13:08:00.000Z,2026-06-08T13:08:00.000Z,text,2487,2597,,
fragments/1,Belastung/emotional,c96c04b3c,Station-1,Demo,2026,Interview Station-1,ITEMSTAT100,ATTASTAT100,Station-1.txt,2,DEMO0015,highlight,#ff6666,Auszug 0015,,1,#Code Belastung/emotional,ann,2026-06-08T13:27:00.000Z,2026-06-08T13:27:00.000Z,2026-06-08T13:27:00.000Z,text,2671,2874,,
fragments/1,Belastung/Zeitdruck,ca94d6b9f,Station-1,Demo,2026,Interview Station-1,ITEMSTAT100,ATTASTAT100,Station-1.txt,2,DEMO0015,highlight,#ff6666,Auszug 0015,,1,#Code Belastung/Zeitdruck,bob,2026-06-08T13:27:00.000Z,2026-06-08T13:27:00.000Z,2026-06-08T13:27:00.000Z,text,2671,2874,,
fragments/1,Bewältigung/Humor,cdd0640c6,Station-1,Demo,2026,Interview Station-1,ITEMSTAT100,ATTASTAT100,Station-1.txt,2,DEMO0015,highlight,#5fb236,Auszug 0015,,1,#Code Bewältigung/Humor,ann,2026-06-08T13:27:00.000Z,2026-06-08T13:27:00.000Z,2026-06-08T13:27:00.000Z,text,2671,2874,,
fragments/1,Belastung/Zeitdruck,ca94d6b9f,Station-1,Demo,2026,Interview Station-1,ITEMSTAT100,ATTASTAT100,Station-1.txt,2,DEMO0016,highlight,#ff6666,Auszug 0016,,1,#Code Belastung/Zeitdruck,ann,2026-06-08T13:54:00.000Z,2026-06-08T13:54:00.000Z,2026-06-08T13:54:00.000Z,text,2940,3001,,
fragments/1,Belastung/Zeitdruck,ca94d6b9f,Station-1,Demo,2026,Interview Station-1,ITEMSTAT100,ATTASTAT100,Station-1.txt,2,DEMO0016,highlight,#ff6666,Auszug 0016,,1,#Code Belastung/Zeitdruck,bob,2026-06-08T13:54:00.000Z,2026-06-08T13:54:00.000Z,2026-06-08T13:54:00.000Z,text,2940,3001,,
fragments/1,Ressourcen/Team,cbe124367,Station-1,Demo,2026,Interview Station-1,ITEMSTAT100,ATTASTAT100,Station-1.txt,3,DEMO0017,highlight,#2ea8e5,Auszug 0017,,1,#Code Ressourcen/Team,ann,2026-06-08T14:05:00.000Z,2026-06-08T14:05:00.000Z,2026-06-08T14:05:00.000Z,text,3054,3171,,
fragments/1,Belastung/emotional,c96c04b3c,Station-1,Demo,2026,Interview Station-1,ITEMSTAT100,ATTASTAT100,Station-1.txt,3,DEMO0017,highlight,#ff6666,Auszug 0017,,1,#Code Belastung/emotional,bob,2026-06-08T14:05:00.000Z,2026-06-08T14:05:00.000Z,2026-06-08T14:05:00.000Z,text,3054,3171,,
fragments/1,Belastung/emotional,c96c04b3c,Station-1,Demo,2026,Interview Station-1,ITEMSTAT100,ATTASTAT100,Station-1.txt,3,DEMO0018,highlight,#ff6666,Auszug 0018,,1,#Code Belastung/emotional,ann,2026-06-08T14:23:00.000Z,2026-06-08T14:23:00.000Z,2026-06-08T14:23:00.000Z,text,3234,3306,,
fragments/1,Belastung/emotional,c96c04b3c,Station-1,Demo,2026,Interview Station-1,ITEMSTAT100,ATTASTAT100,Station-1.txt,3,DEMO0018,highlight,#ff6666,Auszug 0018,,1,#Code Belastung/emotional,bob,2026-06-08T14:23:00.000Z,2026-06-08T14:23:00.000Z,2026-06-08T14:23:00.000Z,text,3234,3306,,
fragments/1,Bewältigung/Sport,c63f43352,Station-1,Demo,2026,Interview Station-1,ITEMSTAT100,ATTASTAT100,Station-1.txt,3,DEMO0019,highlight,#5fb236,Auszug 0019,,1,#Code Bewältigung/Sport,ann,2026-06-08T14:36:00.000Z,2026-06-08T14:36:00.000Z,2026-06-08T14:36:00.000Z,text,3364,3497,,
fragments/1,Bewältigung/Sport,c63f43352,Station-1,Demo,2026,Interview Station-1,ITEMSTAT100,ATTASTAT100,Station-1.txt,3,DEMO0019,highlight,#5fb236,Auszug 0019,,1,#Code Bewältigung/Sport,bob,2026-06-08T14:36:00.000Z,2026-06-08T14:36:00.000Z,2026-06-08T14:36:00.000Z,text,3364,3497,,
fragments/1,Ressourcen/Team,cbe124367,Station-1,Demo,2026,Interview Station-1,ITEMSTAT100,ATTASTAT100,Station-1.txt,3,DEMO0020,highlight,#2ea8e5,Auszug 0020,,1,#Code Ressourcen/Team,ann,2026-06-08T14:53:00.000Z,2026-06-08T14:53:00.000Z,2026-06-08T14:53:00.000Z,text,3537,3677,,
fragments/1,Ressourcen/Team,cbe124367,Station-1,Demo,2026,Interview Station-1,ITEMSTAT100,ATTASTAT100,Station-1.txt,3,DEMO0020,highlight,#2ea8e5,Auszug 0020,,1,#Code Ressourcen/Team,bob,2026-06-08T14:53:00.000Z,2026-06-08T14:53:00.000Z,2026-06-08T14:53:00.000Z,text,3537,3677,,
fragments/1,Belastung/emotional,c96c04b3c,Station-1,Demo,2026,Interview Station-1,ITEMSTAT100,ATTASTAT100,Station-1.txt,3,DEMO0020,highlight,#ff6666,Auszug 0020,,1,#Code Belastung/emotional,bob,2026-06-08T14:53:00.000Z,2026-06-08T14:53:00.000Z,2026-06-08T14:53:00.000Z,text,3537,3677,,
fragments/1,Belastung/emotional,c96c04b3c,Station-1,Demo,2026,Interview Station-1,ITEMSTAT100,ATTASTAT100,Station-1.txt,3,DEMO0021,highlight,#ff6666,Auszug 0021,,1,#Code Belastung/emotional,ann,2026-06-08T15:10:00.000Z,2026-06-08T15:10:00.000Z,2026-06-08T15:10:00.000Z,text,3707,3881,,
fragments/1,Belastung/emotional,c96c04b3c,Station-1,Demo,2026,Interview Station-1,ITEMSTAT100,ATTASTAT100,Station-1.txt,3,DEMO0021,highlight,#ff6666,Auszug 0021,,1,#Code Belastung/emotional,bob,2026-06-08T15:10:00.000Z,2026-06-08T15:10:00.000Z,2026-06-08T15:10:00.000Z,text,3707,3881,,
fragments/1,Belastung/emotional,c96c04b3c,Station-1,Demo,2026,Interview Station-1,ITEMSTAT100,ATTASTAT100,Station-1.txt,3,DEMO0022,highlight,#ff6666,Auszug 0022,,1,#Code Belastung/emotional,ann,2026-06-08T15:31:00.000Z,2026-06-08T15:31:00.000Z,2026-06-08T15:31:00.000Z,text,3914,4130,,
fragments/1,Belastung/emotional,c96c04b3c,Station-1,Demo,2026,Interview Station-1,ITEMSTAT100,ATTASTAT100,Station-1.txt,3,DEMO0022,highlight,#ff6666,Auszug 0022,,1,#Code Belastung/emotional,bob,2026-06-08T15:31:00.000Z,2026-06-08T15:31:00.000Z,2026-06-08T15:31:00.000Z,text,3914,4130,,
fragments/1,Bewältigung/Humor,cdd0640c6,Station-1,Demo,2026,Interview Station-1,ITEMSTAT100,ATTASTAT100,Station-1.txt,3,DEMO0022,highlight,#5fb236,Auszug 0022,,1,#Code Bewältigung/Humor,ann,2026-06-08T15:31:00.000Z,2026-06-08T15:31:00.000Z,2026-06-08T15:31:00.000Z,text,3914,4130,,
fragments/1,Belastung/Zeitdruck,ca94d6b9f,Station-1,Demo,2026,Interview Station-1,ITEMSTAT100,ATTASTAT100,Station-1.txt,3,DEMO0023,highlight,#ff6666,Auszug 0023,,1,#Code Belastung/Zeitdruck,ann,2026-06-08T15:57:00.000Z,2026-06-08T15:57:00.000Z,2026-06-08T15:57:00.000Z,text,4175,4336,,
fragments/1,Belastung/Zeitdruck,ca94d6b9f,Station-1,Demo,2026,Interview Station-1,ITEMSTAT100,ATTASTAT100,Station-1.txt,3,DEMO0023,highlight,#ff6666,Auszug 0023,,1,#Code Belastung/Zeitdruck,bob,2026-06-08T15:57:00.000Z,2026-06-08T15:57:00.000Z,2026-06-08T15:57:00.000Z,text,4175,4336,,
fragments/1,Belastung/Zeitdruck,ca94d6b9f,Station-1,Demo,2026,Interview Station-1,ITEMSTAT100,ATTASTAT100,Station-1.txt,3,DEMO0024,highlight,#ff6666,Auszug 0024,,1,#Code Belastung/Zeitdruck,ann,2026-06-08T16:18:00.000Z,2026-06-08T16:18:00.000Z,2026-06-08T16:18:00.000Z,text,4383,4561,,
fragments/1,Belastung/Zeitdruck,ca94d6b9f,Station-1,Demo,2026,Interview Station-1,ITEMSTAT100,ATTASTAT100,Station-1.txt,3,DEMO0024,highlight,#ff6666,Auszug 0024,,1,#Code Belastung/Zeitdruck,bob,2026-06-08T16:18:00.000Z,2026-06-08T16:18:00.000Z,2026-06-08T16:18:00.000Z,text,4383,4561,,
fragments/1,Belastung/körperlich,c4d31cf9b,Station-1,Demo,2026,Interview Station-1,ITEMSTAT100,ATTASTAT100,Station-1.txt,4,DEMO0025,highlight,#ff6666,Auszug 0025,,1,#Code Belastung/körperlich,ann,2026-06-08T16:38:00.000Z,2026-06-08T16:38:00.000Z,2026-06-08T16:38:00.000Z,text,4589,4686,,
fragments/1,Belastung/körperlich,c4d31cf9b,Station-1,Demo,2026,Interview Station-1,ITEMSTAT100,ATTASTAT100,Station-1.txt,4,DEMO0025,highlight,#ff6666,Auszug 0025,,1,#Code Belastung/körperlich,bob,2026-06-08T16:38:00.000Z,2026-06-08T16:38:00.000Z,2026-06-08T16:38:00.000Z,text,4589,4686,,
fragments/1,Bewältigung/Sport,c63f43352,Station-1,Demo,2026,Interview Station-1,ITEMSTAT100,ATTASTAT100,Station-1.txt,4,DEMO0025,highlight,#5fb236,Auszug 0025,,1,#Code Bewältigung/Sport,ann,2026-06-08T16:38:00.000Z,2026-06-08T16:38:00.000Z,2026-06-08T16:38:00.000Z,text,4589,4686,,
fragments/1,Ressourcen/Team,cbe124367,Station-1,Demo,2026,Interview Station-1,ITEMSTAT100,ATTASTAT100,Station-1.txt,4,DEMO0026,highlight,#2ea8e5,Auszug 0026,,1,#Code Ressourcen/Team,ann,2026-06-08T16:52:00.000Z,2026-06-08T16:52:00.000Z,2026-06-08T16:52:00.000Z,text,4726,4936,,
fragments/1,Ressourcen/Autonomie,cd175d5c0,Station-1,Demo,2026,Interview Station-1,ITEMSTAT100,ATTASTAT100,Station-1.txt,4,DEMO0026,highlight,#2ea8e5,Auszug 0026,,1,#Code Ressourcen/Autonomie,bob,2026-06-08T16:52:00.000Z,2026-06-08T16:52:00.000Z,2026-06-08T16:52:00.000Z,text,4726,4936,,
fragments/1,Bewältigung/Sport,c63f43352,Station-1,Demo,2026,Interview Station-1,ITEMSTAT100,ATTASTAT100,Station-1.txt,4,DEMO0027,highlight,#5fb236,Auszug 0027,,1,#Code Bewältigung/Sport,ann,2026-06-08T17:21:00.000Z,2026-06-08T17:21:00.000Z,2026-06-08T17:21:00.000Z,text,5012,5095,,
fragments/1,Bewältigung/Sport,c63f43352,Station-1,Demo,2026,Interview Station-1,ITEMSTAT100,ATTASTAT100,Station-1.txt,4,DEMO0027,highlight,#5fb236,Auszug 0027,,1,#Code Bewältigung/Sport,bob,2026-06-08T17:21:00.000Z,2026-06-08T17:21:00.000Z,2026-06-08T17:21:00.000Z,text,5012,5095,,
fragments/1,Belastung/Zeitdruck,ca94d6b9f,Station-1,Demo,2026,Interview Station-1,ITEMSTAT100,ATTASTAT100,Station-1.txt,4,DEMO0028,highlight,#ff6666,Auszug 0028,,1,#Code Belastung/Zeitdruck,ann,2026-06-08T17:36:00.000Z,2026-06-08T17:36:00.000Z,2026-06-08T17:36:00.000Z,text,5161,5228,,
fragments/1,Bewältigung/Distanz,c0bac907c,Station-1,Demo,2026,Interview Station-1,ITEMSTAT100,ATTASTAT100,Station-1.txt,4,DEMO0028,highlight,#5fb236,Auszug 0028,,1,#Code Bewältigung/Distanz,bob,2026-06-08T17:36:00.000Z,2026-06-08T17:36:00.000Z,2026-06-08T17:36:00.000Z,text,5161,5228,,
fragments/1,Ressourcen/Team,cbe124367,Station-1,Demo,2026,Interview Station-1,ITEMSTAT100,ATTASTAT100,Station-1.txt,4,DEMO0029,highlight,#2ea8e5,Auszug 0029,,1,#Code Ressourcen/Team,ann,2026-06-08T17:46:00.000Z,2026-06-08T17:46:00.000Z,2026-06-08T17:46:00.000Z,text,5263,5370,,
fragments/1,Bewältigung/Humor,cdd0640c6,Station-1,Demo,2026,Interview Station-1,ITEMSTAT100,ATTASTAT100,Station-1.txt,4,DEMO0030,highlight,#5fb236,Auszug 0030,,1,#Code Bewältigung/Humor,ann,2026-06-08T18:03:00.000Z,2026-06-08T18:03:00.000Z,2026-06-08T18:03:00.000Z,text,5433,5642,,
fragments/1,Bewältigung/Humor,cdd0640c6,Station-1,Demo,2026,Interview Station-1,ITEMSTAT100,ATTASTAT100,Station-1.txt,4,DEMO0030,highlight,#5fb236,Auszug 0030,,1,#Code Bewältigung/Humor,bob,2026-06-08T18:03:00.000Z,2026-06-08T18:03:00.000Z,2026-06-08T18:03:00.000Z,text,5433,5642,,
fragments/1,Ressourcen/Anerkennung,cf30ac49f,Station-1,Demo,2026,Interview Station-1,ITEMSTAT100,ATTASTAT100,Station-1.txt,4,DEMO0031,highlight,#2ea8e5,Auszug 0031,,1,#Code Ressourcen/Anerkennung,ann,2026-06-08T18:31:00.000Z,2026-06-08T18:31:00.000Z,2026-06-08T18:31:00.000Z,text,5716,5850,,
fragments/1,Ressourcen/Autonomie,cd175d5c0,Station-1,Demo,2026,Interview Station-1,ITEMSTAT100,ATTASTAT100,Station-1.txt,4,DEMO0031,highlight,#2ea8e5,Auszug 0031,,1,#Code Ressourcen/Autonomie,bob,2026-06-08T18:31:00.000Z,2026-06-08T18:31:00.000Z,2026-06-08T18:31:00.000Z,text,5716,5850,,
fragments/1,Ressourcen/Team,cbe124367,Station-1,Demo,2026,Interview Station-1,ITEMSTAT100,ATTASTAT100,Station-1.txt,4,DEMO0032,highlight,#2ea8e5,Auszug 0032,,1,#Code Ressourcen/Team,ann,2026-06-08T18:51:00.000Z,2026-06-08T18:51:00.000Z,2026-06-08T18:51:00.000Z,text,5914,6109,,
fragments/1,Ressourcen/Team,cbe124367,Station-1,Demo,2026,Interview Station-1,ITEMSTAT100,ATTASTAT100,Station-1.txt,4,DEMO0032,highlight,#2ea8e5,Auszug 0032,,1,#Code Ressourcen/Team,bob,2026-06-08T18:51:00.000Z,2026-06-08T18:51:00.000Z,2026-06-08T18:51:00.000Z,text,5914,6109,,
fragments/1,Belastung/Zeitdruck,ca94d6b9f,Station-2,Demo,2026,Interview Station-2,ITEMSTAT200,ATTASTAT200,Station-2.txt,1,DEMO0033,highlight,#ff6666,Auszug 0033,,1,#Code Belastung/Zeitdruck,ann,2026-06-08T21:05:00.000Z,2026-06-08T21:05:00.000Z,2026-06-08T21:05:00.000Z,text,59,190,,
fragments/1,Bewältigung/Distanz,c0bac907c,Station-2,Demo,2026,Interview Station-2,ITEMSTAT200,ATTASTAT200,Station-2.txt,1,DEMO0033,highlight,#5fb236,Auszug 0033,,1,#Code Bewältigung/Distanz,bob,2026-06-08T21:05:00.000Z,2026-06-08T21:05:00.000Z,2026-06-08T21:05:00.000Z,text,59,190,,
fragments/1,Bewältigung/Humor,cdd0640c6,Station-2,Demo,2026,Interview Station-2,ITEMSTAT200,ATTASTAT200,Station-2.txt,1,DEMO0034,highlight,#5fb236,Auszug 0034,,1,#Code Bewältigung/Humor,ann,2026-06-08T21:26:00.000Z,2026-06-08T21:26:00.000Z,2026-06-08T21:26:00.000Z,text,263,358,,
fragments/1,Bewältigung/Humor,cdd0640c6,Station-2,Demo,2026,Interview Station-2,ITEMSTAT200,ATTASTAT200,Station-2.txt,1,DEMO0034,highlight,#5fb236,Auszug 0034,,1,#Code Bewältigung/Humor,bob,2026-06-08T21:26:00.000Z,2026-06-08T21:26:00.000Z,2026-06-08T21:26:00.000Z,text,263,358,,
fragments/1,Ressourcen/Team,cbe124367,Station-2,Demo,2026,Interview Station-2,ITEMSTAT200,ATTASTAT200,Station-2.txt,1,DEMO0035,highlight,#2ea8e5,Auszug 0035,,1,#Code Ressourcen/Team,ann,2026-06-08T21:41:00.000Z,2026-06-08T21:41:00.000Z,2026-06-08T21:41:00.000Z,text,410,548,,
fragments/1,Ressourcen/Anerkennung,cf30ac49f,Station-2,Demo,2026,Interview Station-2,ITEMSTAT200,ATTASTAT200,Station-2.txt,1,DEMO0035,highlight,#2ea8e5,Auszug 0035,,1,#Code Ressourcen/Anerkennung,ann,2026-06-08T21:41:00.000Z,2026-06-08T21:41:00.000Z,2026-06-08T21:41:00.000Z,text,410,548,,
fragments/1,Ressourcen/Team,cbe124367,Station-2,Demo,2026,Interview Station-2,ITEMSTAT200,ATTASTAT200,Station-2.txt,1,DEMO0035,highlight,#2ea8e5,Auszug 0035,,1,#Code Ressourcen/Team,bob,2026-06-08T21:41:00.000Z,2026-06-08T21:41:00.000Z,2026-06-08T21:41:00.000Z,text,410,548,,
fragments/1,Belastung/emotional,c96c04b3c,Station-2,Demo,2026,Interview Station-2,ITEMSTAT200,ATTASTAT200,Station-2.txt,1,DEMO0036,highlight,#ff6666,Auszug 0036,,1,#Code Belastung/emotional,ann,2026-06-08T21:58:00.000Z,2026-06-08T21:58:00.000Z,2026-06-08T21:58:00.000Z,text,582,677,,
fragments/1,Belastung/körperlich,c4d31cf9b,Station-2,Demo,2026,Interview Station-2,ITEMSTAT200,ATTASTAT200,Station-2.txt,1,DEMO0036,highlight,#ff6666,Auszug 0036,,1,#Code Belastung/körperlich,ann,2026-06-08T21:58:00.000Z,2026-06-08T21:58:00.000Z,2026-06-08T21:58:00.000Z,text,582,677,,
fragments/1,Belastung/emotional,c96c04b3c,Station-2,Demo,2026,Interview Station-2,ITEMSTAT200,ATTASTAT200,Station-2.txt,1,DEMO0036,highlight,#ff6666,Auszug 0036,,1,#Code Belastung/emotional,bob,2026-06-08T21:58:00.000Z,2026-06-08T21:58:00.000Z,2026-06-08T21:58:00.000Z,text,582,677,,
fragments/1,Ressourcen/Team,cbe124367,Station-2,Demo,2026,Interview Station-2,ITEMSTAT200,ATTASTAT200,Station-2.txt,1,DEMO0037,highlight,#2ea8e5,Auszug 0037,,1,#Code Ressourcen/Team,ann,2026-06-08T22:10:00.000Z,2026-06-08T22:10:00.000Z,2026-06-08T22:10:00.000Z,text,708,862,,
fragments/1,Ressourcen/Anerkennung,cf30ac49f,Station-2,Demo,2026,Interview Station-2,ITEMSTAT200,ATTASTAT200,Station-2.txt,1,DEMO0037,highlight,#2ea8e5,Auszug 0037,,1,#Code Ressourcen/Anerkennung,bob,2026-06-08T22:10:00.000Z,2026-06-08T22:10:00.000Z,2026-06-08T22:10:00.000Z,text,708,862,,
fragments/1,Belastung/emotional,c96c04b3c,Station-2,Demo,2026,Interview Station-2,ITEMSTAT200,ATTASTAT200,Station-2.txt,1,DEMO0037,highlight,#ff6666,Auszug 0037,,1,#Code Belastung/emotional,bob,2026-06-08T22:10:00.000Z,2026-06-08T22:10:00.000Z,2026-06-08T22:10:00.000Z,text,708,862,,
fragments/1,Belastung/Zeitdruck,ca94d6b9f,Station-2,Demo,2026,Interview Station-2,ITEMSTAT200,ATTASTAT200,Station-2.txt,1,DEMO0038,highlight,#ff6666,Auszug 0038,,1,#Code Belastung/Zeitdruck,ann,2026-06-08T22:34:00.000Z,2026-06-08T22:34:00.000Z,2026-06-08T22:34:00.000Z,text,940,1054,,
fragments/1,Belastung/Zeitdruck,ca94d6b9f,Station-2,Demo,2026,Interview Station-2,ITEMSTAT200,ATTASTAT200,Station-2.txt,1,DEMO0038,highlight,#ff6666,Auszug 0038,,1,#Code Belastung/Zeitdruck,bob,2026-06-08T22:34:00.000Z,2026-06-08T22:34:00.000Z,2026-06-08T22:34:00.000Z,text,940,1054,,
fragments/1,Bewältigung/Humor,cdd0640c6,Station-2,Demo,2026,Interview Station-2,ITEMSTAT200,ATTASTAT200,Station-2.txt,1,DEMO0039,highlight,#5fb236,Auszug 0039,,1,#Code Bewältigung/Humor,ann,2026-06-08T22:52:00.000Z,2026-06-08T22:52:00.000Z,2026-06-08T22:52:00.000Z,text,1124,1338,,
fragments/1,Bewältigung/Distanz,c0bac907c,Station-2,Demo,2026,Interview Station-2,ITEMSTAT200,ATTASTAT200,Station-2.txt,1,DEMO0039,highlight,#5fb236,Auszug 0039,,1,#Code Bewältigung/Distanz,bob,2026-06-08T22:52:00.000Z,2026-06-08T22:52:00.000Z,2026-06-08T22:52:00.000Z,text,1124,1338,,
fragments/1,Belastung/Zeitdruck,ca94d6b9f,Station-2,Demo,2026,Interview Station-2,ITEMSTAT200,ATTASTAT200,Station-2.txt,1,DEMO0040,highlight,#ff6666,Auszug 0040,,1,#Code Belastung/Zeitdruck,ann,2026-06-08T23:21:00.000Z,2026-06-08T23:21:00.000Z,2026-06-08T23:21:00.000Z,text,1411,1595,,
fragments/1,Belastung/körperlich,c4d31cf9b,Station-2,Demo,2026,Interview Station-2,ITEMSTAT200,ATTASTAT200,Station-2.txt,1,DEMO0040,highlight,#ff6666,Auszug 0040,,1,#Code Belastung/körperlich,bob,2026-06-08T23:21:00.000Z,2026-06-08T23:21:00.000Z,2026-06-08T23:21:00.000Z,text,1411,1595,,
fragments/1,Bewältigung/Distanz,c0bac907c,Station-2,Demo,2026,Interview Station-2,ITEMSTAT200,ATTASTAT200,Station-2.txt,1,DEMO0040,highlight,#5fb236,Auszug 0040,,1,#Code Bewältigung/Distanz,ann,2026-06-08T23:21:00.000Z,2026-06-08T23:21:00.000Z,2026-06-08T23:21:00.000Z,text,1411,1595,,
fragments/1,Belastung/emotional,c96c04b3c,Station-2,Demo,2026,Interview Station-2,ITEMSTAT200,ATTASTAT200,Station-2.txt,2,DEMO0041,highlight,#ff6666,Auszug 0041,,1,#Code Belastung/emotional,ann,2026-06-08T23:41:00.000Z,2026-06-08T23:41:00.000Z,2026-06-08T23:41:00.000Z,text,1618,1767,,
fragments/1,Belastung/Zeitdruck,ca94d6b9f,Station-2,Demo,2026,Interview Station-2,ITEMSTAT200,ATTASTAT200,Station-2.txt,2,DEMO0041,highlight,#ff6666,Auszug 0041,,1,#Code Belastung/Zeitdruck,bob,2026-06-08T23:41:00.000Z,2026-06-08T23:41:00.000Z,2026-06-08T23:41:00.000Z,text,1618,1767,,
fragments/1,Bewältigung/Humor,cdd0640c6,Station-2,Demo,2026,Interview Station-2,ITEMSTAT200,ATTASTAT200,Station-2.txt,2,DEMO0041,highlight,#5fb236,Auszug 0041,,1,#Code Bewältigung/Humor,ann,2026-06-08T23:41:00.000Z,2026-06-08T23:41:00.000Z,2026-06-08T23:41:00.000Z,text,1618,1767,,
fragments/1,Belastung/emotional,c96c04b3c,Station-2,Demo,2026,Interview Station-2,ITEMSTAT200,ATTASTAT200,Station-2.txt,2,DEMO0042,highlight,#ff6666,Auszug 0042,,1,#Code Belastung/emotional,ann,2026-06-09T00:01:00.000Z,2026-06-09T00:01:00.000Z,2026-06-09T00:01:00.000Z,text,1818,1881,,
fragments/1,Belastung/Zeitdruck,ca94d6b9f,Station-2,Demo,2026,Interview Station-2,ITEMSTAT200,ATTASTAT200,Station-2.txt,2,DEMO0042,highlight,#ff6666,Auszug 0042,,1,#Code Belastung/Zeitdruck,bob,2026-06-09T00:01:00.000Z,2026-06-09T00:01:00.000Z,2026-06-09T00:01:00.000Z,text,1818,1881,,
fragments/1,Belastung/körperlich,c4d31cf9b,Station-2,Demo,2026,Interview Station-2,ITEMSTAT200,ATTASTAT200,Station-2.txt,2,DEMO0043,highlight,#ff6666,Auszug 0043,,1,#Code Belastung/körperlich,ann,2026-06-09T00:11:00.000Z,2026-06-09T00:11:00.000Z,2026-06-09T00:11:00.000Z,text,1919,2033,,
fragments/1,Belastung/körperlich,c4d31cf9b,Station-2,Demo,2026,Interview Station-2,ITEMSTAT200,ATTASTAT200,Station-2.txt,2,DEMO0043,highlight,#ff6666,Auszug 0043,,1,#Code Belastung/körperlich,bob,2026-06-09T00:11:00.000Z,2026-06-09T00:11:00.000Z,2026-06-09T00:11:00.000Z,text,1919,2033,,
fragments/1,Ressourcen/Autonomie,cd175d5c0,Station-2,Demo,2026,Interview Station-2,ITEMSTAT200,ATTASTAT200,Station-2.txt,2,DEMO0044,highlight,#2ea8e5,Auszug 0044,,1,#Code Ressourcen/Autonomie,ann,2026-06-09T00:28:00.000Z,2026-06-09T00:28:00.000Z,2026-06-09T00:28:00.000Z,text,2081,2232,,
fragments/1,Ressourcen/Autonomie,cd175d5c0,Station-2,Demo,2026,Interview Station-2,ITEMSTAT200,ATTASTAT200,Station-2.txt,2,DEMO0044,highlight,#2ea8e5,Auszug 0044,,1,#Code Ressourcen/Autonomie,bob,2026-06-09T00:28:00.000Z,2026-06-09T00:28:00.000Z,2026-06-09T00:28:00.000Z,text,2081,2232,,
fragments/1,Belastung/emotional,c96c04b3c,Station-2,Demo,2026,Interview Station-2,ITEMSTAT200,ATTASTAT200,Station-2.txt,2,DEMO0045,highlight,#ff6666,Auszug 0045,,1,#Code Belastung/emotional,ann,2026-06-09T00:48:00.000Z,2026-06-09T00:48:00.000Z,2026-06-09T00:48:00.000Z,text,2286,2457,,
fragments/1,Belastung/emotional,c96c04b3c,Station-2,Demo,2026,Interview Station-2,ITEMSTAT200,ATTASTAT200,Station-2.txt,2,DEMO0045,highlight,#ff6666,Auszug 0045,,1,#Code Belastung/emotional,bob,2026-06-09T00:48:00.000Z,2026-06-09T00:48:00.000Z,2026-06-09T00:48:00.000Z,text,2286,2457,,
fragments/1,Belastung/emotional,c96c04b3c,Station-2,Demo,2026,Interview Station-2,ITEMSTAT200,ATTASTAT200,Station-2.txt,2,DEMO0046,highlight,#ff6666,Auszug 0046,,1,#Code Belastung/emotional,ann,2026-06-09T01:09:00.000Z,2026-06-09T01:09:00.000Z,2026-06-09T01:09:00.000Z,text,2491,2557,,
fragments/1,Belastung/emotional,c96c04b3c,Station-2,Demo,2026,Interview Station-2,ITEMSTAT200,ATTASTAT200,Station-2.txt,2,DEMO0046,highlight,#ff6666,Auszug 0046,,1,#Code Belastung/emotional,bob,2026-06-09T01:09:00.000Z,2026-06-09T01:09:00.000Z,2026-06-09T01:09:00.000Z,text,2491,2557,,
fragments/1,Belastung/emotional,c96c04b3c,Station-2,Demo,2026,Interview Station-2,ITEMSTAT200,ATTASTAT200,Station-2.txt,2,DEMO0047,highlight,#ff6666,Auszug 0047,,1,#Code Belastung/emotional,ann,2026-06-09T01:21:00.000Z,2026-06-09T01:21:00.000Z,2026-06-09T01:21:00.000Z,text,2610,2751,,
fragments/1,Ressourcen/Anerkennung,cf30ac49f,Station-2,Demo,2026,Interview Station-2,ITEMSTAT200,ATTASTAT200,Station-2.txt,2,DEMO0048,highlight,#2ea8e5,Auszug 0048,,1,#Code Ressourcen/Anerkennung,ann,2026-06-09T01:39:00.000Z,2026-06-09T01:39:00.000Z,2026-06-09T01:39:00.000Z,text,2794,2983,,
fragments/1,Ressourcen/Team,cbe124367,Station-2,Demo,2026,Interview Station-2,ITEMSTAT200,ATTASTAT200,Station-2.txt,2,DEMO0048,highlight,#2ea8e5,Auszug 0048,,1,#Code Ressourcen/Team,bob,2026-06-09T01:39:00.000Z,2026-06-09T01:39:00.000Z,2026-06-09T01:39:00.000Z,text,2794,2983,,
fragments/1,Ressourcen/Team,cbe124367,Station-2,Demo,2026,Interview Station-2,ITEMSTAT200,ATTASTAT200,Station-2.txt,3,DEMO0049,highlight,#2ea8e5,Auszug 0049,,1,#Code Ressourcen/Team,ann,2026-06-09T02:04:00.000Z,2026-06-09T02:04:00.000Z,2026-06-09T02:04:00.000Z,text,3040,3190,,
fragments/1,Ressourcen/Team,cbe124367,Station-2,Demo,2026,Interview Station-2,ITEMSTAT200,ATTASTAT200,Station-2.txt,3,DEMO0049,highlight,#2ea8e5,Auszug 0049,,1,#Code Ressourcen/Team,bob,2026-06-09T02:04:00.000Z,2026-06-09T02:04:00.000Z,2026-06-09T02:04:00.000Z,text,3040,3190,,
fragments/1,Belastung/emotional,c96c04b3c,Station-2,Demo,2026,Interview Station-2,ITEMSTAT200,ATTASTAT200,Station-2.txt,3,DEMO0050,highlight,#ff6666,Auszug 0050,,1,#Code Belastung/emotional,ann,2026-06-09T02:22:00.000Z,2026-06-09T02:22:00.000Z,2026-06-09T02:22:00.000Z,text,3221,3369,,
fragments/1,Belastung/emotional,c96c04b3c,Station-2,Demo,2026,Interview Station-2,ITEMSTAT200,ATTASTAT200,Station-2.txt,3,DEMO0050,highlight,#ff6666,Auszug 0050,,1,#Code Belastung/emotional,bob,2026-06-09T02:22:00.000Z,2026-06-09T02:22:00.000Z,2026-06-09T02:22:00.000Z,text,3221,3369,,
fragments/1,Bewältigung/Humor,cdd0640c6,Station-2,Demo,2026,Interview Station-2,ITEMSTAT200,ATTASTAT200,Station-2.txt,3,DEMO0050,highlight,#5fb236,Auszug 0050,,1,#Code Bewältigung/Humor,bob,2026-06-09T02:22:00.000Z,2026-06-09T02:22:00.000Z,2026-06-09T02:22:00.000Z,text,3221,3369,,
fragments/1,Belastung/körperlich,c4d31cf9b,Station-2,Demo,2026,Interview Station-2,ITEMSTAT200,ATTASTAT200,Station-2.txt,3,DEMO0051,highlight,#ff6666,Auszug 0051,,1,#Code Belastung/körperlich,ann,2026-06-09T02:39:00.000Z,2026-06-09T02:39:00.000Z,2026-06-09T02:39:00.000Z,text,3396,3480,,
fragments/1,Belastung/körperlich,c4d31cf9b,Station-2,Demo,2026,Interview Station-2,ITEMSTAT200,ATTASTAT200,Station-2.txt,3,DEMO0051,highlight,#ff6666,Auszug 0051,,1,#Code Belastung/körperlich,bob,2026-06-09T02:39:00.000Z,2026-06-09T02:39:00.000Z,2026-06-09T02:39:00.000Z,text,3396,3480,,
fragments/1,Belastung/körperlich,c4d31cf9b,Station-2,Demo,2026,Interview Station-2,ITEMSTAT200,ATTASTAT200,Station-2.txt,3,DEMO0052,highlight,#ff6666,Auszug 0052,,1,#Code Belastung/körperlich,ann,2026-06-09T02:54:00.000Z,2026-06-09T02:54:00.000Z,2026-06-09T02:54:00.000Z,text,3549,3698,,
fragments/1,Belastung/Zeitdruck,ca94d6b9f,Station-2,Demo,2026,Interview Station-2,ITEMSTAT200,ATTASTAT200,Station-2.txt,3,DEMO0052,highlight,#ff6666,Auszug 0052,,1,#Code Belastung/Zeitdruck,bob,2026-06-09T02:54:00.000Z,2026-06-09T02:54:00.000Z,2026-06-09T02:54:00.000Z,text,3549,3698,,
fragments/1,Belastung/körperlich,c4d31cf9b,Station-2,Demo,2026,Interview Station-2,ITEMSTAT200,ATTASTAT200,Station-2.txt,3,DEMO0053,highlight,#ff6666,Auszug 0053,,1,#Code Belastung/körperlich,ann,2026-06-09T03:13:00.000Z,2026-06-09T03:13:00.000Z,2026-06-09T03:13:00.000Z,text,3736,3855,,
fragments/1,Belastung/körperlich,c4d31cf9b,Station-2,Demo,2026,Interview Station-2,ITEMSTAT200,ATTASTAT200,Station-2.txt,3,DEMO0053,highlight,#ff6666,Auszug 0053,,1,#Code Belastung/körperlich,bob,2026-06-09T03:13:00.000Z,2026-06-09T03:13:00.000Z,2026-06-09T03:13:00.000Z,text,3736,3855,,
fragments/1,Bewältigung/Sport,c63f43352,Station-2,Demo,2026,Interview Station-2,ITEMSTAT200,ATTASTAT200,Station-2.txt,3,DEMO0053,highlight,#5fb236,Auszug 0053,,1,#Code Bewältigung/Sport,ann,2026-06-09T03:13:00.000Z,2026-06-09T03:13:00.000Z,2026-06-09T03:13:00.000Z,text,3736,3855,,
fragments/1,Belastung/Zeitdruck,ca94d6b9f,Station-2,Demo,2026,Interview Station-2,ITEMSTAT200,ATTASTAT200,Station-2.txt,3,DEMO0054,highlight,#ff6666,Auszug 0054,,1,#Code Belastung/Zeitdruck,ann,2026-06-09T03:29:00.000Z,2026-06-09T03:29:00.000Z,2026-06-09T03:29:00.000Z,text,3897,4111,,
fragments/1,Belastung/Zeitdruck,ca94d6b9f,Station-2,Demo,2026,Interview Station-2,ITEMSTAT200,ATTASTAT200,Station-2.txt,3,DEMO0054,highlight,#ff6666,Auszug 0054,,1,#Code Belastung/Zeitdruck,bob,2026-06-09T03:29:00.000Z,2026-06-09T03:29:00.000Z,2026-06-09T03:29:00.000Z,text,3897,4111,,
fragments/1,Bewältigung/Distanz,c0bac907c,Station-2,Demo,2026,Interview Station-2,ITEMSTAT200,ATTASTAT200,Station-2.txt,3,DEMO0054,highlight,#5fb236,Auszug 0054,,1,#Code Bewältigung/Distanz,ann,2026-06-09T03:29:00.000Z,2026-06-09T03:29:00.000Z,2026-06-09T03:29:00.000Z,text,3897,4111,,
fragments/1,Belastung/körperlich,c4d31cf9b,Station-2,Demo,2026,Interview Station-2,ITEMSTAT200,ATTASTAT200,Station-2.txt,3,DEMO0055,highlight,#ff6666,Auszug 0055,,1,#Code Belastung/körperlich,ann,2026-06-09T03:53:00.000Z,2026-06-09T03:53:00.000Z,2026-06-09T03:53:00.000Z,text,4139,4298,,
fragments/1,Belastung/körperlich,c4d31cf9b,Station-2,Demo,2026,Interview Station-2,ITEMSTAT200,ATTASTAT200,Station-2.txt,3,DEMO0055,highlight,#ff6666,Auszug 0055,,1,#Code Belastung/körperlich,bob,2026-06-09T03:53:00.000Z,2026-06-09T03:53:00.000Z,2026-06-09T03:53:00.000Z,text,4139,4298,,
fragments/1,Belastung/emotional,c96c04b3c,Station-2,Demo,2026,Interview Station-2,ITEMSTAT200,ATTASTAT200,Station-2.txt,3,DEMO0056,highlight,#ff6666,Auszug 0056,,1,#Code Belastung/emotional,ann,2026-06-09T04:15:00.000Z,2026-06-09T04:15:00.000Z,2026-06-09T04:15:00.000Z,text,4359,4456,,
fragments/1,Belastung/emotional,c96c04b3c,Station-2,Demo,2026,Interview Station-2,ITEMSTAT200,ATTASTAT200,Station-2.txt,3,DEMO0056,highlight,#ff6666,Auszug 0056,,1,#Code Belastung/emotional,bob,2026-06-09T04:15:00.000Z,2026-06-09T04:15:00.000Z,2026-06-09T04:15:00.000Z,text,4359,4456,,
fragments/1,Bewältigung/Humor,cdd0640c6,Station-2,Demo,2026,Interview Station-2,ITEMSTAT200,ATTASTAT200,Station-2.txt,3,DEMO0056,highlight,#5fb236,Auszug 0056,,1,#Code Bewältigung/Humor,ann,2026-06-09T04:15:00.000Z,2026-06-09T04:15:00.000Z,2026-06-09T04:15:00.000Z,text,4359,4456,,
fragments/1,Belastung/emotional,c96c04b3c,Station-2,Demo,2026,Interview Station-2,ITEMSTAT200,ATTASTAT200,Station-2.txt,4,DEMO0057,highlight,#ff6666,Auszug 0057,,1,#Code Belastung/emotional,ann,2026-06-09T04:32:00.000Z,2026-06-09T04:32:00.000Z,2026-06-09T04:32:00.000Z,text,4521,4675,,
fragments/1,Belastung/emotional,c96c04b3c,Station-2,Demo,2026,Interview Station-2,ITEMSTAT200,ATTASTAT200,Station-2.txt,4,DEMO0057,highlight,#ff6666,Auszug 0057,,1,#Code Belastung/emotional,bob,2026-06-09T04:32:00.000Z,2026-06-09T04:32:00.000Z,2026-06-09T04:32:00.000Z,text,4521,4675,,
fragments/1,Belastung/Zeitdruck,ca94d6b9f,Station-2,Demo,2026,Interview Station-2,ITEMSTAT200,ATTASTAT200,Station-2.txt,4,DEMO0058,highlight,#ff6666,Auszug 0058,,1,#Code Belastung/Zeitdruck,ann,2026-06-09T04:50:00.000Z,2026-06-09T04:50:00.000Z,2026-06-09T04:50:00.000Z,text,4705,4866,,
fragments/1,Belastung/Zeitdruck,ca94d6b9f,Station-2,Demo,2026,Interview Station-2,ITEMSTAT200,ATTASTAT200,Station-2.txt,4,DEMO0058,highlight,#ff6666,Auszug 0058,,1,#Code Belastung/Zeitdruck,bob,2026-06-09T04:50:00.000Z,2026-06-09T04:50:00.000Z,2026-06-09T04:50:00.000Z,text,4705,4866,,
fragments/1,Ressourcen/Team,cbe124367,Station-2,Demo,2026,Interview Station-2,ITEMSTAT200,ATTASTAT200,Station-2.txt,4,DEMO0059,highlight,#2ea8e5,Auszug 0059,,1,#Code Ressourcen/Team,ann,2026-06-09T05:08:00.000Z,2026-06-09T05:08:00.000Z,2026-06-09T05:08:00.000Z,text,4886,5005,,
fragments/1,Ressourcen/Team,cbe124367,Station-2,Demo,2026,Interview Station-2,ITEMSTAT200,ATTASTAT200,Station-2.txt,4,DEMO0059,highlight,#2ea8e5,Auszug 0059,,1,#Code Ressourcen/Team,bob,2026-06-09T05:08:00.000Z,2026-06-09T05:08:00.000Z,2026-06-09T05:08:00.000Z,text,4886,5005,,
fragments/1,Belastung/emotional,c96c04b3c,Station-2,Demo,2026,Interview Station-2,ITEMSTAT200,ATTASTAT200,Station-2.txt,4,DEMO0059,highlight,#ff6666,Auszug 0059,,1,#Code Belastung/emotional,bob,2026-06-09T05:08:00.000Z,2026-06-09T05:08:00.000Z,2026-06-09T05:08:00.000Z,text,4886,5005,,
fragments/1,Belastung/emotional,c96c04b3c,Station-3,Demo,2026,Interview Station-3,ITEMSTAT300,ATTASTAT300,Station-3.txt,1,DEMO0060,highlight,#ff6666,Auszug 0060,,1,#Code Belastung/emotional,ann,2026-06-09T09:05:00.000Z,2026-06-09T09:05:00.000Z,2026-06-09T09:05:00.000Z,text,56,147,,
fragments/1,Belastung/emotional,c96c04b3c,Station-3,Demo,2026,Interview Station-3,ITEMSTAT300,ATTASTAT300,Station-3.txt,1,DEMO0060,highlight,#ff6666,Auszug 0060,,1,#Code Belastung/emotional,bob,2026-06-09T09:05:00.000Z,2026-06-09T09:05:00.000Z,2026-06-09T09:05:00.000Z,text,56,147,,
fragments/1,Belastung/emotional,c96c04b3c,Station-3,Demo,2026,Interview Station-3,ITEMSTAT300,ATTASTAT300,Station-3.txt,1,DEMO0061,highlight,#ff6666,Auszug 0061,,1,#Code Belastung/emotional,ann,2026-06-09T09:21:00.000Z,2026-06-09T09:21:00.000Z,2026-06-09T09:21:00.000Z,text,219,438,,
fragments/1,Belastung/Zeitdruck,ca94d6b9f,Station-3,Demo,2026,Interview Station-3,ITEMSTAT300,ATTASTAT300,Station-3.txt,1,DEMO0061,highlight,#ff6666,Auszug 0061,,1,#Code Belastung/Zeitdruck,ann,2026-06-09T09:21:00.000Z,2026-06-09T09:21:00.000Z,2026-06-09T09:21:00.000Z,text,219,438,,
fragments/1,Belastung/Zeitdruck,ca94d6b9f,Station-3,Demo,2026,Interview Station-3,ITEMSTAT300,ATTASTAT300,Station-3.txt,1,DEMO0061,highlight,#ff6666,Auszug 0061,,1,#Code Belastung/Zeitdruck,bob,2026-06-09T09:21:00.000Z,2026-06-09T09:21:00.000Z,2026-06-09T09:21:00.000Z,text,219,438,,
fragments/1,Ressourcen/Team,cbe124367,Station-3,Demo,2026,Interview Station-3,ITEMSTAT300,ATTASTAT300,Station-3.txt,1,DEMO0062,highlight,#2ea8e5,Auszug 0062,,1,#Code Ressourcen/Team,ann,2026-06-09T09:51:00.000Z,2026-06-09T09:51:00.000Z,2026-06-09T09:51:00.000Z,text,514,650,,
fragments/1,Belastung/emotional,c96c04b3c,Station-3,Demo,2026,Interview Station-3,ITEMSTAT300,ATTASTAT300,Station-3.txt,1,DEMO0062,highlight,#ff6666,Auszug 0062,,1,#Code Belastung/emotional,bob,2026-06-09T09:51:00.000Z,2026-06-09T09:51:00.000Z,2026-06-09T09:51:00.000Z,text,514,650,,
fragments/1,Bewältigung/Humor,cdd0640c6,Station-3,Demo,2026,Interview Station-3,ITEMSTAT300,ATTASTAT300,Station-3.txt,1,DEMO0063,highlight,#5fb236,Auszug 0063,,1,#Code Bewältigung/Humor,ann,2026-06-09T10:12:00.000Z,2026-06-09T10:12:00.000Z,2026-06-09T10:12:00.000Z,text,722,877,,
fragments/1,Bewältigung/Distanz,c0bac907c,Station-3,Demo,2026,Interview Station-3,ITEMSTAT300,ATTASTAT300,Station-3.txt,1,DEMO0063,highlight,#5fb236,Auszug 0063,,1,#Code Bewältigung/Distanz,bob,2026-06-09T10:12:00.000Z,2026-06-09T10:12:00.000Z,2026-06-09T10:12:00.000Z,text,722,877,,
fragments/1,Belastung/emotional,c96c04b3c,Station-3,Demo,2026,Interview Station-3,ITEMSTAT300,ATTASTAT300,Station-3.txt,1,DEMO0064,highlight,#ff6666,Auszug 0064,,1,#Code Belastung/emotional,ann,2026-06-09T10:32:00.000Z,2026-06-09T10:32:00.000Z,2026-06-09T10:32:00.000Z,text,922,1094,,
fragments/1,Belastung/emotional,c96c04b3c,Station-3,Demo,2026,Interview Station-3,ITEMSTAT300,ATTASTAT300,Station-3.txt,1,DEMO0064,highlight,#ff6666,Auszug 0064,,1,#Code Belastung/emotional,bob,2026-06-09T10:32:00.000Z,2026-06-09T10:32:00.000Z,2026-06-09T10:32:00.000Z,text,922,1094,,
fragments/1,Bewältigung/Humor,cdd0640c6,Station-3,Demo,2026,Interview Station-3,ITEMSTAT300,ATTASTAT300,Station-3.txt,1,DEMO0064,highlight,#5fb236,Auszug 0064,,1,#Code Bewältigung/Humor,bob,2026-06-09T10:32:00.000Z,2026-06-09T10:32:00.000Z,2026-06-09T10:32:00.000Z,text,922,1094,,
fragments/1,Belastung/körperlich,c4d31cf9b,Station-3,Demo,2026,Interview Station-3,ITEMSTAT300,ATTASTAT300,Station-3.txt,1,DEMO0065,highlight,#ff6666,Auszug 0065,,1,#Code Belastung/körperlich,ann,2026-06-09T10:55:00.000Z,2026-06-09T10:55:00.000Z,2026-06-09T10:55:00.000Z,text,1158,1278,,
fragments/1,Belastung/körperlich,c4d31cf9b,Station-3,Demo,2026,Interview Station-3,ITEMSTAT300,ATTASTAT300,Station-3.txt,1,DEMO0065,highlight,#ff6666,Auszug 0065,,1,#Code Belastung/körperlich,bob,2026-06-09T10:55:00.000Z,2026-06-09T10:55:00.000Z,2026-06-09T10:55:00.000Z,text,1158,1278,,
fragments/1,Bewältigung/Sport,c63f43352,Station-3,Demo,2026,Interview Station-3,ITEMSTAT300,ATTASTAT300,Station-3.txt,1,DEMO0065,highlight,#5fb236,Auszug 0065,,1,#Code Bewältigung/Sport,bob,2026-06-09T10:55:00.000Z,2026-06-09T10:55:00.000Z,2026-06-09T10:55:00.000Z,text,1158,1278,,
fragments/1,Belastung/Zeitdruck,ca94d6b9f,Station-3,Demo,2026,Interview Station-3,ITEMSTAT300,ATTASTAT300,Station-3.txt,1,DEMO0066,highlight,#ff6666,Auszug 0066,,1,#Code Belastung/Zeitdruck,ann,2026-06-09T11:12:00.000Z,2026-06-09T11:12:00.000Z,2026-06-09T11:12:00.000Z,text,1328,1432,,
fragments/1,Belastung/emotional,c96c04b3c,Station-3,Demo,2026,Interview Station-3,ITEMSTAT300,ATTASTAT300,Station-3.txt,1,DEMO0066,highlight,#ff6666,Auszug 0066,,1,#Code Belastung/emotional,bob,2026-06-09T11:12:00.000Z,2026-06-09T11:12:00.000Z,2026-06-09T11:12:00.000Z,text,1328,1432,,
fragments/1,Bewältigung/Humor,cdd0640c6,Station-3,Demo,2026,Interview Station-3,ITEMSTAT300,ATTASTAT300,Station-3.txt,2,DEMO0067,highlight,#5fb236,Auszug 0067,,1,#Code Bewältigung/Humor,ann,2026-06-09T11:30:00.000Z,2026-06-09T11:30:00.000Z,2026-06-09T11:30:00.000Z,text,1500,1607,,
fragments/1,Bewältigung/Distanz,c0bac907c,Station-3,Demo,2026,Interview Station-3,ITEMSTAT300,ATTASTAT300,Station-3.txt,2,DEMO0067,highlight,#5fb236,Auszug 0067,,1,#Code Bewältigung/Distanz,bob,2026-06-09T11:30:00.000Z,2026-06-09T11:30:00.000Z,2026-06-09T11:30:00.000Z,text,1500,1607,,
fragments/1,Ressourcen/Team,cbe124367,Station-3,Demo,2026,Interview Station-3,ITEMSTAT300,ATTASTAT300,Station-3.txt,2,DEMO0068,highlight,#2ea8e5,Auszug 0068,,1,#Code Ressourcen/Team,ann,2026-06-09T11:46:00.000Z,2026-06-09T11:46:00.000Z,2026-06-09T11:46:00.000Z,text,1669,1882,,
fragments/1,Belastung/Zeitdruck,ca94d6b9f,Station-3,Demo,2026,Interview Station-3,ITEMSTAT300,ATTASTAT300,Station-3.txt,2,DEMO0069,highlight,#ff6666,Auszug 0069,,1,#Code Belastung/Zeitdruck,ann,2026-06-09T12:16:00.000Z,2026-06-09T12:16:00.000Z,2026-06-09T12:16:00.000Z,text,1961,2089,,
fragments/1,Belastung/Zeitdruck,ca94d6b9f,Station-3,Demo,2026,Interview Station-3,ITEMSTAT300,ATTASTAT300,Station-3.txt,2,DEMO0069,highlight,#ff6666,Auszug 0069,,1,#Code Belastung/Zeitdruck,bob,2026-06-09T12:16:00.000Z,2026-06-09T12:16:00.000Z,2026-06-09T12:16:00.000Z,text,1961,2089,,
fragments/1,Bewältigung/Humor,cdd0640c6,Station-3,Demo,2026,Interview Station-3,ITEMSTAT300,ATTASTAT300,Station-3.txt,2,DEMO0070,highlight,#5fb236,Auszug 0070,,1,#Code Bewältigung/Humor,ann,2026-06-09T12:33:00.000Z,2026-06-09T12:33:00.000Z,2026-06-09T12:33:00.000Z,text,2130,2262,,
fragments/1,Bewältigung/Sport,c63f43352,Station-3,Demo,2026,Interview Station-3,ITEMSTAT300,ATTASTAT300,Station-3.txt,2,DEMO0070,highlight,#5fb236,Auszug 0070,,1,#Code Bewältigung/Sport,bob,2026-06-09T12:33:00.000Z,2026-06-09T12:33:00.000Z,2026-06-09T12:33:00.000Z,text,2130,2262,,
fragments/1,Belastung/emotional,c96c04b3c,Station-3,Demo,2026,Interview Station-3,ITEMSTAT300,ATTASTAT300,Station-3.txt,2,DEMO0071,highlight,#ff6666,Auszug 0071,,1,#Code Belastung/emotional,ann,2026-06-09T12:50:00.000Z,2026-06-09T12:50:00.000Z,2026-06-09T12:50:00.000Z,text,2307,2408,,
fragments/1,Belastung/emotional,c96c04b3c,Station-3,Demo,2026,Interview Station-3,ITEMSTAT300,ATTASTAT300,Station-3.txt,2,DEMO0071,highlight,#ff6666,Auszug 0071,,1,#Code Belastung/emotional,bob,2026-06-09T12:50:00.000Z,2026-06-09T12:50:00.000Z,2026-06-09T12:50:00.000Z,text,2307,2408,,
fragments/1,Bewältigung/Humor,cdd0640c6,Station-3,Demo,2026,Interview Station-3,ITEMSTAT300,ATTASTAT300,Station-3.txt,2,DEMO0071,highlight,#5fb236,Auszug 0071,,1,#Code Bewältigung/Humor,bob,2026-06-09T12:50:00.000Z,2026-06-09T12:50:00.000Z,2026-06-09T12:50:00.000Z,text,2307,2408,,
fragments/1,Belastung/emotional,c96c04b3c,Station-3,Demo,2026,Interview Station-3,ITEMSTAT300,ATTASTAT300,Station-3.txt,2,DEMO0072,highlight,#ff6666,Auszug 0072,,1,#Code Belastung/emotional,ann,2026-06-09T13:08:00.000Z,2026-06-09T13:08:00.000Z,2026-06-09T13:08:00.000Z,text,2481,2684,,
fragments/1,Belastung/emotional,c96c04b3c,Station-3,Demo,2026,Interview Station-3,ITEMSTAT300,ATTASTAT300,Station-3.txt,2,DEMO0072,highlight,#ff6666,Auszug 0072,,1,#Code Belastung/emotional,bob,2026-06-09T13:08:00.000Z,2026-06-09T13:08:00.000Z,2026-06-09T13:08:00.000Z,text,2481,2684,,
fragments/1,Bewältigung/Humor,cdd0640c6,Station-3,Demo,2026,Interview Station-3,ITEMSTAT300,ATTASTAT300,Station-3.txt,2,DEMO0072,highlight,#5fb236,Auszug 0072,,1,#Code Bewältigung/Humor,ann,2026-06-09T13:08:00.000Z,2026-06-09T13:08:00.000Z,2026-06-09T13:08:00.000Z,text,2481,2684,,
fragments/1,Ressourcen/Team,cbe124367,Station-3,Demo,2026,Interview Station-3,ITEMSTAT300,ATTASTAT300,Station-3.txt,2,DEMO0073,highlight,#2ea8e5,Auszug 0073,,1,#Code Ressourcen/Team,ann,2026-06-09T13:33:00.000Z,2026-06-09T13:33:00.000Z,2026-06-09T13:33:00.000Z,text,2736,2869,,
fragments/1,Belastung/emotional,c96c04b3c,Station-3,Demo,2026,Interview Station-3,ITEMSTAT300,ATTASTAT300,Station-3.txt,2,DEMO0073,highlight,#ff6666,Auszug 0073,,1,#Code Belastung/emotional,bob,2026-06-09T13:33:00.000Z,2026-06-09T13:33:00.000Z,2026-06-09T13:33:00.000Z,text,2736,2869,,
fragments/1,Belastung/Zeitdruck,ca94d6b9f,Station-3,Demo,2026,Interview Station-3,ITEMSTAT300,ATTASTAT300,Station-3.txt,2,DEMO0074,highlight,#ff6666,Auszug 0074,,1,#Code Belastung/Zeitdruck,ann,2026-06-09T13:52:00.000Z,2026-06-09T13:52:00.000Z,2026-06-09T13:52:00.000Z,text,2925,3083,,
fragments/1,Bewältigung/Distanz,c0bac907c,Station-3,Demo,2026,Interview Station-3,ITEMSTAT300,ATTASTAT300,Station-3.txt,2,DEMO0074,highlight,#5fb236,Auszug 0074,,1,#Code Bewältigung/Distanz,bob,2026-06-09T13:52:00.000Z,2026-06-09T13:52:00.000Z,2026-06-09T13:52:00.000Z,text,2925,3083,,
fragments/1,Bewältigung/Distanz,c0bac907c,Station-3,Demo,2026,Interview Station-3,ITEMSTAT300,ATTASTAT300,Station-3.txt,2,DEMO0074,highlight,#5fb236,Auszug 0074,,1,#Code Bewältigung/Distanz,bob,2026-06-09T13:52:00.000Z,2026-06-09T13:52:00.000Z,2026-06-09T13:52:00.000Z,text,2925,3083,,
fragments/1,Belastung/Zeitdruck,ca94d6b9f,Station-3,Demo,2026,Interview Station-3,ITEMSTAT300,ATTASTAT300,Station-3.txt,3,DEMO0075,highlight,#ff6666,Auszug 0075,,1,#Code Belastung/Zeitdruck,ann,2026-06-09T14:12:00.000Z,2026-06-09T14:12:00.000Z,2026-06-09T14:12:00.000Z,text,3122,3189,,
fragments/1,Ressourcen/Anerkennung,cf30ac49f,Station-3,Demo,2026,Interview Station-3,ITEMSTAT300,ATTASTAT300,Station-3.txt,3,DEMO0076,highlight,#2ea8e5,Auszug 0076,,1,#Code Ressourcen/Anerkennung,ann,2026-06-09T14:20:00.000Z,2026-06-09T14:20:00.000Z,2026-06-09T14:20:00.000Z,text,3209,3286,,
fragments/1,Ressourcen/Anerkennung,cf30ac49f,Station-3,Demo,2026,Interview Station-3,ITEMSTAT300,ATTASTAT300,Station-3.txt,3,DEMO0076,highlight,#2ea8e5,Auszug 0076,,1,#Code Ressourcen/Anerkennung,bob,2026-06-09T14:20:00.000Z,2026-06-09T14:20:00.000Z,2026-06-09T14:20:00.000Z,text,3209,3286,,
fragments/1,Ressourcen/Team,cbe124367,Station-3,Demo,2026,Interview Station-3,ITEMSTAT300,ATTASTAT300,Station-3.txt,3,DEMO0077,highlight,#2ea8e5,Auszug 0077,,1,#Code Ressourcen/Team,ann,2026-06-09T14:34:00.000Z,2026-06-09T14:34:00.000Z,2026-06-09T14:34:00.000Z,text,3344,3554,,
fragments/1,Ressourcen/Team,cbe124367,Station-3,Demo,2026,Interview Station-3,ITEMSTAT300,ATTASTAT300,Station-3.txt,3,DEMO0077,highlight,#2ea8e5,Auszug 0077,,1,#Code Ressourcen/Team,bob,2026-06-09T14:34:00.000Z,2026-06-09T14:34:00.000Z,2026-06-09T14:34:00.000Z,text,3344,3554,,
fragments/1,Belastung/emotional,c96c04b3c,Station-3,Demo,2026,Interview Station-3,ITEMSTAT300,ATTASTAT300,Station-3.txt,3,DEMO0078,highlight,#ff6666,Auszug 0078,,1,#Code Belastung/emotional,ann,2026-06-09T14:58:00.000Z,2026-06-09T14:58:00.000Z,2026-06-09T14:58:00.000Z,text,3583,3753,,
fragments/1,Bewältigung/Distanz,c0bac907c,Station-3,Demo,2026,Interview Station-3,ITEMSTAT300,ATTASTAT300,Station-3.txt,3,DEMO0079,highlight,#5fb236,Auszug 0079,,1,#Code Bewältigung/Distanz,ann,2026-06-09T15:18:00.000Z,2026-06-09T15:18:00.000Z,2026-06-09T15:18:00.000Z,text,3789,3966,,
fragments/1,Bewältigung/Distanz,c0bac907c,Station-3,Demo,2026,Interview Station-3,ITEMSTAT300,ATTASTAT300,Station-3.txt,3,DEMO0079,highlight,#5fb236,Auszug 0079,,1,#Code Bewältigung/Distanz,bob,2026-06-09T15:18:00.000Z,2026-06-09T15:18:00.000Z,2026-06-09T15:18:00.000Z,text,3789,3966,,
fragments/1,Belastung/emotional,c96c04b3c,Station-3,Demo,2026,Interview Station-3,ITEMSTAT300,ATTASTAT300,Station-3.txt,3,DEMO0080,highlight,#ff6666,Auszug 0080,,1,#Code Belastung/emotional,ann,2026-06-09T15:42:00.000Z,2026-06-09T15:42:00.000Z,2026-06-09T15:42:00.000Z,text,4028,4191,,
fragments/1,Belastung/emotional,c96c04b3c,Station-3,Demo,2026,Interview Station-3,ITEMSTAT300,ATTASTAT300,Station-3.txt,3,DEMO0080,highlight,#ff6666,Auszug 0080,,1,#Code Belastung/emotional,bob,2026-06-09T15:42:00.000Z,2026-06-09T15:42:00.000Z,2026-06-09T15:42:00.000Z,text,4028,4191,,
fragments/1,Bewältigung/Humor,cdd0640c6,Station-3,Demo,2026,Interview Station-3,ITEMSTAT300,ATTASTAT300,Station-3.txt,3,DEMO0080,highlight,#5fb236,Auszug 0080,,1,#Code Bewältigung/Humor,bob,2026-06-09T15:42:00.000Z,2026-06-09T15:42:00.000Z,2026-06-09T15:42:00.000Z,text,4028,4191,,
fragments/1,Belastung/Zeitdruck,ca94d6b9f,Station-3,Demo,2026,Interview Station-3,ITEMSTAT300,ATTASTAT300,Station-3.txt,3,DEMO0081,highlight,#ff6666,Auszug 0081,,1,#Code Belastung/Zeitdruck,ann,2026-06-09T16:02:00.000Z,2026-06-09T16:02:00.000Z,2026-06-09T16:02:00.000Z,text,4222,4415,,
fragments/1,Belastung/körperlich,c4d31cf9b,Station-3,Demo,2026,Interview Station-3,ITEMSTAT300,ATTASTAT300,Station-3.txt,3,DEMO0081,highlight,#ff6666,Auszug 0081,,1,#Code Belastung/körperlich,ann,2026-06-09T16:02:00.000Z,2026-06-09T16:02:00.000Z,2026-06-09T16:02:00.000Z,text,4222,4415,,
fragments/1,Belastung/Zeitdruck,ca94d6b9f,Station-3,Demo,2026,Interview Station-3,ITEMSTAT300,ATTASTAT300,Station-3.txt,3,DEMO0082,highlight,#ff6666,Auszug 0082,,1,#Code Belastung/Zeitdruck,ann,2026-06-09T16:25:00.000Z,2026-06-09T16:25:00.000Z,2026-06-09T16:25:00.000Z,text,4454,4634,,
fragments/1,Belastung/Zeitdruck,ca94d6b9f,Station-3,Demo,2026,Interview Station-3,ITEMSTAT300,ATTASTAT300,Station-3.txt,3,DEMO0082,highlight,#ff6666,Auszug 0082,,1,#Code Belastung/Zeitdruck,bob,2026-06-09T16:25:00.000Z,2026-06-09T16:25:00.000Z,2026-06-09T16:25:00.000Z,text,4454,4634,,
fragments/1,Bewältigung/Distanz,c0bac907c,Station-3,Demo,2026,Interview Station-3,ITEMSTAT300,ATTASTAT300,Station-3.txt,3,DEMO0082,highlight,#5fb236,Auszug 0082,,1,#Code Bewältigung/Distanz,ann,2026-06-09T16:25:00.000Z,2026-06-09T16:25:00.000Z,2026-06-09T16:25:00.000Z,text,4454,4634,,
fragments/1,Belastung/Zeitdruck,ca94d6b9f,Station-3,Demo,2026,Interview Station-3,ITEMSTAT300,ATTASTAT300,Station-3.txt,4,DEMO0083,highlight,#ff6666,Auszug 0083,,1,#Code Belastung/Zeitdruck,ann,2026-06-09T16:46:00.000Z,2026-06-09T16:46:00.000Z,2026-06-09T16:46:00.000Z,text,4663,4849,,
fragments/1,Belastung/Zeitdruck,ca94d6b9f,Station-3,Demo,2026,Interview Station-3,ITEMSTAT300,ATTASTAT300,Station-3.txt,4,DEMO0083,highlight,#ff6666,Auszug 0083,,1,#Code Belastung/Zeitdruck,bob,2026-06-09T16:46:00.000Z,2026-06-09T16:46:00.000Z,2026-06-09T16:46:00.000Z,text,4663,4849,,
fragments/1,Bewältigung/Distanz,c0bac907c,Station-3,Demo,2026,Interview Station-3,ITEMSTAT300,ATTASTAT300,Station-3.txt,4,DEMO0083,highlight,#5fb236,Auszug 0083,,1,#Code Bewältigung/Distanz,ann,2026-06-09T16:46:00.000Z,2026-06-09T16:46:00.000Z,2026-06-09T16:46:00.000Z,text,4663,4849,,
fragments/1,Ressourcen/Anerkennung,cf30ac49f,Station-3,Demo,2026,Interview Station-3,ITEMSTAT300,ATTASTAT300,Station-3.txt,4,DEMO0084,highlight,#2ea8e5,Auszug 0084,,1,#Code Ressourcen/Anerkennung,ann,2026-06-09T17:11:00.000Z,2026-06-09T17:11:00.000Z,2026-06-09T17:11:00.000Z,text,4912,4998,,
fragments/1,Ressourcen/Autonomie,cd175d5c0,Station-3,Demo,2026,Interview Station-3,ITEMSTAT300,ATTASTAT300,Station-3.txt,4,DEMO0084,highlight,#2ea8e5,Auszug 0084,,1,#Code Ressourcen/Autonomie,bob,2026-06-09T17:11:00.000Z,2026-06-09T17:11:00.000Z,2026-06-09T17:11:00.000Z,text,4912,4998,,
fragments/1,Ressourcen/Team,cbe124367,Station-3,Demo,2026,Interview Station-3,ITEMSTAT300,ATTASTAT300,Station-3.txt,4,DEMO0085,highlight,#2ea8e5,Auszug 0085,,1,#Code Ressourcen/Team,ann,2026-06-09T17:25:00.000Z,2026-06-09T17:25:00.000Z,2026-06-09T17:25:00.000Z,text,5053,5156,,
fragments/1,Ressourcen/Autonomie,cd175d5c0,Station-3,Demo,2026,Interview Station-3,ITEMSTAT300,ATTASTAT300,Station-3.txt,4,DEMO0085,highlight,#2ea8e5,Auszug 0085,,1,#Code Ressourcen/Autonomie,bob,2026-06-09T17:25:00.000Z,2026-06-09T17:25:00.000Z,2026-06-09T17:25:00.000Z,text,5053,5156,,
fragments/1,Ressourcen/Team,cbe124367,Station-3,Demo,2026,Interview Station-3,ITEMSTAT300,ATTASTAT300,Station-3.txt,4,DEMO0086,highlight,#2ea8e5,Auszug 0086,,1,#Code Ressourcen/Team,ann,2026-06-09T17:39:00.000Z,2026-06-09T17:39:00.000Z,2026-06-09T17:39:00.000Z,text,5198,5381,,
fragments/1,Ressourcen/Team,cbe124367,Station-3,Demo,2026,Interview Station-3,ITEMSTAT300,ATTASTAT300,Station-3.txt,4,DEMO0086,highlight,#2ea8e5,Auszug 0086,,1,#Code Ressourcen/Team,bob,2026-06-09T17:39:00.000Z,2026-06-09T17:39:00.000Z,2026-06-09T17:39:00.000Z,text,5198,5381,,
fragments/1,Belastung/emotional,c96c04b3c,Station-3,Demo,2026,Interview Station-3,ITEMSTAT300,ATTASTAT300,Station-3.txt,4,DEMO0086,highlight,#ff6666,Auszug 0086,,1,#Code Belastung/emotional,bob,2026-06-09T17:39:00.000Z,2026-06-09T17:39:00.000Z,2026-06-09T17:39:00.000Z,text,5198,5381,,
fragments/1,Bewältigung/Humor,cdd0640c6,Station-3,Demo,2026,Interview Station-3,ITEMSTAT300,ATTASTAT300,Station-3.txt,4,DEMO0087,highlight,#5fb236,Auszug 0087,,1,#Code Bewältigung/Humor,ann,2026-06-09T18:05:00.000Z,2026-06-09T18:05:00.000Z,2026-06-09T18:05:00.000Z,text,5450,5645,,
fragments/1,Bewältigung/Humor,cdd0640c6,Station-3,Demo,2026,Interview Station-3,ITEMSTAT300,ATTASTAT300,Station-3.txt,4,DEMO0088,highlight,#5fb236,Auszug 0088,,1,#Code Bewältigung/Humor,ann,2026-06-09T18:30:00.000Z,2026-06-09T18:30:00.000Z,2026-06-09T18:30:00.000Z,text,5703,5883,,
fragments/1,Bewältigung/Humor,cdd0640c6,Station-3,Demo,2026,Interview Station-3,ITEMSTAT300,ATTASTAT300,Station-3.txt,4,DEMO0088,highlight,#5fb236,Auszug 0088,,1,#Code Bewältigung/Humor,bob,2026-06-09T18:30:00.000Z,2026-06-09T18:30:00.000Z,2026-06-09T18:30:00.000Z,text,5703,5883,,
fragments/1,Belastung/Zeitdruck,ca94d6b9f,Station-3,Demo,2026,Interview Station-3,ITEMSTAT300,ATTASTAT300,Station-3.txt,4,DEMO0089,highlight,#ff6666,Auszug 0089,,1,#Code Belastung/Zeitdruck,ann,2026-06-09T18:53:00.000Z,2026-06-09T18:53:00.000Z,2026-06-09T18:53:00.000Z,text,5938,6153,,
fragments/1,Belastung/körperlich,c4d31cf9b,Station-3,Demo,2026,Interview Station-3,ITEMSTAT300,ATTASTAT300,Station-3.txt,4,DEMO0089,highlight,#ff6666,Auszug 0089,,1,#Code Belastung/körperlich,bob,2026-06-09T18:53:00.000Z,2026-06-09T18:53:00.000Z,2026-06-09T18:53:00.000Z,text,5938,6153,,
fragments/1,Belastung/Zeitdruck,ca94d6b9f,Station-4,Demo,2026,Interview Station-4,ITEMSTAT400,ATTASTAT400,Station-4.txt,1,DEMO0090,highlight,#ff6666,Auszug 0090,,1,#Code Belastung/Zeitdruck,ann,2026-06-09T21:06:00.000Z,2026-06-09T21:06:00.000Z,2026-06-09T21:06:00.000Z,text,67,270,,
fragments/1,Belastung/Zeitdruck,ca94d6b9f,Station-4,Demo,2026,Interview Station-4,ITEMSTAT400,ATTASTAT400,Station-4.txt,1,DEMO0090,highlight,#ff6666,Auszug 0090,,1,#Code Belastung/Zeitdruck,bob,2026-06-09T21:06:00.000Z,2026-06-09T21:06:00.000Z,2026-06-09T21:06:00.000Z,text,67,270,,
fragments/1,Ressourcen/Team,cbe124367,Station-4,Demo,2026,Interview Station-4,ITEMSTAT400,ATTASTAT400,Station-4.txt,1,DEMO0091,highlight,#2ea8e5,Auszug 0091,,1,#Code Ressourcen/Team,ann,2026-06-09T21:30:00.000Z,2026-06-09T21:30:00.000Z,2026-06-09T21:30:00.000Z,text,300,411,,
fragments/1,Ressourcen/Team,cbe124367,Station-4,Demo,2026,Interview Station-4,ITEMSTAT400,ATTASTAT400,Station-4.txt,1,DEMO0091,highlight,#2ea8e5,Auszug 0091,,1,#Code Ressourcen/Team,bob,2026-06-09T21:30:00.000Z,2026-06-09T21:30:00.000Z,2026-06-09T21:30:00.000Z,text,300,411,,
fragments/1,Belastung/emotional,c96c04b3c,Station-4,Demo,2026,Interview Station-4,ITEMSTAT400,ATTASTAT400,Station-4.txt,1,DEMO0091,highlight,#ff6666,Auszug 0091,,1,#Code Belastung/emotional,bob,2026-06-09T21:30:00.000Z,2026-06-09T21:30:00.000Z,2026-06-09T21:30:00.000Z,text,300,411,,
fragments/1,Ressourcen/Autonomie,cd175d5c0,Station-4,Demo,2026,Interview Station-4,ITEMSTAT400,ATTASTAT400,Station-4.txt,1,DEMO0092,highlight,#2ea8e5,Auszug 0092,,1,#Code Ressourcen/Autonomie,ann,2026-06-09T21:43:00.000Z,2026-06-09T21:43:00.000Z,2026-06-09T21:43:00.000Z,text,432,650,,
fragments/1,Bewältigung/Humor,cdd0640c6,Station-4,Demo,2026,Interview Station-4,ITEMSTAT400,ATTASTAT400,Station-4.txt,1,DEMO0093,highlight,#5fb236,Auszug 0093,,1,#Code Bewältigung/Humor,ann,2026-06-09T22:08:00.000Z,2026-06-09T22:08:00.000Z,2026-06-09T22:08:00.000Z,text,688,843,,
fragments/1,Bewältigung/Distanz,c0bac907c,Station-4,Demo,2026,Interview Station-4,ITEMSTAT400,ATTASTAT400,Station-4.txt,1,DEMO0094,highlight,#5fb236,Auszug 0094,,1,#Code Bewältigung/Distanz,ann,2026-06-09T22:27:00.000Z,2026-06-09T22:27:00.000Z,2026-06-09T22:27:00.000Z,text,870,940,,
fragments/1,Bewältigung/Distanz,c0bac907c,Station-4,Demo,2026,Interview Station-4,ITEMSTAT400,ATTASTAT400,Station-4.txt,1,DEMO0094,highlight,#5fb236,Auszug 0094,,1,#Code Bewältigung/Distanz,bob,2026-06-09T22:27:00.000Z,2026-06-09T22:27:00.000Z,2026-06-09T22:27:00.000Z,text,870,940,,
fragments/1,Bewältigung/Humor,cdd0640c6,Station-4,Demo,2026,Interview Station-4,ITEMSTAT400,ATTASTAT400,Station-4.txt,1,DEMO0095,highlight,#5fb236,Auszug 0095,,1,#Code Bewältigung/Humor,ann,2026-06-09T22:41:00.000Z,2026-06-09T22:41:00.000Z,2026-06-09T22:41:00.000Z,text,1018,1173,,
fragments/1,Bewältigung/Humor,cdd0640c6,Station-4,Demo,2026,Interview Station-4,ITEMSTAT400,ATTASTAT400,Station-4.txt,1,DEMO0095,highlight,#5fb236,Auszug 0095,,1,#Code Bewältigung/Humor,bob,2026-06-09T22:41:00.000Z,2026-06-09T22:41:00.000Z,2026-06-09T22:41:00.000Z,text,1018,1173,,
fragments/1,Ressourcen/Team,cbe124367,Station-4,Demo,2026,Interview Station-4,ITEMSTAT400,ATTASTAT400,Station-4.txt,1,DEMO0096,highlight,#2ea8e5,Auszug 0096,,1,#Code Ressourcen/Team,ann,2026-06-09T23:00:00.000Z,2026-06-09T23:00:00.000Z,2026-06-09T23:00:00.000Z,text,1208,1402,,
fragments/1,Ressourcen/Team,cbe124367,Station-4,Demo,2026,Interview Station-4,ITEMSTAT400,ATTASTAT400,Station-4.txt,1,DEMO0096,highlight,#2ea8e5,Auszug 0096,,1,#Code Ressourcen/Team,bob,2026-06-09T23:00:00.000Z,2026-06-09T23:00:00.000Z,2026-06-09T23:00:00.000Z,text,1208,1402,,
fragments/1,Ressourcen/Anerkennung,cf30ac49f,Station-4,Demo,2026,Interview Station-4,ITEMSTAT400,ATTASTAT400,Station-4.txt,1,DEMO0097,highlight,#2ea8e5,Auszug 0097,,1,#Code Ressourcen/Anerkennung,ann,2026-06-09T23:24:00.000Z,2026-06-09T23:24:00.000Z,2026-06-09T23:24:00.000Z,text,1444,1634,,
fragments/1,Ressourcen/Team,cbe124367,Station-4,Demo,2026,Interview Station-4,ITEMSTAT400,ATTASTAT400,Station-4.txt,1,DEMO0097,highlight,#2ea8e5,Auszug 0097,,1,#Code Ressourcen/Team,ann,2026-06-09T23:24:00.000Z,2026-06-09T23:24:00.000Z,2026-06-09T23:24:00.000Z,text,1444,1634,,
fragments/1,Ressourcen/Anerkennung,cf30ac49f,Station-4,Demo,2026,Interview Station-4,ITEMSTAT400,ATTASTAT400,Station-4.txt,1,DEMO0097,highlight,#2ea8e5,Auszug 0097,,1,#Code Ressourcen/Anerkennung,bob,2026-06-09T23:24:00.000Z,2026-06-09T23:24:00.000Z,2026-06-09T23:24:00.000Z,text,1444,1634,,
fragments/1,Belastung/Zeitdruck,ca94d6b9f,Station-4,Demo,2026,Interview Station-4,ITEMSTAT400,ATTASTAT400,Station-4.txt,2,DEMO0098,highlight,#ff6666,Auszug 0098,,1,#Code Belastung/Zeitdruck,ann,2026-06-09T23:50:00.000Z,2026-06-09T23:50:00.000Z,2026-06-09T23:50:00.000Z,text,1706,1892,,
fragments/1,Belastung/emotional,c96c04b3c,Station-4,Demo,2026,Interview Station-4,ITEMSTAT400,ATTASTAT400,Station-4.txt,2,DEMO0099,highlight,#ff6666,Auszug 0099,,1,#Code Belastung/emotional,ann,2026-06-10T00:15:00.000Z,2026-06-10T00:15:00.000Z,2026-06-10T00:15:00.000Z,text,1955,2032,,
fragments/1,Belastung/Zeitdruck,ca94d6b9f,Station-4,Demo,2026,Interview Station-4,ITEMSTAT400,ATTASTAT400,Station-4.txt,2,DEMO0100,highlight,#ff6666,Auszug 0100,,1,#Code Belastung/Zeitdruck,ann,2026-06-10T00:30:00.000Z,2026-06-10T00:30:00.000Z,2026-06-10T00:30:00.000Z,text,2103,2288,,
fragments/1,Belastung/Zeitdruck,ca94d6b9f,Station-4,Demo,2026,Interview Station-4,ITEMSTAT400,ATTASTAT400,Station-4.txt,2,DEMO0100,highlight,#ff6666,Auszug 0100,,1,#Code Belastung/Zeitdruck,bob,2026-06-10T00:30:00.000Z,2026-06-10T00:30:00.000Z,2026-06-10T00:30:00.000Z,text,2103,2288,,
fragments/1,Bewältigung/Distanz,c0bac907c,Station-4,Demo,2026,Interview Station-4,ITEMSTAT400,ATTASTAT400,Station-4.txt,2,DEMO0101,highlight,#5fb236,Auszug 0101,,1,#Code Bewältigung/Distanz,ann,2026-06-10T00:55:00.000Z,2026-06-10T00:55:00.000Z,2026-06-10T00:55:00.000Z,text,2356,2558,,
fragments/1,Bewältigung/Humor,cdd0640c6,Station-4,Demo,2026,Interview Station-4,ITEMSTAT400,ATTASTAT400,Station-4.txt,2,DEMO0101,highlight,#5fb236,Auszug 0101,,1,#Code Bewältigung/Humor,bob,2026-06-10T00:55:00.000Z,2026-06-10T00:55:00.000Z,2026-06-10T00:55:00.000Z,text,2356,2558,,
fragments/1,Belastung/körperlich,c4d31cf9b,Station-4,Demo,2026,Interview Station-4,ITEMSTAT400,ATTASTAT400,Station-4.txt,2,DEMO0102,highlight,#ff6666,Auszug 0102,,1,#Code Belastung/körperlich,ann,2026-06-10T01:19:00.000Z,2026-06-10T01:19:00.000Z,2026-06-10T01:19:00.000Z,text,2595,2749,,
fragments/1,Belastung/Zeitdruck,ca94d6b9f,Station-4,Demo,2026,Interview Station-4,ITEMSTAT400,ATTASTAT400,Station-4.txt,2,DEMO0102,highlight,#ff6666,Auszug 0102,,1,#Code Belastung/Zeitdruck,bob,2026-06-10T01:19:00.000Z,2026-06-10T01:19:00.000Z,2026-06-10T01:19:00.000Z,text,2595,2749,,
fragments/1,Bewältigung/Sport,c63f43352,Station-4,Demo,2026,Interview Station-4,ITEMSTAT400,ATTASTAT400,Station-4.txt,2,DEMO0102,highlight,#5fb236,Auszug 0102,,1,#Code Bewältigung/Sport,bob,2026-06-10T01:19:00.000Z,2026-06-10T01:19:00.000Z,2026-06-10T01:19:00.000Z,text,2595,2749,,
fragments/1,Bewältigung/Humor,cdd0640c6,Station-4,Demo,2026,Interview Station-4,ITEMSTAT400,ATTASTAT400,Station-4.txt,2,DEMO0103,highlight,#5fb236,Auszug 0103,,1,#Code Bewältigung/Humor,ann,2026-06-10T01:40:00.000Z,2026-06-10T01:40:00.000Z,2026-06-10T01:40:00.000Z,text,2804,2979,,
fragments/1,Bewältigung/Humor,cdd0640c6,Station-4,Demo,2026,Interview Station-4,ITEMSTAT400,ATTASTAT400,Station-4.txt,2,DEMO0103,highlight,#5fb236,Auszug 0103,,1,#Code Bewältigung/Humor,bob,2026-06-10T01:40:00.000Z,2026-06-10T01:40:00.000Z,2026-06-10T01:40:00.000Z,text,2804,2979,,
fragments/1,Belastung/emotional,c96c04b3c,Station-4,Demo,2026,Interview Station-4,ITEMSTAT400,ATTASTAT400,Station-4.txt,3,DEMO0104,highlight,#ff6666,Auszug 0104,,1,#Code Belastung/emotional,ann,2026-06-10T02:01:00.000Z,2026-06-10T02:01:00.000Z,2026-06-10T02:01:00.000Z,text,3010,3184,,
fragments/1,Bewältigung/Humor,cdd0640c6,Station-4,Demo,2026,Interview Station-4,ITEMSTAT400,ATTASTAT400,Station-4.txt,3,DEMO0104,highlight,#5fb236,Auszug 0104,,1,#Code Bewältigung/Humor,ann,2026-06-10T02:01:00.000Z,2026-06-10T02:01:00.000Z,2026-06-10T02:01:00.000Z,text,3010,3184,,
fragments/1,Belastung/emotional,c96c04b3c,Station-4,Demo,2026,Interview Station-4,ITEMSTAT400,ATTASTAT400,Station-4.txt,3,DEMO0104,highlight,#ff6666,Auszug 0104,,1,#Code Belastung/emotional,bob,2026-06-10T02:01:00.000Z,2026-06-10T02:01:00.000Z,2026-06-10T02:01:00.000Z,text,3010,3184,,
fragments/1,Bewältigung/Distanz,c0bac907c,Station-4,Demo,2026,Interview Station-4,ITEMSTAT400,ATTASTAT400,Station-4.txt,3,DEMO0105,highlight,#5fb236,Auszug 0105,,1,#Code Bewältigung/Distanz,ann,2026-06-10T02:24:00.000Z,2026-06-10T02:24:00.000Z,2026-06-10T02:24:00.000Z,text,3242,3339,,
fragments/1,Bewältigung/Sport,c63f43352,Station-4,Demo,2026,Interview Station-4,ITEMSTAT400,ATTASTAT400,Station-4.txt,3,DEMO0105,highlight,#5fb236,Auszug 0105,,1,#Code Bewältigung/Sport,ann,2026-06-10T02:24:00.000Z,2026-06-10T02:24:00.000Z,2026-06-10T02:24:00.000Z,text,3242,3339,,
fragments/1,Bewältigung/Distanz,c0bac907c,Station-4,Demo,2026,Interview Station-4,ITEMSTAT400,ATTASTAT400,Station-4.txt,3,DEMO0105,highlight,#5fb236,Auszug 0105,,1,#Code Bewältigung/Distanz,bob,2026-06-10T02:24:00.000Z,2026-06-10T02:24:00.000Z,2026-06-10T02:24:00.000Z,text,3242,3339,,
fragments/1,Ressourcen/Team,cbe124367,Station-4,Demo,2026,Interview Station-4,ITEMSTAT400,ATTASTAT400,Station-4.txt,3,DEMO0106,highlight,#2ea8e5,Auszug 0106,,1,#Code Ressourcen/Team,ann,2026-06-10T02:36:00.000Z,2026-06-10T02:36:00.000Z,2026-06-10T02:36:00.000Z,text,3369,3500,,
fragments/1,Ressourcen/Team,cbe124367,Station-4,Demo,2026,Interview Station-4,ITEMSTAT400,ATTASTAT400,Station-4.txt,3,DEMO0106,highlight,#2ea8e5,Auszug 0106,,1,#Code Ressourcen/Team,bob,2026-06-10T02:36:00.000Z,2026-06-10T02:36:00.000Z,2026-06-10T02:36:00.000Z,text,3369,3500,,
fragments/1,Ressourcen/Team,cbe124367,Station-4,Demo,2026,Interview Station-4,ITEMSTAT400,ATTASTAT400,Station-4.txt,3,DEMO0107,highlight,#2ea8e5,Auszug 0107,,1,#Code Ressourcen/Team,ann,2026-06-10T02:53:00.000Z,2026-06-10T02:53:00.000Z,2026-06-10T02:53:00.000Z,text,3532,3637,,
fragments/1,Ressourcen/Anerkennung,cf30ac49f,Station-4,Demo,2026,Interview Station-4,ITEMSTAT400,ATTASTAT400,Station-4.txt,3,DEMO0107,highlight,#2ea8e5,Auszug 0107,,1,#Code Ressourcen/Anerkennung,bob,2026-06-10T02:53:00.000Z,2026-06-10T02:53:00.000Z,2026-06-10T02:53:00.000Z,text,3532,3637,,
fragments/1,Belastung/emotional,c96c04b3c,Station-4,Demo,2026,Interview Station-4,ITEMSTAT400,ATTASTAT400,Station-4.txt,3,DEMO0107,highlight,#ff6666,Auszug 0107,,1,#Code Belastung/emotional,bob,2026-06-10T02:53:00.000Z,2026-06-10T02:53:00.000Z,2026-06-10T02:53:00.000Z,text,3532,3637,,
fragments/1,Ressourcen/Team,cbe124367,Station-4,Demo,2026,Interview Station-4,ITEMSTAT400,ATTASTAT400,Station-4.txt,3,DEMO0108,highlight,#2ea8e5,Auszug 0108,,1,#Code Ressourcen/Team,ann,2026-06-10T03:10:00.000Z,2026-06-10T03:10:00.000Z,2026-06-10T03:10:00.000Z,text,3703,3803,,
fragments/1,Belastung/emotional,c96c04b3c,Station-4,Demo,2026,Interview Station-4,ITEMSTAT400,ATTASTAT400,Station-4.txt,3,DEMO0108,highlight,#ff6666,Auszug 0108,,1,#Code Belastung/emotional,bob,2026-06-10T03:10:00.000Z,2026-06-10T03:10:00.000Z,2026-06-10T03:10:00.000Z,text,3703,3803,,
fragments/1,Ressourcen/Anerkennung,cf30ac49f,Station-4,Demo,2026,Interview Station-4,ITEMSTAT400,ATTASTAT400,Station-4.txt,3,DEMO0109,highlight,#2ea8e5,Auszug 0109,,1,#Code Ressourcen/Anerkennung,ann,2026-06-10T03:25:00.000Z,2026-06-10T03:25:00.000Z,2026-06-10T03:25:00.000Z,text,3857,4068,,
fragments/1,Ressourcen/Anerkennung,cf30ac49f,Station-4,Demo,2026,Interview Station-4,ITEMSTAT400,ATTASTAT400,Station-4.txt,3,DEMO0109,highlight,#2ea8e5,Auszug 0109,,1,#Code Ressourcen/Anerkennung,bob,2026-06-10T03:25:00.000Z,2026-06-10T03:25:00.000Z,2026-06-10T03:25:00.000Z,text,3857,4068,,
fragments/1,Belastung/Zeitdruck,ca94d6b9f,Station-4,Demo,2026,Interview Station-4,ITEMSTAT400,ATTASTAT400,Station-4.txt,3,DEMO0110,highlight,#ff6666,Auszug 0110,,1,#Code Belastung/Zeitdruck,ann,2026-06-10T03:52:00.000Z,2026-06-10T03:52:00.000Z,2026-06-10T03:52:00.000Z,text,4121,4277,,
fragments/1,Belastung/Zeitdruck,ca94d6b9f,Station-4,Demo,2026,Interview Station-4,ITEMSTAT400,ATTASTAT400,Station-4.txt,3,DEMO0110,highlight,#ff6666,Auszug 0110,,1,#Code Belastung/Zeitdruck,bob,2026-06-10T03:52:00.000Z,2026-06-10T03:52:00.000Z,2026-06-10T03:52:00.000Z,text,4121,4277,,
fragments/1,Bewältigung/Distanz,c0bac907c,Station-4,Demo,2026,Interview Station-4,ITEMSTAT400,ATTASTAT400,Station-4.txt,3,DEMO0110,highlight,#5fb236,Auszug 0110,,1,#Code Bewältigung/Distanz,bob,2026-06-10T03:52:00.000Z,2026-06-10T03:52:00.000Z,2026-06-10T03:52:00.000Z,text,4121,4277,,
fragments/1,Bewältigung/Distanz,c0bac907c,Station-4,Demo,2026,Interview Station-4,ITEMSTAT400,ATTASTAT400,Station-4.txt,3,DEMO0111,highlight,#5fb236,Auszug 0111,,1,#Code Bewältigung/Distanz,ann,2026-06-10T04:12:00.000Z,2026-06-10T04:12:00.000Z,2026-06-10T04:12:00.000Z,text,4325,4404,,
fragments/1,Bewältigung/Distanz,c0bac907c,Station-4,Demo,2026,Interview Station-4,ITEMSTAT400,ATTASTAT400,Station-4.txt,3,DEMO0111,highlight,#5fb236,Auszug 0111,,1,#Code Bewältigung/Distanz,bob,2026-06-10T04:12:00.000Z,2026-06-10T04:12:00.000Z,2026-06-10T04:12:00.000Z,text,4325,4404,,
fragments/1,Ressourcen/Team,cbe124367,Station-4,Demo,2026,Interview Station-4,ITEMSTAT400,ATTASTAT400,Station-4.txt,3,DEMO0112,highlight,#2ea8e5,Auszug 0112,,1,#Code Ressourcen/Team,ann,2026-06-10T04:24:00.000Z,2026-06-10T04:24:00.000Z,2026-06-10T04:24:00.000Z,text,4444,4514,,
fragments/1,Ressourcen/Team,cbe124367,Station-4,Demo,2026,Interview Station-4,ITEMSTAT400,ATTASTAT400,Station-4.txt,3,DEMO0112,highlight,#2ea8e5,Auszug 0112,,1,#Code Ressourcen/Team,bob,2026-06-10T04:24:00.000Z,2026-06-10T04:24:00.000Z,2026-06-10T04:24:00.000Z,text,4444,4514,,
fragments/1,Ressourcen/Team,cbe124367,Station-4,Demo,2026,Interview Station-4,ITEMSTAT400,ATTASTAT400,Station-4.txt,4,DEMO0113,highlight,#2ea8e5,Auszug 0113,,1,#Code Ressourcen/Team,ann,2026-06-10T04:37:00.000Z,2026-06-10T04:37:00.000Z,2026-06-10T04:37:00.000Z,text,4574,4783,,
fragments/1,Ressourcen/Anerkennung,cf30ac49f,Station-4,Demo,2026,Interview Station-4,ITEMSTAT400,ATTASTAT400,Station-4.txt,4,DEMO0113,highlight,#2ea8e5,Auszug 0113,,1,#Code Ressourcen/Anerkennung,bob,2026-06-10T04:37:00.000Z,2026-06-10T04:37:00.000Z,2026-06-10T04:37:00.000Z,text,4574,4783,,
fragments/1,Belastung/emotional,c96c04b3c,Station-4,Demo,2026,Interview Station-4,ITEMSTAT400,ATTASTAT400,Station-4.txt,4,DEMO0113,highlight,#ff6666,Auszug 0113,,1,#Code Belastung/emotional,ann,2026-06-10T04:37:00.000Z,2026-06-10T04:37:00.000Z,2026-06-10T04:37:00.000Z,text,4574,4783,,
fragments/1,Belastung/emotional,c96c04b3c,Station-4,Demo,2026,Interview Station-4,ITEMSTAT400,ATTASTAT400,Station-4.txt,4,DEMO0114,highlight,#ff6666,Auszug 0114,,1,#Code Belastung/emotional,ann,2026-06-10T05:03:00.000Z,2026-06-10T05:03:00.000Z,2026-06-10T05:03:00.000Z,text,4835,4929,,
fragments/1,Belastung/körperlich,c4d31cf9b,Station-4,Demo,2026,Interview Station-4,ITEMSTAT400,ATTASTAT400,Station-4.txt,4,DEMO0114,highlight,#ff6666,Auszug 0114,,1,#Code Belastung/körperlich,bob,2026-06-10T05:03:00.000Z,2026-06-10T05:03:00.000Z,2026-06-10T05:03:00.000Z,text,4835,4929,,
fragments/1,Bewältigung/Humor,cdd0640c6,Station-4,Demo,2026,Interview Station-4,ITEMSTAT400,ATTASTAT400,Station-4.txt,4,DEMO0114,highlight,#5fb236,Auszug 0114,,1,#Code Bewältigung/Humor,bob,2026-06-10T05:03:00.000Z,2026-06-10T05:03:00.000Z,2026-06-10T05:03:00.000Z,text,4835,4929,,
fragments/1,Bewältigung/Distanz,c0bac907c,Station-4,Demo,2026,Interview Station-4,ITEMSTAT400,ATTASTAT400,Station-4.txt,4,DEMO0115,highlight,#5fb236,Auszug 0115,,1,#Code Bewältigung/Distanz,ann,2026-06-10T05:17:00.000Z,2026-06-10T05:17:00.000Z,2026-06-10T05:17:00.000Z,text,4979,5077,,
fragments/1,Bewältigung/Distanz,c0bac907c,Station-4,Demo,2026,Interview Station-4,ITEMSTAT400,ATTASTAT400,Station-4.txt,4,DEMO0115,highlight,#5fb236,Auszug 0115,,1,#Code Bewältigung/Distanz,bob,2026-06-10T05:17:00.000Z,2026-06-10T05:17:00.000Z,2026-06-10T05:17:00.000Z,text,4979,5077,,
fragments/1,Ressourcen/Autonomie,cd175d5c0,Verwaltung-1,Demo,2026,Interview Verwaltung-1,ITEMVERW100,ATTAVERW100,Verwaltung-1.txt,1,DEMO0116,highlight,#2ea8e5,Auszug 0116,,1,#Code Ressourcen/Autonomie,ann,2026-06-10T09:04:00.000Z,2026-06-10T09:04:00.000Z,2026-06-10T09:04:00.000Z,text,45,224,,
fragments/1,Ressourcen/Autonomie,cd175d5c0,Verwaltung-1,Demo,2026,Interview Verwaltung-1,ITEMVERW100,ATTAVERW100,Verwaltung-1.txt,1,DEMO0116,highlight,#2ea8e5,Auszug 0116,,1,#Code Ressourcen/Autonomie,bob,2026-06-10T09:04:00.000Z,2026-06-10T09:04:00.000Z,2026-06-10T09:04:00.000Z,text,45,224,,
fragments/1,Bewältigung/Distanz,c0bac907c,Verwaltung-1,Demo,2026,Interview Verwaltung-1,ITEMVERW100,ATTAVERW100,Verwaltung-1.txt,1,DEMO0117,highlight,#5fb236,Auszug 0117,,1,#Code Bewältigung/Distanz,ann,2026-06-10T09:27:00.000Z,2026-06-10T09:27:00.000Z,2026-06-10T09:27:00.000Z,text,275,446,,
fragments/1,Bewältigung/Sport,c63f43352,Verwaltung-1,Demo,2026,Interview Verwaltung-1,ITEMVERW100,ATTAVERW100,Verwaltung-1.txt,1,DEMO0117,highlight,#5fb236,Auszug 0117,,1,#Code Bewältigung/Sport,bob,2026-06-10T09:27:00.000Z,2026-06-10T09:27:00.000Z,2026-06-10T09:27:00.000Z,text,275,446,,
fragments/1,Bewältigung/Sport,c63f43352,Verwaltung-1,Demo,2026,Interview Verwaltung-1,ITEMVERW100,ATTAVERW100,Verwaltung-1.txt,1,DEMO0118,highlight,#5fb236,Auszug 0118,,1,#Code Bewältigung/Sport,ann,2026-06-10T09:51:00.000Z,2026-06-10T09:51:00.000Z,2026-06-10T09:51:00.000Z,text,515,630,,
fragments/1,Bewältigung/Distanz,c0bac907c,Verwaltung-1,Demo,2026,Interview Verwaltung-1,ITEMVERW100,ATTAVERW100,Verwaltung-1.txt,1,DEMO0118,highlight,#5fb236,Auszug 0118,,1,#Code Bewältigung/Distanz,bob,2026-06-10T09:51:00.000Z,2026-06-10T09:51:00.000Z,2026-06-10T09:51:00.000Z,text,515,630,,
fragments/1,Ressourcen/Anerkennung,cf30ac49f,Verwaltung-1,Demo,2026,Interview Verwaltung-1,ITEMVERW100,ATTAVERW100,Verwaltung-1.txt,1,DEMO0119,highlight,#2ea8e5,Auszug 0119,,1,#Code Ressourcen/Anerkennung,ann,2026-06-10T10:05:00.000Z,2026-06-10T10:05:00.000Z,2026-06-10T10:05:00.000Z,text,656,742,,
fragments/1,Ressourcen/Anerkennung,cf30ac49f,Verwaltung-1,Demo,2026,Interview Verwaltung-1,ITEMVERW100,ATTAVERW100,Verwaltung-1.txt,1,DEMO0119,highlight,#2ea8e5,Auszug 0119,,1,#Code Ressourcen/Anerkennung,bob,2026-06-10T10:05:00.000Z,2026-06-10T10:05:00.000Z,2026-06-10T10:05:00.000Z,text,656,742,,
fragments/1,Ressourcen/Anerkennung,cf30ac49f,Verwaltung-1,Demo,2026,Interview Verwaltung-1,ITEMVERW100,ATTAVERW100,Verwaltung-1.txt,1,DEMO0120,highlight,#2ea8e5,Auszug 0120,,1,#Code Ressourcen/Anerkennung,ann,2026-06-10T10:20:00.000Z,2026-06-10T10:20:00.000Z,2026-06-10T10:20:00.000Z,text,802,912,,
fragments/1,Ressourcen/Anerkennung,cf30ac49f,Verwaltung-1,Demo,2026,Interview Verwaltung-1,ITEMVERW100,ATTAVERW100,Verwaltung-1.txt,1,DEMO0120,highlight,#2ea8e5,Auszug 0120,,1,#Code Ressourcen/Anerkennung,bob,2026-06-10T10:20:00.000Z,2026-06-10T10:20:00.000Z,2026-06-10T10:20:00.000Z,text,802,912,,
fragments/1,Bewältigung/Distanz,c0bac907c,Verwaltung-1,Demo,2026,Interview Verwaltung-1,ITEMVERW100,ATTAVERW100,Verwaltung-1.txt,1,DEMO0121,highlight,#5fb236,Auszug 0121,,1,#Code Bewältigung/Distanz,ann,2026-06-10T10:38:00.000Z,2026-06-10T10:38:00.000Z,2026-06-10T10:38:00.000Z,text,981,1161,,
fragments/1,Bewältigung/Distanz,c0bac907c,Verwaltung-1,Demo,2026,Interview Verwaltung-1,ITEMVERW100,ATTAVERW100,Verwaltung-1.txt,1,DEMO0121,highlight,#5fb236,Auszug 0121,,1,#Code Bewältigung/Distanz,bob,2026-06-10T10:38:00.000Z,2026-06-10T10:38:00.000Z,2026-06-10T10:38:00.000Z,text,981,1161,,
fragments/1,Ressourcen/Team,cbe124367,Verwaltung-1,Demo,2026,Interview Verwaltung-1,ITEMVERW100,ATTAVERW100,Verwaltung-1.txt,1,DEMO0122,highlight,#2ea8e5,Auszug 0122,,1,#Code Ressourcen/Team,ann,2026-06-10T11:00:00.000Z,2026-06-10T11:00:00.000Z,2026-06-10T11:00:00.000Z,text,1208,1396,,
fragments/1,Ressourcen/Team,cbe124367,Verwaltung-1,Demo,2026,Interview Verwaltung-1,ITEMVERW100,ATTAVERW100,Verwaltung-1.txt,1,DEMO0122,highlight,#2ea8e5,Auszug 0122,,1,#Code Ressourcen/Team,bob,2026-06-10T11:00:00.000Z,2026-06-10T11:00:00.000Z,2026-06-10T11:00:00.000Z,text,1208,1396,,
fragments/1,Ressourcen/Autonomie,cd175d5c0,Verwaltung-1,Demo,2026,Interview Verwaltung-1,ITEMVERW100,ATTAVERW100,Verwaltung-1.txt,1,DEMO0123,highlight,#2ea8e5,Auszug 0123,,1,#Code Ressourcen/Autonomie,ann,2026-06-10T11:27:00.000Z,2026-06-10T11:27:00.000Z,2026-06-10T11:27:00.000Z,text,1474,1556,,
fragments/1,Ressourcen/Autonomie,cd175d5c0,Verwaltung-1,Demo,2026,Interview Verwaltung-1,ITEMVERW100,ATTAVERW100,Verwaltung-1.txt,1,DEMO0123,highlight,#2ea8e5,Auszug 0123,,1,#Code Ressourcen/Autonomie,bob,2026-06-10T11:27:00.000Z,2026-06-10T11:27:00.000Z,2026-06-10T11:27:00.000Z,text,1474,1556,,
fragments/1,Belastung/Zeitdruck,ca94d6b9f,Verwaltung-1,Demo,2026,Interview Verwaltung-1,ITEMVERW100,ATTAVERW100,Verwaltung-1.txt,2,DEMO0124,highlight,#ff6666,Auszug 0124,,1,#Code Belastung/Zeitdruck,ann,2026-06-10T11:39:00.000Z,2026-06-10T11:39:00.000Z,2026-06-10T11:39:00.000Z,text,1597,1773,,
fragments/1,Bewältigung/Distanz,c0bac907c,Verwaltung-1,Demo,2026,Interview Verwaltung-1,ITEMVERW100,ATTAVERW100,Verwaltung-1.txt,2,DEMO0124,highlight,#5fb236,Auszug 0124,,1,#Code Bewältigung/Distanz,bob,2026-06-10T11:39:00.000Z,2026-06-10T11:39:00.000Z,2026-06-10T11:39:00.000Z,text,1597,1773,,
fragments/1,Bewältigung/Distanz,c0bac907c,Verwaltung-1,Demo,2026,Interview Verwaltung-1,ITEMVERW100,ATTAVERW100,Verwaltung-1.txt,2,DEMO0124,highlight,#5fb236,Auszug 0124,,1,#Code Bewältigung/Distanz,ann,2026-06-10T11:39:00.000Z,2026-06-10T11:39:00.000Z,2026-06-10T11:39:00.000Z,text,1597,1773,,
fragments/1,Bewältigung/Distanz,c0bac907c,Verwaltung-1,Demo,2026,Interview Verwaltung-1,ITEMVERW100,ATTAVERW100,Verwaltung-1.txt,2,DEMO0125,highlight,#5fb236,Auszug 0125,,1,#Code Bewältigung/Distanz,ann,2026-06-10T12:04:00.000Z,2026-06-10T12:04:00.000Z,2026-06-10T12:04:00.000Z,text,1848,1913,,
fragments/1,Bewältigung/Humor,cdd0640c6,Verwaltung-1,Demo,2026,Interview Verwaltung-1,ITEMVERW100,ATTAVERW100,Verwaltung-1.txt,2,DEMO0125,highlight,#5fb236,Auszug 0125,,1,#Code Bewältigung/Humor,bob,2026-06-10T12:04:00.000Z,2026-06-10T12:04:00.000Z,2026-06-10T12:04:00.000Z,text,1848,1913,,
fragments/1,Ressourcen/Team,cbe124367,Verwaltung-1,Demo,2026,Interview Verwaltung-1,ITEMVERW100,ATTAVERW100,Verwaltung-1.txt,2,DEMO0126,highlight,#2ea8e5,Auszug 0126,,1,#Code Ressourcen/Team,ann,2026-06-10T12:17:00.000Z,2026-06-10T12:17:00.000Z,2026-06-10T12:17:00.000Z,text,1977,2113,,
fragments/1,Belastung/emotional,c96c04b3c,Verwaltung-1,Demo,2026,Interview Verwaltung-1,ITEMVERW100,ATTAVERW100,Verwaltung-1.txt,2,DEMO0126,highlight,#ff6666,Auszug 0126,,1,#Code Belastung/emotional,ann,2026-06-10T12:17:00.000Z,2026-06-10T12:17:00.000Z,2026-06-10T12:17:00.000Z,text,1977,2113,,
fragments/1,Bewältigung/Distanz,c0bac907c,Verwaltung-1,Demo,2026,Interview Verwaltung-1,ITEMVERW100,ATTAVERW100,Verwaltung-1.txt,2,DEMO0127,highlight,#5fb236,Auszug 0127,,1,#Code Bewältigung/Distanz,ann,2026-06-10T12:35:00.000Z,2026-06-10T12:35:00.000Z,2026-06-10T12:35:00.000Z,text,2156,2321,,
fragments/1,Bewältigung/Distanz,c0bac907c,Verwaltung-1,Demo,2026,Interview Verwaltung-1,ITEMVERW100,ATTAVERW100,Verwaltung-1.txt,2,DEMO0128,highlight,#5fb236,Auszug 0128,,1,#Code Bewältigung/Distanz,ann,2026-06-10T12:56:00.000Z,2026-06-10T12:56:00.000Z,2026-06-10T12:56:00.000Z,text,2361,2439,,
fragments/1,Bewältigung/Sport,c63f43352,Verwaltung-1,Demo,2026,Interview Verwaltung-1,ITEMVERW100,ATTAVERW100,Verwaltung-1.txt,2,DEMO0128,highlight,#5fb236,Auszug 0128,,1,#Code Bewältigung/Sport,bob,2026-06-10T12:56:00.000Z,2026-06-10T12:56:00.000Z,2026-06-10T12:56:00.000Z,text,2361,2439,,
fragments/1,Ressourcen/Team,cbe124367,Verwaltung-1,Demo,2026,Interview Verwaltung-1,ITEMVERW100,ATTAVERW100,Verwaltung-1.txt,2,DEMO0129,highlight,#2ea8e5,Auszug 0129,,1,#Code Ressourcen/Team,ann,2026-06-10T13:09:00.000Z,2026-06-10T13:09:00.000Z,2026-06-10T13:09:00.000Z,text,2495,2562,,
fragments/1,Ressourcen/Team,cbe124367,Verwaltung-1,Demo,2026,Interview Verwaltung-1,ITEMVERW100,ATTAVERW100,Verwaltung-1.txt,2,DEMO0129,highlight,#2ea8e5,Auszug 0129,,1,#Code Ressourcen/Team,bob,2026-06-10T13:09:00.000Z,2026-06-10T13:09:00.000Z,2026-06-10T13:09:00.000Z,text,2495,2562,,
fragments/1,Belastung/emotional,c96c04b3c,Verwaltung-1,Demo,2026,Interview Verwaltung-1,ITEMVERW100,ATTAVERW100,Verwaltung-1.txt,2,DEMO0129,highlight,#ff6666,Auszug 0129,,1,#Code Belastung/emotional,ann,2026-06-10T13:09:00.000Z,2026-06-10T13:09:00.000Z,2026-06-10T13:09:00.000Z,text,2495,2562,,
fragments/1,Bewältigung/Humor,cdd0640c6,Verwaltung-1,Demo,2026,Interview Verwaltung-1,ITEMVERW100,ATTAVERW100,Verwaltung-1.txt,2,DEMO0130,highlight,#5fb236,Auszug 0130,,1,#Code Bewältigung/Humor,ann,2026-06-10T13:23:00.000Z,2026-06-10T13:23:00.000Z,2026-06-10T13:23:00.000Z,text,2632,2746,,
fragments/1,Bewältigung/Humor,cdd0640c6,Verwaltung-1,Demo,2026,Interview Verwaltung-1,ITEMVERW100,ATTAVERW100,Verwaltung-1.txt,2,DEMO0130,highlight,#5fb236,Auszug 0130,,1,#Code Bewältigung/Humor,bob,2026-06-10T13:23:00.000Z,2026-06-10T13:23:00.000Z,2026-06-10T13:23:00.000Z,text,2632,2746,,
fragments/1,Ressourcen/Anerkennung,cf30ac49f,Verwaltung-1,Demo,2026,Interview Verwaltung-1,ITEMVERW100,ATTAVERW100,Verwaltung-1.txt,2,DEMO0131,highlight,#2ea8e5,Auszug 0131,,1,#Code Ressourcen/Anerkennung,ann,2026-06-10T13:42:00.000Z,2026-06-10T13:42:00.000Z,2026-06-10T13:42:00.000Z,text,2820,2894,,
fragments/1,Ressourcen/Anerkennung,cf30ac49f,Verwaltung-1,Demo,2026,Interview Verwaltung-1,ITEMVERW100,ATTAVERW100,Verwaltung-1.txt,2,DEMO0131,highlight,#2ea8e5,Auszug 0131,,1,#Code Ressourcen/Anerkennung,bob,2026-06-10T13:42:00.000Z,2026-06-10T13:42:00.000Z,2026-06-10T13:42:00.000Z,text,2820,2894,,
fragments/1,Bewältigung/Sport,c63f43352,Verwaltung-1,Demo,2026,Interview Verwaltung-1,ITEMVERW100,ATTAVERW100,Verwaltung-1.txt,2,DEMO0132,highlight,#5fb236,Auszug 0132,,1,#Code Bewältigung/Sport,ann,2026-06-10T13:54:00.000Z,2026-06-10T13:54:00.000Z,2026-06-10T13:54:00.000Z,text,2947,3065,,
fragments/1,Bewältigung/Sport,c63f43352,Verwaltung-1,Demo,2026,Interview Verwaltung-1,ITEMVERW100,ATTAVERW100,Verwaltung-1.txt,2,DEMO0132,highlight,#5fb236,Auszug 0132,,1,#Code Bewältigung/Sport,bob,2026-06-10T13:54:00.000Z,2026-06-10T13:54:00.000Z,2026-06-10T13:54:00.000Z,text,2947,3065,,
fragments/1,Ressourcen/Autonomie,cd175d5c0,Verwaltung-1,Demo,2026,Interview Verwaltung-1,ITEMVERW100,ATTAVERW100,Verwaltung-1.txt,3,DEMO0133,highlight,#2ea8e5,Auszug 0133,,1,#Code Ressourcen/Autonomie,ann,2026-06-10T14:10:00.000Z,2026-06-10T14:10:00.000Z,2026-06-10T14:10:00.000Z,text,3106,3256,,
fragments/1,Ressourcen/Team,cbe124367,Verwaltung-1,Demo,2026,Interview Verwaltung-1,ITEMVERW100,ATTAVERW100,Verwaltung-1.txt,3,DEMO0133,highlight,#2ea8e5,Auszug 0133,,1,#Code Ressourcen/Team,ann,2026-06-10T14:10:00.000Z,2026-06-10T14:10:00.000Z,2026-06-10T14:10:00.000Z,text,3106,3256,,
fragments/1,Ressourcen/Autonomie,cd175d5c0,Verwaltung-1,Demo,2026,Interview Verwaltung-1,ITEMVERW100,ATTAVERW100,Verwaltung-1.txt,3,DEMO0133,highlight,#2ea8e5,Auszug 0133,,1,#Code Ressourcen/Autonomie,bob,2026-06-10T14:10:00.000Z,2026-06-10T14:10:00.000Z,2026-06-10T14:10:00.000Z,text,3106,3256,,
fragments/1,Ressourcen/Anerkennung,cf30ac49f,Verwaltung-1,Demo,2026,Interview Verwaltung-1,ITEMVERW100,ATTAVERW100,Verwaltung-1.txt,3,DEMO0134,highlight,#2ea8e5,Auszug 0134,,1,#Code Ressourcen/Anerkennung,ann,2026-06-10T14:30:00.000Z,2026-06-10T14:30:00.000Z,2026-06-10T14:30:00.000Z,text,3303,3377,,
fragments/1,Ressourcen/Team,cbe124367,Verwaltung-1,Demo,2026,Interview Verwaltung-1,ITEMVERW100,ATTAVERW100,Verwaltung-1.txt,3,DEMO0134,highlight,#2ea8e5,Auszug 0134,,1,#Code Ressourcen/Team,ann,2026-06-10T14:30:00.000Z,2026-06-10T14:30:00.000Z,2026-06-10T14:30:00.000Z,text,3303,3377,,
fragments/1,Ressourcen/Anerkennung,cf30ac49f,Verwaltung-1,Demo,2026,Interview Verwaltung-1,ITEMVERW100,ATTAVERW100,Verwaltung-1.txt,3,DEMO0134,highlight,#2ea8e5,Auszug 0134,,1,#Code Ressourcen/Anerkennung,bob,2026-06-10T14:30:00.000Z,2026-06-10T14:30:00.000Z,2026-06-10T14:30:00.000Z,text,3303,3377,,
fragments/1,Ressourcen/Anerkennung,cf30ac49f,Verwaltung-1,Demo,2026,Interview Verwaltung-1,ITEMVERW100,ATTAVERW100,Verwaltung-1.txt,3,DEMO0135,highlight,#2ea8e5,Auszug 0135,,1,#Code Ressourcen/Anerkennung,ann,2026-06-10T14:42:00.000Z,2026-06-10T14:42:00.000Z,2026-06-10T14:42:00.000Z,text,3425,3562,,
fragments/1,Ressourcen/Anerkennung,cf30ac49f,Verwaltung-1,Demo,2026,Interview Verwaltung-1,ITEMVERW100,ATTAVERW100,Verwaltung-1.txt,3,DEMO0135,highlight,#2ea8e5,Auszug 0135,,1,#Code Ressourcen/Anerkennung,bob,2026-06-10T14:42:00.000Z,2026-06-10T14:42:00.000Z,2026-06-10T14:42:00.000Z,text,3425,3562,,
fragments/1,Ressourcen/Autonomie,cd175d5c0,Verwaltung-1,Demo,2026,Interview Verwaltung-1,ITEMVERW100,ATTAVERW100,Verwaltung-1.txt,3,DEMO0136,highlight,#2ea8e5,Auszug 0136,,1,#Code Ressourcen/Autonomie,ann,2026-06-10T15:00:00.000Z,2026-06-10T15:00:00.000Z,2026-06-10T15:00:00.000Z,text,3604,3704,,
fragments/1,Ressourcen/Autonomie,cd175d5c0,Verwaltung-1,Demo,2026,Interview Verwaltung-1,ITEMVERW100,ATTAVERW100,Verwaltung-1.txt,3,DEMO0136,highlight,#2ea8e5,Auszug 0136,,1,#Code Ressourcen/Autonomie,bob,2026-06-10T15:00:00.000Z,2026-06-10T15:00:00.000Z,2026-06-10T15:00:00.000Z,text,3604,3704,,
fragments/1,Ressourcen/Autonomie,cd175d5c0,Verwaltung-1,Demo,2026,Interview Verwaltung-1,ITEMVERW100,ATTAVERW100,Verwaltung-1.txt,3,DEMO0137,highlight,#2ea8e5,Auszug 0137,,1,#Code Ressourcen/Autonomie,ann,2026-06-10T15:18:00.000Z,2026-06-10T15:18:00.000Z,2026-06-10T15:18:00.000Z,text,3782,3876,,
fragments/1,Ressourcen/Autonomie,cd175d5c0,Verwaltung-1,Demo,2026,Interview Verwaltung-1,ITEMVERW100,ATTAVERW100,Verwaltung-1.txt,3,DEMO0137,highlight,#2ea8e5,Auszug 0137,,1,#Code Ressourcen/Autonomie,bob,2026-06-10T15:18:00.000Z,2026-06-10T15:18:00.000Z,2026-06-10T15:18:00.000Z,text,3782,3876,,
fragments/1,Bewältigung/Distanz,c0bac907c,Verwaltung-1,Demo,2026,Interview Verwaltung-1,ITEMVERW100,ATTAVERW100,Verwaltung-1.txt,3,DEMO0138,highlight,#5fb236,Auszug 0138,,1,#Code Bewältigung/Distanz,ann,2026-06-10T15:33:00.000Z,2026-06-10T15:33:00.000Z,2026-06-10T15:33:00.000Z,text,3937,4099,,
fragments/1,Bewältigung/Sport,c63f43352,Verwaltung-1,Demo,2026,Interview Verwaltung-1,ITEMVERW100,ATTAVERW100,Verwaltung-1.txt,3,DEMO0138,highlight,#5fb236,Auszug 0138,,1,#Code Bewältigung/Sport,ann,2026-06-10T15:33:00.000Z,2026-06-10T15:33:00.000Z,2026-06-10T15:33:00.000Z,text,3937,4099,,
fragments/1,Bewältigung/Distanz,c0bac907c,Verwaltung-1,Demo,2026,Interview Verwaltung-1,ITEMVERW100,ATTAVERW100,Verwaltung-1.txt,3,DEMO0138,highlight,#5fb236,Auszug 0138,,1,#Code Bewältigung/Distanz,bob,2026-06-10T15:33:00.000Z,2026-06-10T15:33:00.000Z,2026-06-10T15:33:00.000Z,text,3937,4099,,
fragments/1,Belastung/Zeitdruck,ca94d6b9f,Verwaltung-1,Demo,2026,Interview Verwaltung-1,ITEMVERW100,ATTAVERW100,Verwaltung-1.txt,3,DEMO0139,highlight,#ff6666,Auszug 0139,,1,#Code Belastung/Zeitdruck,ann,2026-06-10T15:57:00.000Z,2026-06-10T15:57:00.000Z,2026-06-10T15:57:00.000Z,text,4178,4364,,
fragments/1,Belastung/Zeitdruck,ca94d6b9f,Verwaltung-1,Demo,2026,Interview Verwaltung-1,ITEMVERW100,ATTAVERW100,Verwaltung-1.txt,3,DEMO0140,highlight,#ff6666,Auszug 0140,,1,#Code Belastung/Zeitdruck,ann,2026-06-10T16:20:00.000Z,2026-06-10T16:20:00.000Z,2026-06-10T16:20:00.000Z,text,4403,4491,,
fragments/1,Bewältigung/Distanz,c0bac907c,Verwaltung-1,Demo,2026,Interview Verwaltung-1,ITEMVERW100,ATTAVERW100,Verwaltung-1.txt,3,DEMO0140,highlight,#5fb236,Auszug 0140,,1,#Code Bewältigung/Distanz,bob,2026-06-10T16:20:00.000Z,2026-06-10T16:20:00.000Z,2026-06-10T16:20:00.000Z,text,4403,4491,,
fragments/1,Ressourcen/Team,cbe124367,Verwaltung-1,Demo,2026,Interview Verwaltung-1,ITEMVERW100,ATTAVERW100,Verwaltung-1.txt,4,DEMO0141,highlight,#2ea8e5,Auszug 0141,,1,#Code Ressourcen/Team,ann,2026-06-10T16:34:00.000Z,2026-06-10T16:34:00.000Z,2026-06-10T16:34:00.000Z,text,4542,4705,,
fragments/1,Ressourcen/Team,cbe124367,Verwaltung-1,Demo,2026,Interview Verwaltung-1,ITEMVERW100,ATTAVERW100,Verwaltung-1.txt,4,DEMO0141,highlight,#2ea8e5,Auszug 0141,,1,#Code Ressourcen/Team,bob,2026-06-10T16:34:00.000Z,2026-06-10T16:34:00.000Z,2026-06-10T16:34:00.000Z,text,4542,4705,,
fragments/1,Ressourcen/Team,cbe124367,Verwaltung-1,Demo,2026,Interview Verwaltung-1,ITEMVERW100,ATTAVERW100,Verwaltung-1.txt,4,DEMO0142,highlight,#2ea8e5,Auszug 0142,,1,#Code Ressourcen/Team,ann,2026-06-10T16:52:00.000Z,2026-06-10T16:52:00.000Z,2026-06-10T16:52:00.000Z,text,4725,4865,,
fragments/1,Ressourcen/Team,cbe124367,Verwaltung-1,Demo,2026,Interview Verwaltung-1,ITEMVERW100,ATTAVERW100,Verwaltung-1.txt,4,DEMO0142,highlight,#2ea8e5,Auszug 0142,,1,#Code Ressourcen/Team,bob,2026-06-10T16:52:00.000Z,2026-06-10T16:52:00.000Z,2026-06-10T16:52:00.000Z,text,4725,4865,,
fragments/1,Ressourcen/Anerkennung,cf30ac49f,Verwaltung-1,Demo,2026,Interview Verwaltung-1,ITEMVERW100,ATTAVERW100,Verwaltung-1.txt,4,DEMO0143,highlight,#2ea8e5,Auszug 0143,,1,#Code Ressourcen/Anerkennung,ann,2026-06-10T17:12:00.000Z,2026-06-10T17:12:00.000Z,2026-06-10T17:12:00.000Z,text,4922,5111,,
fragments/1,Ressourcen/Anerkennung,cf30ac49f,Verwaltung-1,Demo,2026,Interview Verwaltung-1,ITEMVERW100,ATTAVERW100,Verwaltung-1.txt,4,DEMO0143,highlight,#2ea8e5,Auszug 0143,,1,#Code Ressourcen/Anerkennung,bob,2026-06-10T17:12:00.000Z,2026-06-10T17:12:00.000Z,2026-06-10T17:12:00.000Z,text,4922,5111,,
fragments/1,Bewältigung/Sport,c63f43352,Verwaltung-2,Demo,2026,Interview Verwaltung-2,ITEMVERW200,ATTAVERW200,Verwaltung-2.txt,1,DEMO0144,highlight,#5fb236,Auszug 0144,,1,#Code Bewältigung/Sport,ann,2026-06-10T21:06:00.000Z,2026-06-10T21:06:00.000Z,2026-06-10T21:06:00.000Z,text,61,237,,
fragments/1,Bewältigung/Sport,c63f43352,Verwaltung-2,Demo,2026,Interview Verwaltung-2,ITEMVERW200,ATTAVERW200,Verwaltung-2.txt,1,DEMO0144,highlight,#5fb236,Auszug 0144,,1,#Code Bewältigung/Sport,bob,2026-06-10T21:06:00.000Z,2026-06-10T21:06:00.000Z,2026-06-10T21:06:00.000Z,text,61,237,,
fragments/1,Ressourcen/Autonomie,cd175d5c0,Verwaltung-2,Demo,2026,Interview Verwaltung-2,ITEMVERW200,ATTAVERW200,Verwaltung-2.txt,1,DEMO0145,highlight,#2ea8e5,Auszug 0145,,1,#Code Ressourcen/Autonomie,ann,2026-06-10T21:27:00.000Z,2026-06-10T21:27:00.000Z,2026-06-10T21:27:00.000Z,text,277,396,,
fragments/1,Ressourcen/Autonomie,cd175d5c0,Verwaltung-2,Demo,2026,Interview Verwaltung-2,ITEMVERW200,ATTAVERW200,Verwaltung-2.txt,1,DEMO0145,highlight,#2ea8e5,Auszug 0145,,1,#Code Ressourcen/Autonomie,bob,2026-06-10T21:27:00.000Z,2026-06-10T21:27:00.000Z,2026-06-10T21:27:00.000Z,text,277,396,,
fragments/1,Bewältigung/Distanz,c0bac907c,Verwaltung-2,Demo,2026,Interview Verwaltung-2,ITEMVERW200,ATTAVERW200,Verwaltung-2.txt,1,DEMO0146,highlight,#5fb236,Auszug 0146,,1,#Code Bewältigung/Distanz,ann,2026-06-10T21:42:00.000Z,2026-06-10T21:42:00.000Z,2026-06-10T21:42:00.000Z,text,426,636,,
fragments/1,Bewältigung/Distanz,c0bac907c,Verwaltung-2,Demo,2026,Interview Verwaltung-2,ITEMVERW200,ATTAVERW200,Verwaltung-2.txt,1,DEMO0146,highlight,#5fb236,Auszug 0146,,1,#Code Bewältigung/Distanz,bob,2026-06-10T21:42:00.000Z,2026-06-10T21:42:00.000Z,2026-06-10T21:42:00.000Z,text,426,636,,
fragments/1,Bewältigung/Distanz,c0bac907c,Verwaltung-2,Demo,2026,Interview Verwaltung-2,ITEMVERW200,ATTAVERW200,Verwaltung-2.txt,1,DEMO0147,highlight,#5fb236,Auszug 0147,,1,#Code Bewältigung/Distanz,ann,2026-06-10T22:10:00.000Z,2026-06-10T22:10:00.000Z,2026-06-10T22:10:00.000Z,text,704,889,,
fragments/1,Bewältigung/Distanz,c0bac907c,Verwaltung-2,Demo,2026,Interview Verwaltung-2,ITEMVERW200,ATTAVERW200,Verwaltung-2.txt,1,DEMO0147,highlight,#5fb236,Auszug 0147,,1,#Code Bewältigung/Distanz,bob,2026-06-10T22:10:00.000Z,2026-06-10T22:10:00.000Z,2026-06-10T22:10:00.000Z,text,704,889,,
fragments/1,Bewältigung/Sport,c63f43352,Verwaltung-2,Demo,2026,Interview Verwaltung-2,ITEMVERW200,ATTAVERW200,Verwaltung-2.txt,1,DEMO0148,highlight,#5fb236,Auszug 0148,,1,#Code Bewältigung/Sport,ann,2026-06-10T22:36:00.000Z,2026-06-10T22:36:00.000Z,2026-06-10T22:36:00.000Z,text,968,1035,,
fragments/1,Ressourcen/Team,cbe124367,Verwaltung-2,Demo,2026,Interview Verwaltung-2,ITEMVERW200,ATTAVERW200,Verwaltung-2.txt,1,DEMO0149,highlight,#2ea8e5,Auszug 0149,,1,#Code Ressourcen/Team,ann,2026-06-10T22:48:00.000Z,2026-06-10T22:48:00.000Z,2026-06-10T22:48:00.000Z,text,1088,1175,,
fragments/1,Ressourcen/Anerkennung,cf30ac49f,Verwaltung-2,Demo,2026,Interview Verwaltung-2,ITEMVERW200,ATTAVERW200,Verwaltung-2.txt,1,DEMO0149,highlight,#2ea8e5,Auszug 0149,,1,#Code Ressourcen/Anerkennung,ann,2026-06-10T22:48:00.000Z,2026-06-10T22:48:00.000Z,2026-06-10T22:48:00.000Z,text,1088,1175,,
fragments/1,Belastung/emotional,c96c04b3c,Verwaltung-2,Demo,2026,Interview Verwaltung-2,ITEMVERW200,ATTAVERW200,Verwaltung-2.txt,1,DEMO0149,highlight,#ff6666,Auszug 0149,,1,#Code Belastung/emotional,bob,2026-06-10T22:48:00.000Z,2026-06-10T22:48:00.000Z,2026-06-10T22:48:00.000Z,text,1088,1175,,
fragments/1,Belastung/emotional,c96c04b3c,Verwaltung-2,Demo,2026,Interview Verwaltung-2,ITEMVERW200,ATTAVERW200,Verwaltung-2.txt,1,DEMO0149,highlight,#ff6666,Auszug 0149,,1,#Code Belastung/emotional,ann,2026-06-10T22:48:00.000Z,2026-06-10T22:48:00.000Z,2026-06-10T22:48:00.000Z,text,1088,1175,,
fragments/1,Ressourcen/Autonomie,cd175d5c0,Verwaltung-2,Demo,2026,Interview Verwaltung-2,ITEMVERW200,ATTAVERW200,Verwaltung-2.txt,1,DEMO0150,highlight,#2ea8e5,Auszug 0150,,1,#Code Ressourcen/Autonomie,ann,2026-06-10T23:01:00.000Z,2026-06-10T23:01:00.000Z,2026-06-10T23:01:00.000Z,text,1219,1307,,
fragments/1,Ressourcen/Autonomie,cd175d5c0,Verwaltung-2,Demo,2026,Interview Verwaltung-2,ITEMVERW200,ATTAVERW200,Verwaltung-2.txt,1,DEMO0150,highlight,#2ea8e5,Auszug 0150,,1,#Code Ressourcen/Autonomie,bob,2026-06-10T23:01:00.000Z,2026-06-10T23:01:00.000Z,2026-06-10T23:01:00.000Z,text,1219,1307,,
fragments/1,Bewältigung/Distanz,c0bac907c,Verwaltung-2,Demo,2026,Interview Verwaltung-2,ITEMVERW200,ATTAVERW200,Verwaltung-2.txt,1,DEMO0151,highlight,#5fb236,Auszug 0151,,1,#Code Bewältigung/Distanz,ann,2026-06-10T23:14:00.000Z,2026-06-10T23:14:00.000Z,2026-06-10T23:14:00.000Z,text,1344,1473,,
fragments/1,Bewältigung/Sport,c63f43352,Verwaltung-2,Demo,2026,Interview Verwaltung-2,ITEMVERW200,ATTAVERW200,Verwaltung-2.txt,1,DEMO0151,highlight,#5fb236,Auszug 0151,,1,#Code Bewältigung/Sport,bob,2026-06-10T23:14:00.000Z,2026-06-10T23:14:00.000Z,2026-06-10T23:14:00.000Z,text,1344,1473,,
fragments/1,Bewältigung/Humor,cdd0640c6,Verwaltung-2,Demo,2026,Interview Verwaltung-2,ITEMVERW200,ATTAVERW200,Verwaltung-2.txt,2,DEMO0152,highlight,#5fb236,Auszug 0152,,1,#Code Bewältigung/Humor,ann,2026-06-10T23:30:00.000Z,2026-06-10T23:30:00.000Z,2026-06-10T23:30:00.000Z,text,1509,1692,,
fragments/1,Bewältigung/Humor,cdd0640c6,Verwaltung-2,Demo,2026,Interview Verwaltung-2,ITEMVERW200,ATTAVERW200,Verwaltung-2.txt,2,DEMO0152,highlight,#5fb236,Auszug 0152,,1,#Code Bewältigung/Humor,bob,2026-06-10T23:30:00.000Z,2026-06-10T23:30:00.000Z,2026-06-10T23:30:00.000Z,text,1509,1692,,
fragments/1,Belastung/Zeitdruck,ca94d6b9f,Verwaltung-2,Demo,2026,Interview Verwaltung-2,ITEMVERW200,ATTAVERW200,Verwaltung-2.txt,2,DEMO0153,highlight,#ff6666,Auszug 0153,,1,#Code Belastung/Zeitdruck,ann,2026-06-10T23:53:00.000Z,2026-06-10T23:53:00.000Z,2026-06-10T23:53:00.000Z,text,1730,1802,,
fragments/1,Belastung/Zeitdruck,ca94d6b9f,Verwaltung-2,Demo,2026,Interview Verwaltung-2,ITEMVERW200,ATTAVERW200,Verwaltung-2.txt,2,DEMO0153,highlight,#ff6666,Auszug 0153,,1,#Code Belastung/Zeitdruck,bob,2026-06-10T23:53:00.000Z,2026-06-10T23:53:00.000Z,2026-06-10T23:53:00.000Z,text,1730,1802,,
fragments/1,Bewältigung/Sport,c63f43352,Verwaltung-2,Demo,2026,Interview Verwaltung-2,ITEMVERW200,ATTAVERW200,Verwaltung-2.txt,2,DEMO0154,highlight,#5fb236,Auszug 0154,,1,#Code Bewältigung/Sport,ann,2026-06-11T00:07:00.000Z,2026-06-11T00:07:00.000Z,2026-06-11T00:07:00.000Z,text,1879,2072,,
fragments/1,Bewältigung/Sport,c63f43352,Verwaltung-2,Demo,2026,Interview Verwaltung-2,ITEMVERW200,ATTAVERW200,Verwaltung-2.txt,2,DEMO0154,highlight,#5fb236,Auszug 0154,,1,#Code Bewältigung/Sport,bob,2026-06-11T00:07:00.000Z,2026-06-11T00:07:00.000Z,2026-06-11T00:07:00.000Z,text,1879,2072,,
fragments/1,Ressourcen/Autonomie,cd175d5c0,Verwaltung-2,Demo,2026,Interview Verwaltung-2,ITEMVERW200,ATTAVERW200,Verwaltung-2.txt,2,DEMO0155,highlight,#2ea8e5,Auszug 0155,,1,#Code Ressourcen/Autonomie,ann,2026-06-11T00:33:00.000Z,2026-06-11T00:33:00.000Z,2026-06-11T00:33:00.000Z,text,2130,2330,,
fragments/1,Ressourcen/Autonomie,cd175d5c0,Verwaltung-2,Demo,2026,Interview Verwaltung-2,ITEMVERW200,ATTAVERW200,Verwaltung-2.txt,2,DEMO0155,highlight,#2ea8e5,Auszug 0155,,1,#Code Ressourcen/Autonomie,bob,2026-06-11T00:33:00.000Z,2026-06-11T00:33:00.000Z,2026-06-11T00:33:00.000Z,text,2130,2330,,
fragments/1,Ressourcen/Anerkennung,cf30ac49f,Verwaltung-2,Demo,2026,Interview Verwaltung-2,ITEMVERW200,ATTAVERW200,Verwaltung-2.txt,2,DEMO0156,highlight,#2ea8e5,Auszug 0156,,1,#Code Ressourcen/Anerkennung,ann,2026-06-11T00:56:00.000Z,2026-06-11T00:56:00.000Z,2026-06-11T00:56:00.000Z,text,2369,2437,,
fragments/1,Ressourcen/Team,cbe124367,Verwaltung-2,Demo,2026,Interview Verwaltung-2,ITEMVERW200,ATTAVERW200,Verwaltung-2.txt,2,DEMO0156,highlight,#2ea8e5,Auszug 0156,,1,#Code Ressourcen/Team,bob,2026-06-11T00:56:00.000Z,2026-06-11T00:56:00.000Z,2026-06-11T00:56:00.000Z,text,2369,2437,,
fragments/1,Belastung/Zeitdruck,ca94d6b9f,Verwaltung-2,Demo,2026,Interview Verwaltung-2,ITEMVERW200,ATTAVERW200,Verwaltung-2.txt,2,DEMO0157,highlight,#ff6666,Auszug 0157,,1,#Code Belastung/Zeitdruck,ann,2026-06-11T01:09:00.000Z,2026-06-11T01:09:00.000Z,2026-06-11T01:09:00.000Z,text,2498,2599,,
fragments/1,Belastung/Zeitdruck,ca94d6b9f,Verwaltung-2,Demo,2026,Interview Verwaltung-2,ITEMVERW200,ATTAVERW200,Verwaltung-2.txt,2,DEMO0157,highlight,#ff6666,Auszug 0157,,1,#Code Belastung/Zeitdruck,bob,2026-06-11T01:09:00.000Z,2026-06-11T01:09:00.000Z,2026-06-11T01:09:00.000Z,text,2498,2599,,
fragments/1,Ressourcen/Autonomie,cd175d5c0,Verwaltung-2,Demo,2026,Interview Verwaltung-2,ITEMVERW200,ATTAVERW200,Verwaltung-2.txt,2,DEMO0158,highlight,#2ea8e5,Auszug 0158,,1,#Code Ressourcen/Autonomie,ann,2026-06-11T01:26:00.000Z,2026-06-11T01:26:00.000Z,2026-06-11T01:26:00.000Z,text,2666,2733,,
fragments/1,Ressourcen/Autonomie,cd175d5c0,Verwaltung-2,Demo,2026,Interview Verwaltung-2,ITEMVERW200,ATTAVERW200,Verwaltung-2.txt,2,DEMO0158,highlight,#2ea8e5,Auszug 0158,,1,#Code Ressourcen/Autonomie,bob,2026-06-11T01:26:00.000Z,2026-06-11T01:26:00.000Z,2026-06-11T01:26:00.000Z,text,2666,2733,,
fragments/1,Bewältigung/Distanz,c0bac907c,Verwaltung-2,Demo,2026,Interview Verwaltung-2,ITEMVERW200,ATTAVERW200,Verwaltung-2.txt,2,DEMO0159,highlight,#5fb236,Auszug 0159,,1,#Code Bewältigung/Distanz,ann,2026-06-11T01:39:00.000Z,2026-06-11T01:39:00.000Z,2026-06-11T01:39:00.000Z,text,2795,3007,,
fragments/1,Bewältigung/Distanz,c0bac907c,Verwaltung-2,Demo,2026,Interview Verwaltung-2,ITEMVERW200,ATTAVERW200,Verwaltung-2.txt,2,DEMO0159,highlight,#5fb236,Auszug 0159,,1,#Code Bewältigung/Distanz,bob,2026-06-11T01:39:00.000Z,2026-06-11T01:39:00.000Z,2026-06-11T01:39:00.000Z,text,2795,3007,,
fragments/1,Bewältigung/Humor,cdd0640c6,Verwaltung-2,Demo,2026,Interview Verwaltung-2,ITEMVERW200,ATTAVERW200,Verwaltung-2.txt,3,DEMO0160,highlight,#5fb236,Auszug 0160,,1,#Code Bewältigung/Humor,ann,2026-06-11T02:04:00.000Z,2026-06-11T02:04:00.000Z,2026-06-11T02:04:00.000Z,text,3041,3108,,
fragments/1,Bewältigung/Humor,cdd0640c6,Verwaltung-2,Demo,2026,Interview Verwaltung-2,ITEMVERW200,ATTAVERW200,Verwaltung-2.txt,3,DEMO0160,highlight,#5fb236,Auszug 0160,,1,#Code Bewältigung/Humor,bob,2026-06-11T02:04:00.000Z,2026-06-11T02:04:00.000Z,2026-06-11T02:04:00.000Z,text,3041,3108,,
fragments/1,Ressourcen/Anerkennung,cf30ac49f,Verwaltung-2,Demo,2026,Interview Verwaltung-2,ITEMVERW200,ATTAVERW200,Verwaltung-2.txt,3,DEMO0161,highlight,#2ea8e5,Auszug 0161,,1,#Code Ressourcen/Anerkennung,ann,2026-06-11T02:16:00.000Z,2026-06-11T02:16:00.000Z,2026-06-11T02:16:00.000Z,text,3163,3329,,
fragments/1,Ressourcen/Anerkennung,cf30ac49f,Verwaltung-2,Demo,2026,Interview Verwaltung-2,ITEMVERW200,ATTAVERW200,Verwaltung-2.txt,3,DEMO0161,highlight,#2ea8e5,Auszug 0161,,1,#Code Ressourcen/Anerkennung,bob,2026-06-11T02:16:00.000Z,2026-06-11T02:16:00.000Z,2026-06-11T02:16:00.000Z,text,3163,3329,,
fragments/1,Bewältigung/Sport,c63f43352,Verwaltung-2,Demo,2026,Interview Verwaltung-2,ITEMVERW200,ATTAVERW200,Verwaltung-2.txt,3,DEMO0162,highlight,#5fb236,Auszug 0162,,1,#Code Bewältigung/Sport,ann,2026-06-11T02:37:00.000Z,2026-06-11T02:37:00.000Z,2026-06-11T02:37:00.000Z,text,3372,3475,,
fragments/1,Bewältigung/Distanz,c0bac907c,Verwaltung-2,Demo,2026,Interview Verwaltung-2,ITEMVERW200,ATTAVERW200,Verwaltung-2.txt,3,DEMO0162,highlight,#5fb236,Auszug 0162,,1,#Code Bewältigung/Distanz,ann,2026-06-11T02:37:00.000Z,2026-06-11T02:37:00.000Z,2026-06-11T02:37:00.000Z,text,3372,3475,,
fragments/1,Bewältigung/Humor,cdd0640c6,Verwaltung-2,Demo,2026,Interview Verwaltung-2,ITEMVERW200,ATTAVERW200,Verwaltung-2.txt,3,DEMO0162,highlight,#5fb236,Auszug 0162,,1,#Code Bewältigung/Humor,bob,2026-06-11T02:37:00.000Z,2026-06-11T02:37:00.000Z,2026-06-11T02:37:00.000Z,text,3372,3475,,
fragments/1,Belastung/Zeitdruck,ca94d6b9f,Verwaltung-2,Demo,2026,Interview Verwaltung-2,ITEMVERW200,ATTAVERW200,Verwaltung-2.txt,3,DEMO0163,highlight,#ff6666,Auszug 0163,,1,#Code Belastung/Zeitdruck,ann,2026-06-11T02:49:00.000Z,2026-06-11T02:49:00.000Z,2026-06-11T02:49:00.000Z,text,3498,3602,,
fragments/1,Belastung/körperlich,c4d31cf9b,Verwaltung-2,Demo,2026,Interview Verwaltung-2,ITEMVERW200,ATTAVERW200,Verwaltung-2.txt,3,DEMO0164,highlight,#ff6666,Auszug 0164,,1,#Code Belastung/körperlich,ann,2026-06-11T03:07:00.000Z,2026-06-11T03:07:00.000Z,2026-06-11T03:07:00.000Z,text,3671,3828,,
fragments/1,Belastung/körperlich,c4d31cf9b,Verwaltung-2,Demo,2026,Interview Verwaltung-2,ITEMVERW200,ATTAVERW200,Verwaltung-2.txt,3,DEMO0164,highlight,#ff6666,Auszug 0164,,1,#Code Belastung/körperlich,bob,2026-06-11T03:07:00.000Z,2026-06-11T03:07:00.000Z,2026-06-11T03:07:00.000Z,text,3671,3828,,
fragments/1,Bewältigung/Distanz,c0bac907c,Verwaltung-2,Demo,2026,Interview Verwaltung-2,ITEMVERW200,ATTAVERW200,Verwaltung-2.txt,3,DEMO0165,highlight,#5fb236,Auszug 0165,,1,#Code Bewältigung/Distanz,ann,2026-06-11T03:30:00.000Z,2026-06-11T03:30:00.000Z,2026-06-11T03:30:00.000Z,text,3904,4038,,
fragments/1,Bewältigung/Distanz,c0bac907c,Verwaltung-2,Demo,2026,Interview Verwaltung-2,ITEMVERW200,ATTAVERW200,Verwaltung-2.txt,3,DEMO0165,highlight,#5fb236,Auszug 0165,,1,#Code Bewältigung/Distanz,bob,2026-06-11T03:30:00.000Z,2026-06-11T03:30:00.000Z,2026-06-11T03:30:00.000Z,text,3904,4038,,
fragments/1,Bewältigung/Distanz,c0bac907c,Verwaltung-2,Demo,2026,Interview Verwaltung-2,ITEMVERW200,ATTAVERW200,Verwaltung-2.txt,3,DEMO0166,highlight,#5fb236,Auszug 0166,,1,#Code Bewältigung/Distanz,ann,2026-06-11T03:48:00.000Z,2026-06-11T03:48:00.000Z,2026-06-11T03:48:00.000Z,text,4086,4264,,
fragments/1,Bewältigung/Distanz,c0bac907c,Verwaltung-2,Demo,2026,Interview Verwaltung-2,ITEMVERW200,ATTAVERW200,Verwaltung-2.txt,3,DEMO0166,highlight,#5fb236,Auszug 0166,,1,#Code Bewältigung/Distanz,bob,2026-06-11T03:48:00.000Z,2026-06-11T03:48:00.000Z,2026-06-11T03:48:00.000Z,text,4086,4264,,
fragments/1,Bewältigung/Sport,c63f43352,Verwaltung-2,Demo,2026,Interview Verwaltung-2,ITEMVERW200,ATTAVERW200,Verwaltung-2.txt,3,DEMO0167,highlight,#5fb236,Auszug 0167,,1,#Code Bewältigung/Sport,ann,2026-06-11T04:11:00.000Z,2026-06-11T04:11:00.000Z,2026-06-11T04:11:00.000Z,text,4313,4392,,
fragments/1,Bewältigung/Sport,c63f43352,Verwaltung-2,Demo,2026,Interview Verwaltung-2,ITEMVERW200,ATTAVERW200,Verwaltung-2.txt,3,DEMO0167,highlight,#5fb236,Auszug 0167,,1,#Code Bewältigung/Sport,bob,2026-06-11T04:11:00.000Z,2026-06-11T04:11:00.000Z,2026-06-11T04:11:00.000Z,text,4313,4392,,
fragments/1,Ressourcen/Anerkennung,cf30ac49f,Verwaltung-2,Demo,2026,Interview Verwaltung-2,ITEMVERW200,ATTAVERW200,Verwaltung-2.txt,3,DEMO0168,highlight,#2ea8e5,Auszug 0168,,1,#Code Ressourcen/Anerkennung,ann,2026-06-11T04:22:00.000Z,2026-06-11T04:22:00.000Z,2026-06-11T04:22:00.000Z,text,4423,4553,,
fragments/1,Ressourcen/Anerkennung,cf30ac49f,Verwaltung-2,Demo,2026,Interview Verwaltung-2,ITEMVERW200,ATTAVERW200,Verwaltung-2.txt,3,DEMO0168,highlight,#2ea8e5,Auszug 0168,,1,#Code Ressourcen/Anerkennung,bob,2026-06-11T04:22:00.000Z,2026-06-11T04:22:00.000Z,2026-06-11T04:22:00.000Z,text,4423,4553,,
fragments/1,Bewältigung/Distanz,c0bac907c,Verwaltung-2,Demo,2026,Interview Verwaltung-2,ITEMVERW200,ATTAVERW200,Verwaltung-2.txt,4,DEMO0169,highlight,#5fb236,Auszug 0169,,1,#Code Bewältigung/Distanz,ann,2026-06-11T04:42:00.000Z,2026-06-11T04:42:00.000Z,2026-06-11T04:42:00.000Z,text,4623,4771,,
fragments/1,Bewältigung/Distanz,c0bac907c,Verwaltung-2,Demo,2026,Interview Verwaltung-2,ITEMVERW200,ATTAVERW200,Verwaltung-2.txt,4,DEMO0169,highlight,#5fb236,Auszug 0169,,1,#Code Bewältigung/Distanz,bob,2026-06-11T04:42:00.000Z,2026-06-11T04:42:00.000Z,2026-06-11T04:42:00.000Z,text,4623,4771,,
fragments/1,Bewältigung/Distanz,c0bac907c,Verwaltung-2,Demo,2026,Interview Verwaltung-2,ITEMVERW200,ATTAVERW200,Verwaltung-2.txt,4,DEMO0170,highlight,#5fb236,Auszug 0170,,1,#Code Bewältigung/Distanz,ann,2026-06-11T05:01:00.000Z,2026-06-11T05:01:00.000Z,2026-06-11T05:01:00.000Z,text,4811,4906,,
fragments/1,Bewältigung/Humor,cdd0640c6,Verwaltung-2,Demo,2026,Interview Verwaltung-2,ITEMVERW200,ATTAVERW200,Verwaltung-2.txt,4,DEMO0170,highlight,#5fb236,Auszug 0170,,1,#Code Bewältigung/Humor,bob,2026-06-11T05:01:00.000Z,2026-06-11T05:01:00.000Z,2026-06-11T05:01:00.000Z,text,4811,4906,,
fragments/1,Ressourcen/Autonomie,cd175d5c0,Verwaltung-2,Demo,2026,Interview Verwaltung-2,ITEMVERW200,ATTAVERW200,Verwaltung-2.txt,4,DEMO0171,highlight,#2ea8e5,Auszug 0171,,1,#Code Ressourcen/Autonomie,ann,2026-06-11T05:17:00.000Z,2026-06-11T05:17:00.000Z,2026-06-11T05:17:00.000Z,text,4970,5057,,
fragments/1,Ressourcen/Autonomie,cd175d5c0,Verwaltung-2,Demo,2026,Interview Verwaltung-2,ITEMVERW200,ATTAVERW200,Verwaltung-2.txt,4,DEMO0171,highlight,#2ea8e5,Auszug 0171,,1,#Code Ressourcen/Autonomie,bob,2026-06-11T05:17:00.000Z,2026-06-11T05:17:00.000Z,2026-06-11T05:17:00.000Z,text,4970,5057,,
fragments/1,Bewältigung/Distanz,c0bac907c,Verwaltung-2,Demo,2026,Interview Verwaltung-2,ITEMVERW200,ATTAVERW200,Verwaltung-2.txt,4,DEMO0172,highlight,#5fb236,Auszug 0172,,1,#Code Bewältigung/Distanz,ann,2026-06-11T05:29:00.000Z,2026-06-11T05:29:00.000Z,2026-06-11T05:29:00.000Z,text,5096,5156,,
fragments/1,Bewältigung/Distanz,c0bac907c,Verwaltung-2,Demo,2026,Interview Verwaltung-2,ITEMVERW200,ATTAVERW200,Verwaltung-2.txt,4,DEMO0172,highlight,#5fb236,Auszug 0172,,1,#Code Bewältigung/Distanz,bob,2026-06-11T05:29:00.000Z,2026-06-11T05:29:00.000Z,2026-06-11T05:29:00.000Z,text,5096,5156,,
fragments/1,Bewältigung/Humor,cdd0640c6,Verwaltung-3,Demo,2026,Interview Verwaltung-3,ITEMVERW300,ATTAVERW300,Verwaltung-3.txt,1,DEMO0173,highlight,#5fb236,Auszug 0173,,1,#Code Bewältigung/Humor,ann,2026-06-11T09:04:00.000Z,2026-06-11T09:04:00.000Z,2026-06-11T09:04:00.000Z,text,42,161,,
fragments/1,Bewältigung/Humor,cdd0640c6,Verwaltung-3,Demo,2026,Interview Verwaltung-3,ITEMVERW300,ATTAVERW300,Verwaltung-3.txt,1,DEMO0173,highlight,#5fb236,Auszug 0173,,1,#Code Bewältigung/Humor,bob,2026-06-11T09:04:00.000Z,2026-06-11T09:04:00.000Z,2026-06-11T09:04:00.000Z,text,42,161,,
fragments/1,Ressourcen/Team,cbe124367,Verwaltung-3,Demo,2026,Interview Verwaltung-3,ITEMVERW300,ATTAVERW300,Verwaltung-3.txt,1,DEMO0174,highlight,#2ea8e5,Auszug 0174,,1,#Code Ressourcen/Team,ann,2026-06-11T09:20:00.000Z,2026-06-11T09:20:00.000Z,2026-06-11T09:20:00.000Z,text,208,346,,
fragments/1,Ressourcen/Autonomie,cd175d5c0,Verwaltung-3,Demo,2026,Interview Verwaltung-3,ITEMVERW300,ATTAVERW300,Verwaltung-3.txt,1,DEMO0174,highlight,#2ea8e5,Auszug 0174,,1,#Code Ressourcen/Autonomie,bob,2026-06-11T09:20:00.000Z,2026-06-11T09:20:00.000Z,2026-06-11T09:20:00.000Z,text,208,346,,
fragments/1,Belastung/emotional,c96c04b3c,Verwaltung-3,Demo,2026,Interview Verwaltung-3,ITEMVERW300,ATTAVERW300,Verwaltung-3.txt,1,DEMO0174,highlight,#ff6666,Auszug 0174,,1,#Code Belastung/emotional,ann,2026-06-11T09:20:00.000Z,2026-06-11T09:20:00.000Z,2026-06-11T09:20:00.000Z,text,208,346,,
fragments/1,Belastung/emotional,c96c04b3c,Verwaltung-3,Demo,2026,Interview Verwaltung-3,ITEMVERW300,ATTAVERW300,Verwaltung-3.txt,1,DEMO0175,highlight,#ff6666,Auszug 0175,,1,#Code Belastung/emotional,ann,2026-06-11T09:42:00.000Z,2026-06-11T09:42:00.000Z,2026-06-11T09:42:00.000Z,text,425,509,,
fragments/1,Belastung/emotional,c96c04b3c,Verwaltung-3,Demo,2026,Interview Verwaltung-3,ITEMVERW300,ATTAVERW300,Verwaltung-3.txt,1,DEMO0175,highlight,#ff6666,Auszug 0175,,1,#Code Belastung/emotional,bob,2026-06-11T09:42:00.000Z,2026-06-11T09:42:00.000Z,2026-06-11T09:42:00.000Z,text,425,509,,
fragments/1,Bewältigung/Humor,cdd0640c6,Verwaltung-3,Demo,2026,Interview Verwaltung-3,ITEMVERW300,ATTAVERW300,Verwaltung-3.txt,1,DEMO0175,highlight,#5fb236,Auszug 0175,,1,#Code Bewältigung/Humor,bob,2026-06-11T09:42:00.000Z,2026-06-11T09:42:00.000Z,2026-06-11T09:42:00.000Z,text,425,509,,
fragments/1,Bewältigung/Humor,cdd0640c6,Verwaltung-3,Demo,2026,Interview Verwaltung-3,ITEMVERW300,ATTAVERW300,Verwaltung-3.txt,1,DEMO0176,highlight,#5fb236,Auszug 0176,,1,#Code Bewältigung/Humor,ann,2026-06-11T09:55:00.000Z,2026-06-11T09:55:00.000Z,2026-06-11T09:55:00.000Z,text,553,663,,
fragments/1,Bewältigung/Humor,cdd0640c6,Verwaltung-3,Demo,2026,Interview Verwaltung-3,ITEMVERW300,ATTAVERW300,Verwaltung-3.txt,1,DEMO0176,highlight,#5fb236,Auszug 0176,,1,#Code Bewältigung/Humor,bob,2026-06-11T09:55:00.000Z,2026-06-11T09:55:00.000Z,2026-06-11T09:55:00.000Z,text,553,663,,
fragments/1,Belastung/Zeitdruck,ca94d6b9f,Verwaltung-3,Demo,2026,Interview Verwaltung-3,ITEMVERW300,ATTAVERW300,Verwaltung-3.txt,1,DEMO0177,highlight,#ff6666,Auszug 0177,,1,#Code Belastung/Zeitdruck,ann,2026-06-11T10:11:00.000Z,2026-06-11T10:11:00.000Z,2026-06-11T10:11:00.000Z,text,713,810,,
fragments/1,Belastung/Zeitdruck,ca94d6b9f,Verwaltung-3,Demo,2026,Interview Verwaltung-3,ITEMVERW300,ATTAVERW300,Verwaltung-3.txt,1,DEMO0177,highlight,#ff6666,Auszug 0177,,1,#Code Belastung/Zeitdruck,bob,2026-06-11T10:11:00.000Z,2026-06-11T10:11:00.000Z,2026-06-11T10:11:00.000Z,text,713,810,,
fragments/1,Ressourcen/Anerkennung,cf30ac49f,Verwaltung-3,Demo,2026,Interview Verwaltung-3,ITEMVERW300,ATTAVERW300,Verwaltung-3.txt,1,DEMO0178,highlight,#2ea8e5,Auszug 0178,,1,#Code Ressourcen/Anerkennung,ann,2026-06-11T10:27:00.000Z,2026-06-11T10:27:00.000Z,2026-06-11T10:27:00.000Z,text,872,1087,,
fragments/1,Ressourcen/Anerkennung,cf30ac49f,Verwaltung-3,Demo,2026,Interview Verwaltung-3,ITEMVERW300,ATTAVERW300,Verwaltung-3.txt,1,DEMO0178,highlight,#2ea8e5,Auszug 0178,,1,#Code Ressourcen/Anerkennung,bob,2026-06-11T10:27:00.000Z,2026-06-11T10:27:00.000Z,2026-06-11T10:27:00.000Z,text,872,1087,,
fragments/1,Bewältigung/Sport,c63f43352,Verwaltung-3,Demo,2026,Interview Verwaltung-3,ITEMVERW300,ATTAVERW300,Verwaltung-3.txt,1,DEMO0179,highlight,#5fb236,Auszug 0179,,1,#Code Bewältigung/Sport,ann,2026-06-11T10:55:00.000Z,2026-06-11T10:55:00.000Z,2026-06-11T10:55:00.000Z,text,1150,1234,,
fragments/1,Bewältigung/Distanz,c0bac907c,Verwaltung-3,Demo,2026,Interview Verwaltung-3,ITEMVERW300,ATTAVERW300,Verwaltung-3.txt,1,DEMO0179,highlight,#5fb236,Auszug 0179,,1,#Code Bewältigung/Distanz,ann,2026-06-11T10:55:00.000Z,2026-06-11T10:55:00.000Z,2026-06-11T10:55:00.000Z,text,1150,1234,,
fragments/1,Bewältigung/Sport,c63f43352,Verwaltung-3,Demo,2026,Interview Verwaltung-3,ITEMVERW300,ATTAVERW300,Verwaltung-3.txt,1,DEMO0179,highlight,#5fb236,Auszug 0179,,1,#Code Bewältigung/Sport,bob,2026-06-11T10:55:00.000Z,2026-06-11T10:55:00.000Z,2026-06-11T10:55:00.000Z,text,1150,1234,,
fragments/1,Ressourcen/Autonomie,cd175d5c0,Verwaltung-3,Demo,2026,Interview Verwaltung-3,ITEMVERW300,ATTAVERW300,Verwaltung-3.txt,1,DEMO0180,highlight,#2ea8e5,Auszug 0180,,1,#Code Ressourcen/Autonomie,ann,2026-06-11T11:08:00.000Z,2026-06-11T11:08:00.000Z,2026-06-11T11:08:00.000Z,text,1282,1455,,
fragments/1,Ressourcen/Autonomie,cd175d5c0,Verwaltung-3,Demo,2026,Interview Verwaltung-3,ITEMVERW300,ATTAVERW300,Verwaltung-3.txt,1,DEMO0180,highlight,#2ea8e5,Auszug 0180,,1,#Code Ressourcen/Autonomie,bob,2026-06-11T11:08:00.000Z,2026-06-11T11:08:00.000Z,2026-06-11T11:08:00.000Z,text,1282,1455,,
fragments/1,Ressourcen/Autonomie,cd175d5c0,Verwaltung-3,Demo,2026,Interview Verwaltung-3,ITEMVERW300,ATTAVERW300,Verwaltung-3.txt,2,DEMO0181,highlight,#2ea8e5,Auszug 0181,,1,#Code Ressourcen/Autonomie,ann,2026-06-11T11:32:00.000Z,2026-06-11T11:32:00.000Z,2026-06-11T11:32:00.000Z,text,1521,1615,,
fragments/1,Ressourcen/Autonomie,cd175d5c0,Verwaltung-3,Demo,2026,Interview Verwaltung-3,ITEMVERW300,ATTAVERW300,Verwaltung-3.txt,2,DEMO0181,highlight,#2ea8e5,Auszug 0181,,1,#Code Ressourcen/Autonomie,bob,2026-06-11T11:32:00.000Z,2026-06-11T11:32:00.000Z,2026-06-11T11:32:00.000Z,text,1521,1615,,
fragments/1,Belastung/Zeitdruck,ca94d6b9f,Verwaltung-3,Demo,2026,Interview Verwaltung-3,ITEMVERW300,ATTAVERW300,Verwaltung-3.txt,2,DEMO0182,highlight,#ff6666,Auszug 0182,,1,#Code Belastung/Zeitdruck,ann,2026-06-11T11:45:00.000Z,2026-06-11T11:45:00.000Z,2026-06-11T11:45:00.000Z,text,1657,1788,,
fragments/1,Belastung/Zeitdruck,ca94d6b9f,Verwaltung-3,Demo,2026,Interview Verwaltung-3,ITEMVERW300,ATTAVERW300,Verwaltung-3.txt,2,DEMO0182,highlight,#ff6666,Auszug 0182,,1,#Code Belastung/Zeitdruck,bob,2026-06-11T11:45:00.000Z,2026-06-11T11:45:00.000Z,2026-06-11T11:45:00.000Z,text,1657,1788,,
fragments/1,Bewältigung/Distanz,c0bac907c,Verwaltung-3,Demo,2026,Interview Verwaltung-3,ITEMVERW300,ATTAVERW300,Verwaltung-3.txt,2,DEMO0182,highlight,#5fb236,Auszug 0182,,1,#Code Bewältigung/Distanz,bob,2026-06-11T11:45:00.000Z,2026-06-11T11:45:00.000Z,2026-06-11T11:45:00.000Z,text,1657,1788,,
fragments/1,Bewältigung/Sport,c63f43352,Verwaltung-3,Demo,2026,Interview Verwaltung-3,ITEMVERW300,ATTAVERW300,Verwaltung-3.txt,2,DEMO0183,highlight,#5fb236,Auszug 0183,,1,#Code Bewältigung/Sport,ann,2026-06-11T12:06:00.000Z,2026-06-11T12:06:00.000Z,2026-06-11T12:06:00.000Z,text,1864,1946,,
fragments/1,Belastung/emotional,c96c04b3c,Verwaltung-3,Demo,2026,Interview Verwaltung-3,ITEMVERW300,ATTAVERW300,Verwaltung-3.txt,2,DEMO0184,highlight,#ff6666,Auszug 0184,,1,#Code Belastung/emotional,ann,2026-06-11T12:22:00.000Z,2026-06-11T12:22:00.000Z,2026-06-11T12:22:00.000Z,text,2023,2160,,
fragments/1,Belastung/emotional,c96c04b3c,Verwaltung-3,Demo,2026,Interview Verwaltung-3,ITEMVERW300,ATTAVERW300,Verwaltung-3.txt,2,DEMO0184,highlight,#ff6666,Auszug 0184,,1,#Code Belastung/emotional,bob,2026-06-11T12:22:00.000Z,2026-06-11T12:22:00.000Z,2026-06-11T12:22:00.000Z,text,2023,2160,,
fragments/1,Ressourcen/Autonomie,cd175d5c0,Verwaltung-3,Demo,2026,Interview Verwaltung-3,ITEMVERW300,ATTAVERW300,Verwaltung-3.txt,2,DEMO0185,highlight,#2ea8e5,Auszug 0185,,1,#Code Ressourcen/Autonomie,ann,2026-06-11T12:43:00.000Z,2026-06-11T12:43:00.000Z,2026-06-11T12:43:00.000Z,text,2233,2360,,
fragments/1,Ressourcen/Autonomie,cd175d5c0,Verwaltung-3,Demo,2026,Interview Verwaltung-3,ITEMVERW300,ATTAVERW300,Verwaltung-3.txt,2,DEMO0185,highlight,#2ea8e5,Auszug 0185,,1,#Code Ressourcen/Autonomie,bob,2026-06-11T12:43:00.000Z,2026-06-11T12:43:00.000Z,2026-06-11T12:43:00.000Z,text,2233,2360,,
fragments/1,Ressourcen/Anerkennung,cf30ac49f,Verwaltung-3,Demo,2026,Interview Verwaltung-3,ITEMVERW300,ATTAVERW300,Verwaltung-3.txt,2,DEMO0186,highlight,#2ea8e5,Auszug 0186,,1,#Code Ressourcen/Anerkennung,ann,2026-06-11T13:03:00.000Z,2026-06-11T13:03:00.000Z,2026-06-11T13:03:00.000Z,text,2434,2644,,
fragments/1,Ressourcen/Anerkennung,cf30ac49f,Verwaltung-3,Demo,2026,Interview Verwaltung-3,ITEMVERW300,ATTAVERW300,Verwaltung-3.txt,2,DEMO0186,highlight,#2ea8e5,Auszug 0186,,1,#Code Ressourcen/Anerkennung,bob,2026-06-11T13:03:00.000Z,2026-06-11T13:03:00.000Z,2026-06-11T13:03:00.000Z,text,2434,2644,,
fragments/1,Ressourcen/Anerkennung,cf30ac49f,Verwaltung-3,Demo,2026,Interview Verwaltung-3,ITEMVERW300,ATTAVERW300,Verwaltung-3.txt,2,DEMO0187,highlight,#2ea8e5,Auszug 0187,,1,#Code Ressourcen/Anerkennung,ann,2026-06-11T13:29:00.000Z,2026-06-11T13:29:00.000Z,2026-06-11T13:29:00.000Z,text,2695,2770,,
fragments/1,Ressourcen/Anerkennung,cf30ac49f,Verwaltung-3,Demo,2026,Interview Verwaltung-3,ITEMVERW300,ATTAVERW300,Verwaltung-3.txt,2,DEMO0187,highlight,#2ea8e5,Auszug 0187,,1,#Code Ressourcen/Anerkennung,bob,2026-06-11T13:29:00.000Z,2026-06-11T13:29:00.000Z,2026-06-11T13:29:00.000Z,text,2695,2770,,
fragments/1,Ressourcen/Anerkennung,cf30ac49f,Verwaltung-3,Demo,2026,Interview Verwaltung-3,ITEMVERW300,ATTAVERW300,Verwaltung-3.txt,2,DEMO0188,highlight,#2ea8e5,Auszug 0188,,1,#Code Ressourcen/Anerkennung,ann,2026-06-11T13:44:00.000Z,2026-06-11T13:44:00.000Z,2026-06-11T13:44:00.000Z,text,2843,2903,,
fragments/1,Ressourcen/Anerkennung,cf30ac49f,Verwaltung-3,Demo,2026,Interview Verwaltung-3,ITEMVERW300,ATTAVERW300,Verwaltung-3.txt,2,DEMO0188,highlight,#2ea8e5,Auszug 0188,,1,#Code Ressourcen/Anerkennung,bob,2026-06-11T13:44:00.000Z,2026-06-11T13:44:00.000Z,2026-06-11T13:44:00.000Z,text,2843,2903,,
fragments/1,Ressourcen/Team,cbe124367,Verwaltung-3,Demo,2026,Interview Verwaltung-3,ITEMVERW300,ATTAVERW300,Verwaltung-3.txt,2,DEMO0189,highlight,#2ea8e5,Auszug 0189,,1,#Code Ressourcen/Team,ann,2026-06-11T13:53:00.000Z,2026-06-11T13:53:00.000Z,2026-06-11T13:53:00.000Z,text,2936,3057,,
fragments/1,Ressourcen/Autonomie,cd175d5c0,Verwaltung-3,Demo,2026,Interview Verwaltung-3,ITEMVERW300,ATTAVERW300,Verwaltung-3.txt,2,DEMO0189,highlight,#2ea8e5,Auszug 0189,,1,#Code Ressourcen/Autonomie,bob,2026-06-11T13:53:00.000Z,2026-06-11T13:53:00.000Z,2026-06-11T13:53:00.000Z,text,2936,3057,,
fragments/1,Bewältigung/Distanz,c0bac907c,Verwaltung-3,Demo,2026,Interview Verwaltung-3,ITEMVERW300,ATTAVERW300,Verwaltung-3.txt,3,DEMO0190,highlight,#5fb236,Auszug 0190,,1,#Code Bewältigung/Distanz,ann,2026-06-11T14:11:00.000Z,2026-06-11T14:11:00.000Z,2026-06-11T14:11:00.000Z,text,3110,3265,,
fragments/1,Bewältigung/Distanz,c0bac907c,Verwaltung-3,Demo,2026,Interview Verwaltung-3,ITEMVERW300,ATTAVERW300,Verwaltung-3.txt,3,DEMO0190,highlight,#5fb236,Auszug 0190,,1,#Code Bewältigung/Distanz,bob,2026-06-11T14:11:00.000Z,2026-06-11T14:11:00.000Z,2026-06-11T14:11:00.000Z,text,3110,3265,,
fragments/1,Ressourcen/Autonomie,cd175d5c0,Verwaltung-3,Demo,2026,Interview Verwaltung-3,ITEMVERW300,ATTAVERW300,Verwaltung-3.txt,3,DEMO0191,highlight,#2ea8e5,Auszug 0191,,1,#Code Ressourcen/Autonomie,ann,2026-06-11T14:33:00.000Z,2026-06-11T14:33:00.000Z,2026-06-11T14:33:00.000Z,text,3333,3397,,
fragments/1,Ressourcen/Team,cbe124367,Verwaltung-3,Demo,2026,Interview Verwaltung-3,ITEMVERW300,ATTAVERW300,Verwaltung-3.txt,3,DEMO0191,highlight,#2ea8e5,Auszug 0191,,1,#Code Ressourcen/Team,ann,2026-06-11T14:33:00.000Z,2026-06-11T14:33:00.000Z,2026-06-11T14:33:00.000Z,text,3333,3397,,
fragments/1,Ressourcen/Anerkennung,cf30ac49f,Verwaltung-3,Demo,2026,Interview Verwaltung-3,ITEMVERW300,ATTAVERW300,Verwaltung-3.txt,3,DEMO0191,highlight,#2ea8e5,Auszug 0191,,1,#Code Ressourcen/Anerkennung,bob,2026-06-11T14:33:00.000Z,2026-06-11T14:33:00.000Z,2026-06-11T14:33:00.000Z,text,3333,3397,,
fragments/1,Ressourcen/Autonomie,cd175d5c0,Verwaltung-3,Demo,2026,Interview Verwaltung-3,ITEMVERW300,ATTAVERW300,Verwaltung-3.txt,3,DEMO0192,highlight,#2ea8e5,Auszug 0192,,1,#Code Ressourcen/Autonomie,ann,2026-06-11T14:44:00.000Z,2026-06-11T14:44:00.000Z,2026-06-11T14:44:00.000Z,text,3442,3538,,
fragments/1,Ressourcen/Autonomie,cd175d5c0,Verwaltung-3,Demo,2026,Interview Verwaltung-3,ITEMVERW300,ATTAVERW300,Verwaltung-3.txt,3,DEMO0192,highlight,#2ea8e5,Auszug 0192,,1,#Code Ressourcen/Autonomie,bob,2026-06-11T14:44:00.000Z,2026-06-11T14:44:00.000Z,2026-06-11T14:44:00.000Z,text,3442,3538,,
fragments/1,Ressourcen/Anerkennung,cf30ac49f,Verwaltung-3,Demo,2026,Interview Verwaltung-3,ITEMVERW300,ATTAVERW300,Verwaltung-3.txt,3,DEMO0193,highlight,#2ea8e5,Auszug 0193,,1,#Code Ressourcen/Anerkennung,ann,2026-06-11T15:00:00.000Z,2026-06-11T15:00:00.000Z,2026-06-11T15:00:00.000Z,text,3600,3670,,
fragments/1,Ressourcen/Autonomie,cd175d5c0,Verwaltung-3,Demo,2026,Interview Verwaltung-3,ITEMVERW300,ATTAVERW300,Verwaltung-3.txt,3,DEMO0193,highlight,#2ea8e5,Auszug 0193,,1,#Code Ressourcen/Autonomie,bob,2026-06-11T15:00:00.000Z,2026-06-11T15:00:00.000Z,2026-06-11T15:00:00.000Z,text,3600,3670,,
fragments/1,Bewältigung/Distanz,c0bac907c,Verwaltung-3,Demo,2026,Interview Verwaltung-3,ITEMVERW300,ATTAVERW300,Verwaltung-3.txt,3,DEMO0194,highlight,#5fb236,Auszug 0194,,1,#Code Bewältigung/Distanz,ann,2026-06-11T15:09:00.000Z,2026-06-11T15:09:00.000Z,2026-06-11T15:09:00.000Z,text,3690,3756,,
fragments/1,Bewältigung/Distanz,c0bac907c,Verwaltung-3,Demo,2026,Interview Verwaltung-3,ITEMVERW300,ATTAVERW300,Verwaltung-3.txt,3,DEMO0194,highlight,#5fb236,Auszug 0194,,1,#Code Bewältigung/Distanz,bob,2026-06-11T15:09:00.000Z,2026-06-11T15:09:00.000Z,2026-06-11T15:09:00.000Z,text,3690,3756,,
fragments/1,Bewältigung/Sport,c63f43352,Verwaltung-3,Demo,2026,Interview Verwaltung-3,ITEMVERW300,ATTAVERW300,Verwaltung-3.txt,3,DEMO0195,highlight,#5fb236,Auszug 0195,,1,#Code Bewältigung/Sport,ann,2026-06-11T15:20:00.000Z,2026-06-11T15:20:00.000Z,2026-06-11T15:20:00.000Z,text,3803,3889,,
fragments/1,Bewältigung/Sport,c63f43352,Verwaltung-3,Demo,2026,Interview Verwaltung-3,ITEMVERW300,ATTAVERW300,Verwaltung-3.txt,3,DEMO0195,highlight,#5fb236,Auszug 0195,,1,#Code Bewältigung/Sport,bob,2026-06-11T15:20:00.000Z,2026-06-11T15:20:00.000Z,2026-06-11T15:20:00.000Z,text,3803,3889,,
fragments/1,Belastung/emotional,c96c04b3c,Verwaltung-3,Demo,2026,Interview Verwaltung-3,ITEMVERW300,ATTAVERW300,Verwaltung-3.txt,3,DEMO0196,highlight,#ff6666,Auszug 0196,,1,#Code Belastung/emotional,ann,2026-06-11T15:33:00.000Z,2026-06-11T15:33:00.000Z,2026-06-11T15:33:00.000Z,text,3935,4045,,
fragments/1,Belastung/emotional,c96c04b3c,Verwaltung-3,Demo,2026,Interview Verwaltung-3,ITEMVERW300,ATTAVERW300,Verwaltung-3.txt,3,DEMO0196,highlight,#ff6666,Auszug 0196,,1,#Code Belastung/emotional,bob,2026-06-11T15:33:00.000Z,2026-06-11T15:33:00.000Z,2026-06-11T15:33:00.000Z,text,3935,4045,,
fragments/1,Bewältigung/Humor,cdd0640c6,Verwaltung-3,Demo,2026,Interview Verwaltung-3,ITEMVERW300,ATTAVERW300,Verwaltung-3.txt,3,DEMO0196,highlight,#5fb236,Auszug 0196,,1,#Code Bewältigung/Humor,ann,2026-06-11T15:33:00.000Z,2026-06-11T15:33:00.000Z,2026-06-11T15:33:00.000Z,text,3935,4045,,
fragments/1,Belastung/körperlich,c4d31cf9b,Verwaltung-3,Demo,2026,Interview Verwaltung-3,ITEMVERW300,ATTAVERW300,Verwaltung-3.txt,3,DEMO0197,highlight,#ff6666,Auszug 0197,,1,#Code Belastung/körperlich,ann,2026-06-11T15:51:00.000Z,2026-06-11T15:51:00.000Z,2026-06-11T15:51:00.000Z,text,4118,4315,,
fragments/1,Bewältigung/Sport,c63f43352,Verwaltung-3,Demo,2026,Interview Verwaltung-3,ITEMVERW300,ATTAVERW300,Verwaltung-3.txt,3,DEMO0197,highlight,#5fb236,Auszug 0197,,1,#Code Bewältigung/Sport,bob,2026-06-11T15:51:00.000Z,2026-06-11T15:51:00.000Z,2026-06-11T15:51:00.000Z,text,4118,4315,,
fragments/1,Ressourcen/Team,cbe124367,Verwaltung-3,Demo,2026,Interview Verwaltung-3,ITEMVERW300,ATTAVERW300,Verwaltung-3.txt,3,DEMO0198,highlight,#2ea8e5,Auszug 0198,,1,#Code Ressourcen/Team,ann,2026-06-11T16:18:00.000Z,2026-06-11T16:18:00.000Z,2026-06-11T16:18:00.000Z,text,4389,4496,,
fragments/1,Ressourcen/Team,cbe124367,Verwaltung-3,Demo,2026,Interview Verwaltung-3,ITEMVERW300,ATTAVERW300,Verwaltung-3.txt,3,DEMO0198,highlight,#2ea8e5,Auszug 0198,,1,#Code Ressourcen/Team,bob,2026-06-11T16:18:00.000Z,2026-06-11T16:18:00.000Z,2026-06-11T16:18:00.000Z,text,4389,4496,,
fragments/1,Belastung/emotional,c96c04b3c,Verwaltung-3,Demo,2026,Interview Verwaltung-3,ITEMVERW300,ATTAVERW300,Verwaltung-3.txt,3,DEMO0198,highlight,#ff6666,Auszug 0198,,1,#Code Belastung/emotional,bob,2026-06-11T16:18:00.000Z,2026-06-11T16:18:00.000Z,2026-06-11T16:18:00.000Z,text,4389,4496,,
fragments/1,Ressourcen/Autonomie,cd175d5c0,Verwaltung-3,Demo,2026,Interview Verwaltung-3,ITEMVERW300,ATTAVERW300,Verwaltung-3.txt,4,DEMO0199,highlight,#2ea8e5,Auszug 0199,,1,#Code Ressourcen/Autonomie,ann,2026-06-11T16:35:00.000Z,2026-06-11T16:35:00.000Z,2026-06-11T16:35:00.000Z,text,4550,4752,,
fragments/1,Ressourcen/Autonomie,cd175d5c0,Verwaltung-3,Demo,2026,Interview Verwaltung-3,ITEMVERW300,ATTAVERW300,Verwaltung-3.txt,4,DEMO0199,highlight,#2ea8e5,Auszug 0199,,1,#Code Ressourcen/Autonomie,bob,2026-06-11T16:35:00.000Z,2026-06-11T16:35:00.000Z,2026-06-11T16:35:00.000Z,text,4550,4752,,
fragments/1,Belastung/emotional,c96c04b3c,Verwaltung-3,Demo,2026,Interview Verwaltung-3,ITEMVERW300,ATTAVERW300,Verwaltung-3.txt,4,DEMO0200,highlight,#ff6666,Auszug 0200,,1,#Code Belastung/emotional,ann,2026-06-11T16:59:00.000Z,2026-06-11T16:59:00.000Z,2026-06-11T16:59:00.000Z,text,4794,4936,,
fragments/1,Belastung/körperlich,c4d31cf9b,Verwaltung-3,Demo,2026,Interview Verwaltung-3,ITEMVERW300,ATTAVERW300,Verwaltung-3.txt,4,DEMO0200,highlight,#ff6666,Auszug 0200,,1,#Code Belastung/körperlich,bob,2026-06-11T16:59:00.000Z,2026-06-11T16:59:00.000Z,2026-06-11T16:59:00.000Z,text,4794,4936,,
fragments/1,Bewältigung/Humor,cdd0640c6,Verwaltung-3,Demo,2026,Interview Verwaltung-3,ITEMVERW300,ATTAVERW300,Verwaltung-3.txt,4,DEMO0200,highlight,#5fb236,Auszug 0200,,1,#Code Bewältigung/Humor,ann,2026-06-11T16:59:00.000Z,2026-06-11T16:59:00.000Z,2026-06-11T16:59:00.000Z,text,4794,4936,,
fragments/1,Ressourcen/Anerkennung,cf30ac49f,Verwaltung-3,Demo,2026,Interview Verwaltung-3,ITEMVERW300,ATTAVERW300,Verwaltung-3.txt,4,DEMO0201,highlight,#2ea8e5,Auszug 0201,,1,#Code Ressourcen/Anerkennung,ann,2026-06-11T17:21:00.000Z,2026-06-11T17:21:00.000Z,2026-06-11T17:21:00.000Z,text,5014,5168,,
fragments/1,Ressourcen/Anerkennung,cf30ac49f,Verwaltung-3,Demo,2026,Interview Verwaltung-3,ITEMVERW300,ATTAVERW300,Verwaltung-3.txt,4,DEMO0201,highlight,#2ea8e5,Auszug 0201,,1,#Code Ressourcen/Anerkennung,bob,2026-06-11T17:21:00.000Z,2026-06-11T17:21:00.000Z,2026-06-11T17:21:00.000Z,text,5014,5168,,
fragments/1,Ressourcen/Autonomie,cd175d5c0,Verwaltung-3,Demo,2026,Interview Verwaltung-3,ITEMVERW300,ATTAVERW300,Verwaltung-3.txt,4,DEMO0202,highlight,#2ea8e5,Auszug 0202,,1,#Code Ressourcen/Autonomie,ann,2026-06-11T17:39:00.000Z,2026-06-11T17:39:00.000Z,2026-06-11T17:39:00.000Z,text,5199,5314,,
fragments/1,Ressourcen/Team,cbe124367,Verwaltung-3,Demo,2026,Interview Verwaltung-3,ITEMVERW300,ATTAVERW300,Verwaltung-3.txt,4,DEMO0202,highlight,#2ea8e5,Auszug 0202,,1,#Code Ressourcen/Team,bob,2026-06-11T17:39:00.000Z,2026-06-11T17:39:00.000Z,2026-06-11T17:39:00.000Z,text,5199,5314,,
fragments/1,Ressourcen/Anerkennung,cf30ac49f,Verwaltung-3,Demo,2026,Interview Verwaltung-3,ITEMVERW300,ATTAVERW300,Verwaltung-3.txt,4,DEMO0203,highlight,#2ea8e5,Auszug 0203,,1,#Code Ressourcen/Anerkennung,ann,2026-06-11T17:57:00.000Z,2026-06-11T17:57:00.000Z,2026-06-11T17:57:00.000Z,text,5372,5521,,
fragments/1,Ressourcen/Anerkennung,cf30ac49f,Verwaltung-3,Demo,2026,Interview Verwaltung-3,ITEMVERW300,ATTAVERW300,Verwaltung-3.txt,4,DEMO0203,highlight,#2ea8e5,Auszug 0203,,1,#Code Ressourcen/Anerkennung,bob,2026-06-11T17:57:00.000Z,2026-06-11T17:57:00.000Z,2026-06-11T17:57:00.000Z,text,5372,5521,,
fragments/1,Ressourcen/Autonomie,cd175d5c0,Verwaltung-3,Demo,2026,Interview Verwaltung-3,ITEMVERW300,ATTAVERW300,Verwaltung-3.txt,4,DEMO0204,highlight,#2ea8e5,Auszug 0204,,1,#Code Ressourcen/Autonomie,ann,2026-06-11T18:14:00.000Z,2026-06-11T18:14:00.000Z,2026-06-11T18:14:00.000Z,text,5549,5706,,
fragments/1,Ressourcen/Autonomie,cd175d5c0,Verwaltung-3,Demo,2026,Interview Verwaltung-3,ITEMVERW300,ATTAVERW300,Verwaltung-3.txt,4,DEMO0204,highlight,#2ea8e5,Auszug 0204,,1,#Code Ressourcen/Autonomie,bob,2026-06-11T18:14:00.000Z,2026-06-11T18:14:00.000Z,2026-06-11T18:14:00.000Z,text,5549,5706,,
fragments/1,Ressourcen/Anerkennung,cf30ac49f,Verwaltung-4,Demo,2026,Interview Verwaltung-4,ITEMVERW400,ATTAVERW400,Verwaltung-4.txt,1,DEMO0205,highlight,#2ea8e5,Auszug 0205,,1,#Code Ressourcen/Anerkennung,ann,2026-06-11T21:03:00.000Z,2026-06-11T21:03:00.000Z,2026-06-11T21:03:00.000Z,text,35,253,,
fragments/1,Ressourcen/Anerkennung,cf30ac49f,Verwaltung-4,Demo,2026,Interview Verwaltung-4,ITEMVERW400,ATTAVERW400,Verwaltung-4.txt,1,DEMO0205,highlight,#2ea8e5,Auszug 0205,,1,#Code Ressourcen/Anerkennung,bob,2026-06-11T21:03:00.000Z,2026-06-11T21:03:00.000Z,2026-06-11T21:03:00.000Z,text,35,253,,
fragments/1,Bewältigung/Distanz,c0bac907c,Verwaltung-4,Demo,2026,Interview Verwaltung-4,ITEMVERW400,ATTAVERW400,Verwaltung-4.txt,1,DEMO0206,highlight,#5fb236,Auszug 0206,,1,#Code Bewältigung/Distanz,ann,2026-06-11T21:30:00.000Z,2026-06-11T21:30:00.000Z,2026-06-11T21:30:00.000Z,text,300,513,,
fragments/1,Bewältigung/Sport,c63f43352,Verwaltung-4,Demo,2026,Interview Verwaltung-4,ITEMVERW400,ATTAVERW400,Verwaltung-4.txt,1,DEMO0206,highlight,#5fb236,Auszug 0206,,1,#Code Bewältigung/Sport,ann,2026-06-11T21:30:00.000Z,2026-06-11T21:30:00.000Z,2026-06-11T21:30:00.000Z,text,300,513,,
fragments/1,Bewältigung/Distanz,c0bac907c,Verwaltung-4,Demo,2026,Interview Verwaltung-4,ITEMVERW400,ATTAVERW400,Verwaltung-4.txt,1,DEMO0206,highlight,#5fb236,Auszug 0206,,1,#Code Bewältigung/Distanz,bob,2026-06-11T21:30:00.000Z,2026-06-11T21:30:00.000Z,2026-06-11T21:30:00.000Z,text,300,513,,
fragments/1,Ressourcen/Anerkennung,cf30ac49f,Verwaltung-4,Demo,2026,Interview Verwaltung-4,ITEMVERW400,ATTAVERW400,Verwaltung-4.txt,1,DEMO0207,highlight,#2ea8e5,Auszug 0207,,1,#Code Ressourcen/Anerkennung,ann,2026-06-11T21:55:00.000Z,2026-06-11T21:55:00.000Z,2026-06-11T21:55:00.000Z,text,552,755,,
fragments/1,Ressourcen/Anerkennung,cf30ac49f,Verwaltung-4,Demo,2026,Interview Verwaltung-4,ITEMVERW400,ATTAVERW400,Verwaltung-4.txt,1,DEMO0207,highlight,#2ea8e5,Auszug 0207,,1,#Code Ressourcen/Anerkennung,bob,2026-06-11T21:55:00.000Z,2026-06-11T21:55:00.000Z,2026-06-11T21:55:00.000Z,text,552,755,,
fragments/1,Belastung/emotional,c96c04b3c,Verwaltung-4,Demo,2026,Interview Verwaltung-4,ITEMVERW400,ATTAVERW400,Verwaltung-4.txt,1,DEMO0208,highlight,#ff6666,Auszug 0208,,1,#Code Belastung/emotional,ann,2026-06-11T22:19:00.000Z,2026-06-11T22:19:00.000Z,2026-06-11T22:19:00.000Z,text,790,867,,
fragments/1,Belastung/emotional,c96c04b3c,Verwaltung-4,Demo,2026,Interview Verwaltung-4,ITEMVERW400,ATTAVERW400,Verwaltung-4.txt,1,DEMO0208,highlight,#ff6666,Auszug 0208,,1,#Code Belastung/emotional,bob,2026-06-11T22:19:00.000Z,2026-06-11T22:19:00.000Z,2026-06-11T22:19:00.000Z,text,790,867,,
fragments/1,Bewältigung/Distanz,c0bac907c,Verwaltung-4,Demo,2026,Interview Verwaltung-4,ITEMVERW400,ATTAVERW400,Verwaltung-4.txt,1,DEMO0209,highlight,#5fb236,Auszug 0209,,1,#Code Bewältigung/Distanz,ann,2026-06-11T22:30:00.000Z,2026-06-11T22:30:00.000Z,2026-06-11T22:30:00.000Z,text,908,1086,,
fragments/1,Bewältigung/Distanz,c0bac907c,Verwaltung-4,Demo,2026,Interview Verwaltung-4,ITEMVERW400,ATTAVERW400,Verwaltung-4.txt,1,DEMO0209,highlight,#5fb236,Auszug 0209,,1,#Code Bewältigung/Distanz,bob,2026-06-11T22:30:00.000Z,2026-06-11T22:30:00.000Z,2026-06-11T22:30:00.000Z,text,908,1086,,
fragments/1,Ressourcen/Autonomie,cd175d5c0,Verwaltung-4,Demo,2026,Interview Verwaltung-4,ITEMVERW400,ATTAVERW400,Verwaltung-4.txt,1,DEMO0210,highlight,#2ea8e5,Auszug 0210,,1,#Code Ressourcen/Autonomie,ann,2026-06-11T22:54:00.000Z,2026-06-11T22:54:00.000Z,2026-06-11T22:54:00.000Z,text,1142,1250,,
fragments/1,Ressourcen/Anerkennung,cf30ac49f,Verwaltung-4,Demo,2026,Interview Verwaltung-4,ITEMVERW400,ATTAVERW400,Verwaltung-4.txt,1,DEMO0210,highlight,#2ea8e5,Auszug 0210,,1,#Code Ressourcen/Anerkennung,bob,2026-06-11T22:54:00.000Z,2026-06-11T22:54:00.000Z,2026-06-11T22:54:00.000Z,text,1142,1250,,
fragments/1,Bewältigung/Distanz,c0bac907c,Verwaltung-4,Demo,2026,Interview Verwaltung-4,ITEMVERW400,ATTAVERW400,Verwaltung-4.txt,1,DEMO0211,highlight,#5fb236,Auszug 0211,,1,#Code Bewältigung/Distanz,ann,2026-06-11T23:07:00.000Z,2026-06-11T23:07:00.000Z,2026-06-11T23:07:00.000Z,text,1277,1428,,
fragments/1,Bewältigung/Sport,c63f43352,Verwaltung-4,Demo,2026,Interview Verwaltung-4,ITEMVERW400,ATTAVERW400,Verwaltung-4.txt,1,DEMO0212,highlight,#5fb236,Auszug 0212,,1,#Code Bewältigung/Sport,ann,2026-06-11T23:26:00.000Z,2026-06-11T23:26:00.000Z,2026-06-11T23:26:00.000Z,text,1464,1584,,
fragments/1,Bewältigung/Humor,cdd0640c6,Verwaltung-4,Demo,2026,Interview Verwaltung-4,ITEMVERW400,ATTAVERW400,Verwaltung-4.txt,1,DEMO0212,highlight,#5fb236,Auszug 0212,,1,#Code Bewältigung/Humor,ann,2026-06-11T23:26:00.000Z,2026-06-11T23:26:00.000Z,2026-06-11T23:26:00.000Z,text,1464,1584,,
fragments/1,Bewältigung/Sport,c63f43352,Verwaltung-4,Demo,2026,Interview Verwaltung-4,ITEMVERW400,ATTAVERW400,Verwaltung-4.txt,1,DEMO0212,highlight,#5fb236,Auszug 0212,,1,#Code Bewältigung/Sport,bob,2026-06-11T23:26:00.000Z,2026-06-11T23:26:00.000Z,2026-06-11T23:26:00.000Z,text,1464,1584,,
fragments/1,Ressourcen/Anerkennung,cf30ac49f,Verwaltung-4,Demo,2026,Interview Verwaltung-4,ITEMVERW400,ATTAVERW400,Verwaltung-4.txt,2,DEMO0213,highlight,#2ea8e5,Auszug 0213,,1,#Code Ressourcen/Anerkennung,ann,2026-06-11T23:46:00.000Z,2026-06-11T23:46:00.000Z,2026-06-11T23:46:00.000Z,text,1662,1830,,
fragments/1,Ressourcen/Anerkennung,cf30ac49f,Verwaltung-4,Demo,2026,Interview Verwaltung-4,ITEMVERW400,ATTAVERW400,Verwaltung-4.txt,2,DEMO0213,highlight,#2ea8e5,Auszug 0213,,1,#Code Ressourcen/Anerkennung,bob,2026-06-11T23:46:00.000Z,2026-06-11T23:46:00.000Z,2026-06-11T23:46:00.000Z,text,1662,1830,,
fragments/1,Belastung/emotional,c96c04b3c,Verwaltung-4,Demo,2026,Interview Verwaltung-4,ITEMVERW400,ATTAVERW400,Verwaltung-4.txt,2,DEMO0214,highlight,#ff6666,Auszug 0214,,1,#Code Belastung/emotional,ann,2026-06-12T00:09:00.000Z,2026-06-12T00:09:00.000Z,2026-06-12T00:09:00.000Z,text,1896,1965,,
fragments/1,Bewältigung/Humor,cdd0640c6,Verwaltung-4,Demo,2026,Interview Verwaltung-4,ITEMVERW400,ATTAVERW400,Verwaltung-4.txt,2,DEMO0214,highlight,#5fb236,Auszug 0214,,1,#Code Bewältigung/Humor,ann,2026-06-12T00:09:00.000Z,2026-06-12T00:09:00.000Z,2026-06-12T00:09:00.000Z,text,1896,1965,,
fragments/1,Belastung/emotional,c96c04b3c,Verwaltung-4,Demo,2026,Interview Verwaltung-4,ITEMVERW400,ATTAVERW400,Verwaltung-4.txt,2,DEMO0214,highlight,#ff6666,Auszug 0214,,1,#Code Belastung/emotional,bob,2026-06-12T00:09:00.000Z,2026-06-12T00:09:00.000Z,2026-06-12T00:09:00.000Z,text,1896,1965,,
fragments/1,Ressourcen/Autonomie,cd175d5c0,Verwaltung-4,Demo,2026,Interview Verwaltung-4,ITEMVERW400,ATTAVERW400,Verwaltung-4.txt,2,DEMO0215,highlight,#2ea8e5,Auszug 0215,,1,#Code Ressourcen/Autonomie,ann,2026-06-12T00:22:00.000Z,2026-06-12T00:22:00.000Z,2026-06-12T00:22:00.000Z,text,2027,2221,,
fragments/1,Ressourcen/Autonomie,cd175d5c0,Verwaltung-4,Demo,2026,Interview Verwaltung-4,ITEMVERW400,ATTAVERW400,Verwaltung-4.txt,2,DEMO0215,highlight,#2ea8e5,Auszug 0215,,1,#Code Ressourcen/Autonomie,bob,2026-06-12T00:22:00.000Z,2026-06-12T00:22:00.000Z,2026-06-12T00:22:00.000Z,text,2027,2221,,
fragments/1,Ressourcen/Anerkennung,cf30ac49f,Verwaltung-4,Demo,2026,Interview Verwaltung-4,ITEMVERW400,ATTAVERW400,Verwaltung-4.txt,2,DEMO0216,highlight,#2ea8e5,Auszug 0216,,1,#Code Ressourcen/Anerkennung,ann,2026-06-12T00:46:00.000Z,2026-06-12T00:46:00.000Z,2026-06-12T00:46:00.000Z,text,2268,2393,,
fragments/1,Ressourcen/Anerkennung,cf30ac49f,Verwaltung-4,Demo,2026,Interview Verwaltung-4,ITEMVERW400,ATTAVERW400,Verwaltung-4.txt,2,DEMO0216,highlight,#2ea8e5,Auszug 0216,,1,#Code Ressourcen/Anerkennung,bob,2026-06-12T00:46:00.000Z,2026-06-12T00:46:00.000Z,2026-06-12T00:46:00.000Z,text,2268,2393,,
fragments/1,Bewältigung/Distanz,c0bac907c,Verwaltung-4,Demo,2026,Interview Verwaltung-4,ITEMVERW400,ATTAVERW400,Verwaltung-4.txt,2,DEMO0217,highlight,#5fb236,Auszug 0217,,1,#Code Bewältigung/Distanz,ann,2026-06-12T01:03:00.000Z,2026-06-12T01:03:00.000Z,2026-06-12T01:03:00.000Z,text,2433,2519,,
fragments/1,Bewältigung/Distanz,c0bac907c,Verwaltung-4,Demo,2026,Interview Verwaltung-4,ITEMVERW400,ATTAVERW400,Verwaltung-4.txt,2,DEMO0217,highlight,#5fb236,Auszug 0217,,1,#Code Bewältigung/Distanz,bob,2026-06-12T01:03:00.000Z,2026-06-12T01:03:00.000Z,2026-06-12T01:03:00.000Z,text,2433,2519,,
fragments/1,Ressourcen/Autonomie,cd175d5c0,Verwaltung-4,Demo,2026,Interview Verwaltung-4,ITEMVERW400,ATTAVERW400,Verwaltung-4.txt,2,DEMO0218,highlight,#2ea8e5,Auszug 0218,,1,#Code Ressourcen/Autonomie,ann,2026-06-12T01:19:00.000Z,2026-06-12T01:19:00.000Z,2026-06-12T01:19:00.000Z,text,2591,2761,,
fragments/1,Ressourcen/Autonomie,cd175d5c0,Verwaltung-4,Demo,2026,Interview Verwaltung-4,ITEMVERW400,ATTAVERW400,Verwaltung-4.txt,2,DEMO0218,highlight,#2ea8e5,Auszug 0218,,1,#Code Ressourcen/Autonomie,bob,2026-06-12T01:19:00.000Z,2026-06-12T01:19:00.000Z,2026-06-12T01:19:00.000Z,text,2591,2761,,
fragments/1,Belastung/emotional,c96c04b3c,Verwaltung-4,Demo,2026,Interview Verwaltung-4,ITEMVERW400,ATTAVERW400,Verwaltung-4.txt,2,DEMO0219,highlight,#ff6666,Auszug 0219,,1,#Code Belastung/emotional,ann,2026-06-12T01:39:00.000Z,2026-06-12T01:39:00.000Z,2026-06-12T01:39:00.000Z,text,2791,2965,,
fragments/1,Belastung/emotional,c96c04b3c,Verwaltung-4,Demo,2026,Interview Verwaltung-4,ITEMVERW400,ATTAVERW400,Verwaltung-4.txt,2,DEMO0219,highlight,#ff6666,Auszug 0219,,1,#Code Belastung/emotional,bob,2026-06-12T01:39:00.000Z,2026-06-12T01:39:00.000Z,2026-06-12T01:39:00.000Z,text,2791,2965,,
fragments/1,Bewältigung/Humor,cdd0640c6,Verwaltung-4,Demo,2026,Interview Verwaltung-4,ITEMVERW400,ATTAVERW400,Verwaltung-4.txt,2,DEMO0219,highlight,#5fb236,Auszug 0219,,1,#Code Bewältigung/Humor,ann,2026-06-12T01:39:00.000Z,2026-06-12T01:39:00.000Z,2026-06-12T01:39:00.000Z,text,2791,2965,,
fragments/1,Bewältigung/Sport,c63f43352,Verwaltung-4,Demo,2026,Interview Verwaltung-4,ITEMVERW400,ATTAVERW400,Verwaltung-4.txt,2,DEMO0220,highlight,#5fb236,Auszug 0220,,1,#Code Bewältigung/Sport,ann,2026-06-12T01:59:00.000Z,2026-06-12T01:59:00.000Z,2026-06-12T01:59:00.000Z,text,2993,3129,,
fragments/1,Bewältigung/Sport,c63f43352,Verwaltung-4,Demo,2026,Interview Verwaltung-4,ITEMVERW400,ATTAVERW400,Verwaltung-4.txt,2,DEMO0220,highlight,#5fb236,Auszug 0220,,1,#Code Bewältigung/Sport,bob,2026-06-12T01:59:00.000Z,2026-06-12T01:59:00.000Z,2026-06-12T01:59:00.000Z,text,2993,3129,,
fragments/1,Belastung/Zeitdruck,ca94d6b9f,Verwaltung-4,Demo,2026,Interview Verwaltung-4,ITEMVERW400,ATTAVERW400,Verwaltung-4.txt,3,DEMO0221,highlight,#ff6666,Auszug 0221,,1,#Code Belastung/Zeitdruck,ann,2026-06-12T02:16:00.000Z,2026-06-12T02:16:00.000Z,2026-06-12T02:16:00.000Z,text,3165,3251,,
fragments/1,Belastung/Zeitdruck,ca94d6b9f,Verwaltung-4,Demo,2026,Interview Verwaltung-4,ITEMVERW400,ATTAVERW400,Verwaltung-4.txt,3,DEMO0221,highlight,#ff6666,Auszug 0221,,1,#Code Belastung/Zeitdruck,bob,2026-06-12T02:16:00.000Z,2026-06-12T02:16:00.000Z,2026-06-12T02:16:00.000Z,text,3165,3251,,
fragments/1,Bewältigung/Distanz,c0bac907c,Verwaltung-4,Demo,2026,Interview Verwaltung-4,ITEMVERW400,ATTAVERW400,Verwaltung-4.txt,3,DEMO0221,highlight,#5fb236,Auszug 0221,,1,#Code Bewältigung/Distanz,ann,2026-06-12T02:16:00.000Z,2026-06-12T02:16:00.000Z,2026-06-12T02:16:00.000Z,text,3165,3251,,
fragments/1,Bewältigung/Sport,c63f43352,Verwaltung-4,Demo,2026,Interview Verwaltung-4,ITEMVERW400,ATTAVERW400,Verwaltung-4.txt,3,DEMO0222,highlight,#5fb236,Auszug 0222,,1,#Code Bewältigung/Sport,ann,2026-06-12T02:31:00.000Z,2026-06-12T02:31:00.000Z,2026-06-12T02:31:00.000Z,text,3318,3484,,
fragments/1,Bewältigung/Sport,c63f43352,Verwaltung-4,Demo,2026,Interview Verwaltung-4,ITEMVERW400,ATTAVERW400,Verwaltung-4.txt,3,DEMO0222,highlight,#5fb236,Auszug 0222,,1,#Code Bewältigung/Sport,bob,2026-06-12T02:31:00.000Z,2026-06-12T02:31:00.000Z,2026-06-12T02:31:00.000Z,text,3318,3484,,
fragments/1,Ressourcen/Anerkennung,cf30ac49f,Verwaltung-4,Demo,2026,Interview Verwaltung-4,ITEMVERW400,ATTAVERW400,Verwaltung-4.txt,3,DEMO0223,highlight,#2ea8e5,Auszug 0223,,1,#Code Ressourcen/Anerkennung,ann,2026-06-12T02:51:00.000Z,2026-06-12T02:51:00.000Z,2026-06-12T02:51:00.000Z,text,3519,3718,,
fragments/1,Ressourcen/Anerkennung,cf30ac49f,Verwaltung-4,Demo,2026,Interview Verwaltung-4,ITEMVERW400,ATTAVERW400,Verwaltung-4.txt,3,DEMO0223,highlight,#2ea8e5,Auszug 0223,,1,#Code Ressourcen/Anerkennung,bob,2026-06-12T02:51:00.000Z,2026-06-12T02:51:00.000Z,2026-06-12T02:51:00.000Z,text,3519,3718,,
fragments/1,Belastung/Zeitdruck,ca94d6b9f,Verwaltung-4,Demo,2026,Interview Verwaltung-4,ITEMVERW400,ATTAVERW400,Verwaltung-4.txt,3,DEMO0224,highlight,#ff6666,Auszug 0224,,1,#Code Belastung/Zeitdruck,ann,2026-06-12T03:16:00.000Z,2026-06-12T03:16:00.000Z,2026-06-12T03:16:00.000Z,text,3764,3959,,
fragments/1,Belastung/Zeitdruck,ca94d6b9f,Verwaltung-4,Demo,2026,Interview Verwaltung-4,ITEMVERW400,ATTAVERW400,Verwaltung-4.txt,3,DEMO0224,highlight,#ff6666,Auszug 0224,,1,#Code Belastung/Zeitdruck,bob,2026-06-12T03:16:00.000Z,2026-06-12T03:16:00.000Z,2026-06-12T03:16:00.000Z,text,3764,3959,,
fragments/1,Bewältigung/Humor,cdd0640c6,Verwaltung-4,Demo,2026,Interview Verwaltung-4,ITEMVERW400,ATTAVERW400,Verwaltung-4.txt,3,DEMO0225,highlight,#5fb236,Auszug 0225,,1,#Code Bewältigung/Humor,ann,2026-06-12T03:41:00.000Z,2026-06-12T03:41:00.000Z,2026-06-12T03:41:00.000Z,text,4016,4129,,
fragments/1,Bewältigung/Humor,cdd0640c6,Verwaltung-4,Demo,2026,Interview Verwaltung-4,ITEMVERW400,ATTAVERW400,Verwaltung-4.txt,3,DEMO0225,highlight,#5fb236,Auszug 0225,,1,#Code Bewältigung/Humor,bob,2026-06-12T03:41:00.000Z,2026-06-12T03:41:00.000Z,2026-06-12T03:41:00.000Z,text,4016,4129,,
fragments/1,Ressourcen/Autonomie,cd175d5c0,Verwaltung-4,Demo,2026,Interview Verwaltung-4,ITEMVERW400,ATTAVERW400,Verwaltung-4.txt,3,DEMO0226,highlight,#2ea8e5,Auszug 0226,,1,#Code Ressourcen/Autonomie,ann,2026-06-12T03:56:00.000Z,2026-06-12T03:56:00.000Z,2026-06-12T03:56:00.000Z,text,4161,4341,,
fragments/1,Ressourcen/Autonomie,cd175d5c0,Verwaltung-4,Demo,2026,Interview Verwaltung-4,ITEMVERW400,ATTAVERW400,Verwaltung-4.txt,3,DEMO0226,highlight,#2ea8e5,Auszug 0226,,1,#Code Ressourcen/Autonomie,bob,2026-06-12T03:56:00.000Z,2026-06-12T03:56:00.000Z,2026-06-12T03:56:00.000Z,text,4161,4341,,
fragments/1,Ressourcen/Autonomie,cd175d5c0,Verwaltung-4,Demo,2026,Interview Verwaltung-4,ITEMVERW400,ATTAVERW400,Verwaltung-4.txt,3,DEMO0227,highlight,#2ea8e5,Auszug 0227,,1,#Code Ressourcen/Autonomie,ann,2026-06-12T04:16:00.000Z,2026-06-12T04:16:00.000Z,2026-06-12T04:16:00.000Z,text,4365,4540,,
fragments/1,Ressourcen/Team,cbe124367,Verwaltung-4,Demo,2026,Interview Verwaltung-4,ITEMVERW400,ATTAVERW400,Verwaltung-4.txt,3,DEMO0227,highlight,#2ea8e5,Auszug 0227,,1,#Code Ressourcen/Team,bob,2026-06-12T04:16:00.000Z,2026-06-12T04:16:00.000Z,2026-06-12T04:16:00.000Z,text,4365,4540,,
fragments/1,Bewältigung/Distanz,c0bac907c,Verwaltung-4,Demo,2026,Interview Verwaltung-4,ITEMVERW400,ATTAVERW400,Verwaltung-4.txt,4,DEMO0228,highlight,#5fb236,Auszug 0228,,1,#Code Bewältigung/Distanz,ann,2026-06-12T04:40:00.000Z,2026-06-12T04:40:00.000Z,2026-06-12T04:40:00.000Z,text,4603,4816,,
fragments/1,Bewältigung/Distanz,c0bac907c,Verwaltung-4,Demo,2026,Interview Verwaltung-4,ITEMVERW400,ATTAVERW400,Verwaltung-4.txt,4,DEMO0228,highlight,#5fb236,Auszug 0228,,1,#Code Bewältigung/Distanz,bob,2026-06-12T04:40:00.000Z,2026-06-12T04:40:00.000Z,2026-06-12T04:40:00.000Z,text,4603,4816,,
fragments/1,Ressourcen/Autonomie,cd175d5c0,Verwaltung-4,Demo,2026,Interview Verwaltung-4,ITEMVERW400,ATTAVERW400,Verwaltung-4.txt,4,DEMO0229,highlight,#2ea8e5,Auszug 0229,,1,#Code Ressourcen/Autonomie,ann,2026-06-12T05:09:00.000Z,2026-06-12T05:09:00.000Z,2026-06-12T05:09:00.000Z,text,4892,5015,,
fragments/1,Ressourcen/Autonomie,cd175d5c0,Verwaltung-4,Demo,2026,Interview Verwaltung-4,ITEMVERW400,ATTAVERW400,Verwaltung-4.txt,4,DEMO0229,highlight,#2ea8e5,Auszug 0229,,1,#Code Ressourcen/Autonomie,bob,2026-06-12T05:09:00.000Z,2026-06-12T05:09:00.000Z,2026-06-12T05:09:00.000Z,text,4892,5015,,
fragments/1,Ressourcen/Anerkennung,cf30ac49f,Verwaltung-4,Demo,2026,Interview Verwaltung-4,ITEMVERW400,ATTAVERW400,Verwaltung-4.txt,4,DEMO0230,highlight,#2ea8e5,Auszug 0230,,1,#Code Ressourcen/Anerkennung,ann,2026-06-12T05:24:00.000Z,2026-06-12T05:24:00.000Z,2026-06-12T05:24:00.000Z,text,5043,5216,,
fragments/1,Ressourcen/Anerkennung,cf30ac49f,Verwaltung-4,Demo,2026,Interview Verwaltung-4,ITEMVERW400,ATTAVERW400,Verwaltung-4.txt,4,DEMO0230,highlight,#2ea8e5,Auszug 0230,,1,#Code Ressourcen/Anerkennung,bob,2026-06-12T05:24:00.000Z,2026-06-12T05:24:00.000Z,2026-06-12T05:24:00.000Z,text,5043,5216,,
fragments/1,Bewältigung/Distanz,c0bac907c,Verwaltung-4,Demo,2026,Interview Verwaltung-4,ITEMVERW400,ATTAVERW400,Verwaltung-4.txt,4,DEMO0231,highlight,#5fb236,Auszug 0231,,1,#Code Bewältigung/Distanz,ann,2026-06-12T05:47:00.000Z,2026-06-12T05:47:00.000Z,2026-06-12T05:47:00.000Z,text,5278,5349,,
fragments/1,Bewältigung/Sport,c63f43352,Verwaltung-4,Demo,2026,Interview Verwaltung-4,ITEMVERW400,ATTAVERW400,Verwaltung-4.txt,4,DEMO0231,highlight,#5fb236,Auszug 0231,,1,#Code Bewältigung/Sport,bob,2026-06-12T05:47:00.000Z,2026-06-12T05:47:00.000Z,2026-06-12T05:47:00.000Z,text,5278,5349,,
fragments/1,Belastung/Zeitdruck,ca94d6b9f,Verwaltung-4,Demo,2026,Interview Verwaltung-4,ITEMVERW400,ATTAVERW400,Verwaltung-4.txt,4,DEMO0232,highlight,#ff6666,Auszug 0232,,1,#Code Belastung/Zeitdruck,ann,2026-06-12T05:58:00.000Z,2026-06-12T05:58:00.000Z,2026-06-12T05:58:00.000Z,text,5389,5455,,
fragments/1,Belastung/Zeitdruck,ca94d6b9f,Verwaltung-4,Demo,2026,Interview Verwaltung-4,ITEMVERW400,ATTAVERW400,Verwaltung-4.txt,4,DEMO0232,highlight,#ff6666,Auszug 0232,,1,#Code Belastung/Zeitdruck,bob,2026-06-12T05:58:00.000Z,2026-06-12T05:58:00.000Z,2026-06-12T05:58:00.000Z,text,5389,5455,,
